symbol,number,multiplicity,wyckoff,site_symmetry,coordinates
P 1,1,1.0,a,1,"(x,y,z)"
P -1,2,2.0,i,1,"(x,y,z) (-x,-y,-z)"
P -1,2,1.0,h,-1,"(1/2,1/2,1/2)"
P -1,2,1.0,g,-1,"(0,1/2,1/2)"
P -1,2,1.0,f,-1,"(1/2,0,1/2)"
P -1,2,1.0,e,-1,"(1/2,1/2,0)"
P -1,2,1.0,d,-1,"(1/2,0,0)"
P -1,2,1.0,c,-1,"(0,1/2,0)"
P -1,2,1.0,b,-1,"(0,0,1/2)"
P -1,2,1.0,a,-1,"(0,0,0)"
P 1 2 1,3,2.0,e,1,"(x,y,z) (-x,y,-z)"
P 1 2 1,3,1.0,d,2,"(1/2,y,1/2)"
P 1 2 1,3,1.0,c,2,"(1/2,y,0)"
P 1 2 1,3,1.0,b,2,"(0,y,1/2)"
P 1 2 1,3,1.0,a,2,"(0,y,0)"
P 1 1 2,4,2.0,e,1,"(x,y,z) (-x,-y,z)"
P 1 1 2,4,1.0,d,2,"(1/2,1/2,z)"
P 1 1 2,4,1.0,c,2,"(0,1/2,z)"
P 1 1 2,4,1.0,b,2,"(1/2,0,z)"
P 1 1 2,4,1.0,a,2,"(0,0,z)"
P 2 1 1,5,2.0,e,1,"(x,y,z) (x,-y,-z)"
P 2 1 1,5,1.0,d,2,"(x,1/2,1/2)"
P 2 1 1,5,1.0,c,2,"(x,0,1/2)"
P 2 1 1,5,1.0,b,2,"(x,1/2,0)"
P 2 1 1,5,1.0,a,2,"(x,0,0)"
P 1 2_1 1,6,2.0,a,1,"(x,y,z) (-x,y+1/2,-z)"
P 1 1 2_1,7,2.0,a,1,"(x,y,z) (-x,-y,z+1/2)"
P 2_1 1 1,8,2.0,a,1,"(x,y,z) (x+1/2,-y,-z)"
C 1 2 1,9,4.0,c,1,"(x,y,z) (-x,y,-z)"
C 1 2 1,9,2.0,b,2,"(0,y,1/2)"
C 1 2 1,9,2.0,a,2,"(0,y,0)"
A 1 2 1,10,4.0,c,1,"(x,y,z) (-x,y,-z)"
A 1 2 1,10,2.0,b,2,"(1/2,y,0)"
A 1 2 1,10,2.0,a,2,"(0,y,0)"
I 1 2 1,11,4.0,c,1,"(x,y,z) (-x,y,-z)"
I 1 2 1,11,2.0,b,2,"(1/2,y,0)"
I 1 2 1,11,2.0,a,2,"(0,y,0)"
A 1 1 2,12,4.0,c,1,"(x,y,z) (-x,-y,z)"
A 1 1 2,12,2.0,b,2,"(1/2,0,z)"
A 1 1 2,12,2.0,a,2,"(0,0,z)"
B 1 1 2,13,4.0,c,1,"(x,y,z) (-x,-y,z)"
B 1 1 2,13,2.0,b,2,"(0,1/2,z)"
B 1 1 2,13,2.0,a,2,"(0,0,z)"
I 1 1 2,14,4.0,c,1,"(x,y,z) (-x,-y,z)"
I 1 1 2,14,2.0,b,2,"(0,1/2,z)"
I 1 1 2,14,2.0,a,2,"(0,0,z)"
B 2 1 1,15,4.0,c,1,"(x,y,z) (x,-y,-z)"
B 2 1 1,15,2.0,b,2,"(x,1/2,0)"
B 2 1 1,15,2.0,a,2,"(x,0,0)"
C 2 1 1,16,4.0,c,1,"(x,y,z) (x,-y,-z)"
C 2 1 1,16,2.0,b,2,"(x,0,1/2)"
C 2 1 1,16,2.0,a,2,"(x,0,0)"
I 2 1 1,17,4.0,c,1,"(x,y,z) (x,-y,-z)"
I 2 1 1,17,2.0,b,2,"(x,0,1/2)"
I 2 1 1,17,2.0,a,2,"(x,0,0)"
P 1 m 1,18,2.0,c,1,"(x,y,z) (x,-y,z)"
P 1 m 1,18,1.0,b,m,"(x,1/2,z)"
P 1 m 1,18,1.0,a,m,"(x,0,z)"
P 1 1 m,19,2.0,c,1,"(x,y,z) (x,y,-z)"
P 1 1 m,19,1.0,b,m,"(x,y,1/2)"
P 1 1 m,19,1.0,a,m,"(x,y,0)"
P m 1 1,20,2.0,c,1,"(x,y,z) (-x,y,z)"
P m 1 1,20,1.0,b,m,"(1/2,y,z)"
P m 1 1,20,1.0,a,m,"(0,y,z)"
P 1 c 1,21,2.0,a,1,"(x,y,z) (x,-y,z+1/2)"
P 1 n 1,22,2.0,a,1,"(x,y,z) (x+1/2,-y,z+1/2)"
P 1 a 1,23,2.0,a,1,"(x,y,z) (x+1/2,-y,z)"
P 1 1 a,24,2.0,a,1,"(x,y,z) (x+1/2,y,-z)"
P 1 1 n,25,2.0,a,1,"(x,y,z) (x+1/2,y+1/2,-z)"
P 1 1 b,26,2.0,a,1,"(x,y,z) (-x,y,z+1/2)"
P b 1 1,27,2.0,a,1,"(x,y,z) (-x,y+1/2,z)"
P n 1 1,28,2.0,a,1,"(x,y,z) (-x,y+1/2,z+1/2)"
P c 1 1,29,2.0,a,1,"(x,y,z) (-x,y,z+1/2)"
C 1 m 1,30,4.0,b,1,"(x,y,z) (x,-y,z)"
C 1 m 1,30,2.0,a,m,"(x,0,z)"
A 1 m 1,31,4.0,b,1,"(x,y,z) (x,-y,z)"
A 1 m 1,31,2.0,a,m,"(x,0,z)"
I 1 m 1,32,4.0,b,1,"(x,y,z) (x,-y,z)"
I 1 m 1,32,2.0,a,m,"(x,0,z)"
A 1 1 m,33,4.0,b,1,"(x,y,z) (x,y,-z)"
A 1 1 m,33,2.0,a,m,"(x,y,0)"
B 1 1 m,34,4.0,b,1,"(x,y,z) (x,y,-z)"
B 1 1 m,34,2.0,a,m,"(x,y,0)"
I 1 1 m,35,4.0,b,1,"(x,y,z) (x,y,-z)"
I 1 1 m,35,2.0,a,m,"(x,y,0)"
B m 1 1,36,4.0,b,1,"(x,y,z) (-x,y,z)"
B m 1 1,36,2.0,a,m,"(0,y,z)"
C m 1 1,37,4.0,b,1,"(x,y,z) (-x,y,z)"
C m 1 1,37,2.0,a,m,"(0,y,z)"
I m 1 1,38,4.0,b,1,"(x,y,z) (-x,y,z)"
I m 1 1,38,2.0,a,m,"(0,y,z)"
C 1 c 1,39,4.0,a,1,"(x,y,z) (x,-y,z+1/2)"
A 1 n 1,40,4.0,a,1,"(x,y,z) (x+1/2,-y,z+1/2)"
I 1 a 1,41,4.0,a,1,"(x,y,z) (x+1/2,-y,z)"
A 1 a 1,42,4.0,a,1,"(x,y,z) (x+1/2,-y,z)"
C 1 n 1,43,4.0,a,1,"(x,y,z) (x+1/2,-y,z+1/2)"
I 1 c 1,44,4.0,a,1,"(x,y,z) (x,-y,z+1/2)"
A 1 1 a,45,4.0,a,1,"(x,y,z) (x+1/2,y,-z)"
B 1 1 n,46,4.0,a,1,"(x,y,z) (x+1/2,y+1/2,-z)"
I 1 1 b,47,4.0,a,1,"(x,y,z) (x,y+1/2,-z)"
B 1 1 b,48,4.0,a,1,"(x,y,z) (x,y+1/2,-z)"
A 1 1 n,49,4.0,a,1,"(x,y,z) (x+1/2,y+1/2,-z)"
I 1 1 a,50,4.0,a,1,"(x,y,z) (x+1/2,y,-z)"
B b 1 1,51,4.0,a,1,"(x,y,z) (-x,y+1/2,z)"
C n 1 1,52,4.0,a,1,"(x,y,z) (-x,y+1/2,z+1/2)"
I c 1 1,53,4.0,a,1,"(x,y,z) (-x,y,z+1/2)"
C c 1 1,54,4.0,a,1,"(x,y,z) (-x,y,z+1/2)"
B n 1 1,55,4.0,a,1,"(x,y,z) (-x,y+1/2,z+1/2)"
I b 1 1,56,4.0,a,1,"(x,y,z) (-x,y+1/2,z)"
P 1 2/m 1,57,4.0,o,1,"(x,y,z) (-x,y,-z) (-x,-y,-z) (x,-y,z)"
P 1 2/m 1,57,2.0,n,m,"(x,1/2,z) (-x,1/2,-z)"
P 1 2/m 1,57,2.0,m,m,"(x,0,z) (-x,0,-z)"
P 1 2/m 1,57,2.0,l,2,"(1/2,y,1/2) (1/2,-y,1/2)"
P 1 2/m 1,57,2.0,k,2,"(0,y,1/2) (0,-y,1/2)"
P 1 2/m 1,57,2.0,j,2,"(1/2,y,0) (1/2,-y,0)"
P 1 2/m 1,57,2.0,i,2,"(0,y,0) (0,-y,0)"
P 1 2/m 1,57,1.0,h,2/m,"(1/2,1/2,1/2)"
P 1 2/m 1,57,1.0,g,2/m,"(1/2,0,1/2)"
P 1 2/m 1,57,1.0,f,2/m,"(0,1/2,1/2)"
P 1 2/m 1,57,1.0,e,2/m,"(1/2,1/2,0)"
P 1 2/m 1,57,1.0,d,2/m,"(1/2,0,0)"
P 1 2/m 1,57,1.0,c,2/m,"(0,0,1/2)"
P 1 2/m 1,57,1.0,b,2/m,"(0,1/2,0)"
P 1 2/m 1,57,1.0,a,2/m,"(0,0,0)"
P 1 1 2/m,58,4.0,o,1,"(x,y,z) (-x,-y,z) (-x,-y,-z) (x,y,-z)"
P 1 1 2/m,58,2.0,n,m,"(x,y,1/2) (-x,-y,1/2)"
P 1 1 2/m,58,2.0,m,m,"(x,y,0) (-x,-y,0)"
P 1 1 2/m,58,2.0,l,2,"(1/2,1/2,z) (1/2,1/2,-z)"
P 1 1 2/m,58,2.0,k,2,"(1/2,0,z) (1/2,0,-z)"
P 1 1 2/m,58,2.0,j,2,"(0,1/2,z) (0,1/2,-z)"
P 1 1 2/m,58,2.0,i,2,"(0,0,z) (0,0,-z)"
P 1 1 2/m,58,1.0,h,2/m,"(1/2,1/2,1/2)"
P 1 1 2/m,58,1.0,g,2/m,"(1/2,1/2,0)"
P 1 1 2/m,58,1.0,f,2/m,"(1/2,0,1/2)"
P 1 1 2/m,58,1.0,e,2/m,"(0,1/2,1/2)"
P 1 1 2/m,58,1.0,d,2/m,"(0,1/2,0)"
P 1 1 2/m,58,1.0,c,2/m,"(1/2,0,0)"
P 1 1 2/m,58,1.0,b,2/m,"(0,0,1/2)"
P 1 1 2/m,58,1.0,a,2/m,"(0,0,0)"
P 2/m 1 1,59,4.0,o,1,"(x,y,z) (x,-y,-z) (-x,-y,-z) (-x,y,z)"
P 2/m 1 1,59,2.0,n,m,"(1/2,y,z) (1/2,-y,-z)"
P 2/m 1 1,59,2.0,m,m,"(0,y,z) (0,-y,-z)"
P 2/m 1 1,59,2.0,l,2,"(x,1/2,1/2) (-x,1/2,1/2)"
P 2/m 1 1,59,2.0,k,2,"(x,1/2,0) (-x,1/2,0)"
P 2/m 1 1,59,2.0,j,2,"(x,0,1/2) (-x,0,1/2)"
P 2/m 1 1,59,2.0,i,2,"(x,0,0) (-x,0,0)"
P 2/m 1 1,59,1.0,h,2/m,"(1/2,1/2,1/2)"
P 2/m 1 1,59,1.0,g,2/m,"(0,1/2,1/2)"
P 2/m 1 1,59,1.0,f,2/m,"(1/2,1/2,0)"
P 2/m 1 1,59,1.0,e,2/m,"(1/2,0,1/2)"
P 2/m 1 1,59,1.0,d,2/m,"(0,0,1/2)"
P 2/m 1 1,59,1.0,c,2/m,"(0,1/2,0)"
P 2/m 1 1,59,1.0,b,2/m,"(1/2,0,0)"
P 2/m 1 1,59,1.0,a,2/m,"(0,0,0)"
P 1 2_1/m 1,60,4.0,f,1,"(x,y,z) (-x,y+1/2,-z) (-x,-y,-z) (x,-y+1/2,z)"
P 1 2_1/m 1,60,2.0,e,m,"(x,1/4,z) (-x,3/4,-z)"
P 1 2_1/m 1,60,2.0,d,-1,"(1/2,0,1/2) (1/2,1/2,1/2)"
P 1 2_1/m 1,60,2.0,c,-1,"(0,0,1/2) (0,1/2,1/2)"
P 1 2_1/m 1,60,2.0,b,-1,"(1/2,0,0) (1/2,1/2,0)"
P 1 2_1/m 1,60,2.0,a,-1,"(0,0,0) (0,1/2,0)"
P 1 1 2_1/m,61,4.0,f,1,"(x,y,z) (-x,-y,z+1/2) (-x,-y,-z) (x,y,-z+1/2)"
P 1 1 2_1/m,61,2.0,e,m,"(x,y,1/4) (-x,-y,3/4)"
P 1 1 2_1/m,61,2.0,d,-1,"(1/2,1/2,0) (1/2,1/2,1/2)"
P 1 1 2_1/m,61,2.0,c,-1,"(1/2,0,0) (1/2,0,1/2)"
P 1 1 2_1/m,61,2.0,b,-1,"(0,1/2,0) (0,1/2,1/2)"
P 1 1 2_1/m,61,2.0,a,-1,"(0,0,0) (0,0,1/2)"
P 2_1/m 1 1,62,4.0,f,1,"(x,y,z) (x+1/2,-y,-z) (-x,-y,-z) (-x+1/2,y,z)"
P 2_1/m 1 1,62,2.0,e,m,"(1/4,y,z) (3/4,-y,-z)"
P 2_1/m 1 1,62,2.0,d,-1,"(0,1/2,1/2) (1/2,1/2,1/2)"
P 2_1/m 1 1,62,2.0,c,-1,"(0,1/2,0) (1/2,1/2,0)"
P 2_1/m 1 1,62,2.0,b,-1,"(0,0,1/2) (1/2,0,1/2)"
P 2_1/m 1 1,62,2.0,a,-1,"(0,0,0) (1/2,0,0)"
C 1 2/m 1,63,8.0,j,1,"(x,y,z) (-x,y,-z) (-x,-y,-z) (x,-y,z)"
C 1 2/m 1,63,4.0,i,m,"(x,0,z) (-x,0,-z)"
C 1 2/m 1,63,4.0,h,2,"(0,y,1/2) (0,-y,1/2)"
C 1 2/m 1,63,4.0,g,2,"(0,y,0) (0,-y,0)"
C 1 2/m 1,63,4.0,f,-1,"(1/4,1/4,1/2) (3/4,1/4,1/2)"
C 1 2/m 1,63,4.0,e,-1,"(1/4,1/4,0) (3/4,1/4,0)"
C 1 2/m 1,63,2.0,d,2/m,"(0,1/2,1/2)"
C 1 2/m 1,63,2.0,c,2/m,"(0,0,1/2)"
C 1 2/m 1,63,2.0,b,2/m,"(0,1/2,0)"
C 1 2/m 1,63,2.0,a,2/m,"(0,0,0)"
A 1 2/m 1,64,8.0,j,1,"(x,y,z) (-x,y,-z) (-x,-y,-z) (x,-y,z)"
A 1 2/m 1,64,4.0,i,m,"(x,0,z) (-x,0,-z)"
A 1 2/m 1,64,4.0,h,2,"(1/2,y,0) (1/2,-y,0)"
A 1 2/m 1,64,4.0,g,2,"(0,y,0) (0,-y,0)"
A 1 2/m 1,64,4.0,f,-1,"(1/2,1/4,1/4) (1/2,1/4,3/4)"
A 1 2/m 1,64,4.0,e,-1,"(0,1/4,1/4) (0,1/4,3/4)"
A 1 2/m 1,64,2.0,d,2/m,"(1/2,1/2,0)"
A 1 2/m 1,64,2.0,c,2/m,"(1/2,0,0)"
A 1 2/m 1,64,2.0,b,2/m,"(0,1/2,0)"
A 1 2/m 1,64,2.0,a,2/m,"(0,0,0)"
I 1 2/m 1,65,8.0,j,1,"(x,y,z) (-x,y,-z) (-x,-y,-z) (x,-y,z)"
I 1 2/m 1,65,4.0,i,m,"(x,0,z) (-x,0,-z)"
I 1 2/m 1,65,4.0,h,2,"(0,y,1/2) (0,-y,1/2)"
I 1 2/m 1,65,4.0,g,2,"(0,y,0) (0,-y,0)"
I 1 2/m 1,65,4.0,f,-1,"(1/4,1/4,3/4) (3/4,1/4,1/4)"
I 1 2/m 1,65,4.0,e,-1,"(1/4,1/4,1/4) (3/4,1/4,3/4)"
I 1 2/m 1,65,2.0,d,2/m,"(0,1/2,1/2)"
I 1 2/m 1,65,2.0,c,2/m,"(0,0,1/2)"
I 1 2/m 1,65,2.0,b,2/m,"(0,1/2,0)"
I 1 2/m 1,65,2.0,a,2/m,"(0,0,0)"
A 1 1 2/m,66,8.0,j,1,"(x,y,z) (-x,-y,z) (-x,-y,-z) (x,y,-z)"
A 1 1 2/m,66,4.0,i,m,"(x,y,0) (-x,-y,0)"
A 1 1 2/m,66,4.0,h,2,"(1/2,0,z) (1/2,0,-z)"
A 1 1 2/m,66,4.0,g,2,"(0,0,z) (0,0,-z)"
A 1 1 2/m,66,4.0,f,-1,"(1/2,1/4,1/4) (1/2,3/4,1/4)"
A 1 1 2/m,66,4.0,e,-1,"(0,1/4,1/4) (0,3/4,1/4)"
A 1 1 2/m,66,2.0,d,2/m,"(1/2,0,1/2)"
A 1 1 2/m,66,2.0,c,2/m,"(1/2,0,0)"
A 1 1 2/m,66,2.0,b,2/m,"(0,0,1/2)"
A 1 1 2/m,66,2.0,a,2/m,"(0,0,0)"
B 1 1 2/m,67,8.0,j,1,"(x,y,z) (-x,-y,z) (-x,-y,-z) (x,y,-z)"
B 1 1 2/m,67,4.0,i,m,"(x,y,0) (-x,-y,0)"
B 1 1 2/m,67,4.0,h,2,"(0,1/2,z) (0,1/2,-z)"
B 1 1 2/m,67,4.0,g,2,"(0,0,z) (0,0,-z)"
B 1 1 2/m,67,4.0,f,-1,"(1/4,1/2,1/4) (3/4,1/2,1/4)"
B 1 1 2/m,67,4.0,e,-1,"(1/4,0,1/4) (3/4,0,1/4)"
B 1 1 2/m,67,2.0,d,2/m,"(0,1/2,1/2)"
B 1 1 2/m,67,2.0,c,2/m,"(0,1/2,0)"
B 1 1 2/m,67,2.0,b,2/m,"(0,0,1/2)"
B 1 1 2/m,67,2.0,a,2/m,"(0,0,0)"
I 1 1 2/m,68,8.0,j,1,"(x,y,z) (-x,-y,z) (-x,-y,-z) (x,y,-z)"
I 1 1 2/m,68,4.0,i,m,"(x,y,0) (-x,-y,0)"
I 1 1 2/m,68,4.0,h,2,"(1/2,0,z) (1/2,0,-z)"
I 1 1 2/m,68,4.0,g,2,"(0,0,z) (0,0,-z)"
I 1 1 2/m,68,4.0,f,-1,"(3/4,1/4,1/4) (1/4,3/4,1/4)"
I 1 1 2/m,68,4.0,e,-1,"(1/4,1/4,1/4) (3/4,3/4,1/4)"
I 1 1 2/m,68,2.0,d,2/m,"(1/2,0,1/2)"
I 1 1 2/m,68,2.0,c,2/m,"(1/2,0,0)"
I 1 1 2/m,68,2.0,b,2/m,"(0,0,1/2)"
I 1 1 2/m,68,2.0,a,2/m,"(0,0,0)"
B 2/m 1 1,69,8.0,j,1,"(x,y,z) (x,-y,-z) (-x,-y,-z) (-x,y,z)"
B 2/m 1 1,69,4.0,i,m,"(0,y,z) (0,-y,-z)"
B 2/m 1 1,69,4.0,h,2,"(x,1/2,0) (-x,1/2,0)"
B 2/m 1 1,69,4.0,g,2,"(x,0,0) (-x,0,0)"
B 2/m 1 1,69,4.0,f,-1,"(1/4,1/2,1/4) (1/4,1/2,3/4)"
B 2/m 1 1,69,4.0,e,-1,"(1/4,0,1/4) (1/4,0,3/4)"
B 2/m 1 1,69,2.0,d,2/m,"(1/2,1/2,0)"
B 2/m 1 1,69,2.0,c,2/m,"(0,1/2,0)"
B 2/m 1 1,69,2.0,b,2/m,"(1/2,0,0)"
B 2/m 1 1,69,2.0,a,2/m,"(0,0,0)"
C 2/m 1 1,70,8.0,j,1,"(x,y,z) (x,-y,-z) (-x,-y,-z) (-x,y,z)"
C 2/m 1 1,70,4.0,i,m,"(0,y,z) (0,-y,-z)"
C 2/m 1 1,70,4.0,h,2,"(x,0,1/2) (-x,0,1/2)"
C 2/m 1 1,70,4.0,g,2,"(x,0,0) (-x,0,0)"
C 2/m 1 1,70,4.0,f,-1,"(1/4,1/4,1/2) (1/4,3/4,1/2)"
C 2/m 1 1,70,4.0,e,-1,"(1/4,1/4,0) (1/4,3/4,0)"
C 2/m 1 1,70,2.0,d,2/m,"(1/2,0,1/2)"
C 2/m 1 1,70,2.0,c,2/m,"(0,0,1/2)"
C 2/m 1 1,70,2.0,b,2/m,"(1/2,0,0)"
C 2/m 1 1,70,2.0,a,2/m,"(0,0,0)"
I 2/m 1 1,71,8.0,j,1,"(x,y,z) (x,-y,-z) (-x,-y,-z) (-x,y,z)"
I 2/m 1 1,71,4.0,i,m,"(0,y,z) (0,-y,-z)"
I 2/m 1 1,71,4.0,h,2,"(x,1/2,0) (-x,1/2,0)"
I 2/m 1 1,71,4.0,g,2,"(x,0,0) (-x,0,0)"
I 2/m 1 1,71,4.0,f,-1,"(1/4,3/4,1/4) (1/4,1/4,3/4)"
I 2/m 1 1,71,4.0,e,-1,"(1/4,1/4,1/4) (1/4,3/4,3/4)"
I 2/m 1 1,71,2.0,d,2/m,"(1/2,1/2,0)"
I 2/m 1 1,71,2.0,c,2/m,"(0,1/2,0)"
I 2/m 1 1,71,2.0,b,2/m,"(1/2,0,0)"
I 2/m 1 1,71,2.0,a,2/m,"(0,0,0)"
P 1 2/c 1,72,4.0,g,1,"(x,y,z) (-x,y,-z+1/2) (-x,-y,-z) (x,-y,z+1/2)"
P 1 2/c 1,72,2.0,f,2,"(1/2,y,1/4) (1/2,-y,3/4)"
P 1 2/c 1,72,2.0,e,2,"(0,y,1/4) (0,-y,3/4)"
P 1 2/c 1,72,2.0,d,-1,"(1/2,0,0) (1/2,0,1/2)"
P 1 2/c 1,72,2.0,c,-1,"(0,1/2,0) (0,1/2,1/2)"
P 1 2/c 1,72,2.0,b,-1,"(1/2,1/2,0) (1/2,1/2,1/2)"
P 1 2/c 1,72,2.0,a,-1,"(0,0,0) (0,0,1/2)"
P 1 2/n 1,73,4.0,g,1,"(x,y,z) (-x+1/2,y,-z+1/2) (-x,-y,-z) (x+1/2,-y,z+1/2)"
P 1 2/n 1,73,2.0,f,2,"(3/4,y,1/4) (1/4,-y,3/4)"
P 1 2/n 1,73,2.0,e,2,"(1/4,y,1/4) (3/4,-y,3/4)"
P 1 2/n 1,73,2.0,d,-1,"(1/2,0,0) (0,0,1/2)"
P 1 2/n 1,73,2.0,c,-1,"(0,1/2,0) (1/2,1/2,1/2)"
P 1 2/n 1,73,2.0,b,-1,"(1/2,1/2,0) (0,1/2,1/2)"
P 1 2/n 1,73,2.0,a,-1,"(0,0,0) (1/2,0,1/2)"
P 1 2/a 1,74,4.0,g,1,"(x,y,z) (-x+1/2,y,-z) (-x,-y,-z) (x+1/2,-y,z)"
P 1 2/a 1,74,2.0,f,2,"(3/4,y,1/2) (1/4,-y,1/2)"
P 1 2/a 1,74,2.0,e,2,"(3/4,y,0) (1/4,-y,0)"
P 1 2/a 1,74,2.0,d,-1,"(0,0,1/2) (1/2,0,1/2)"
P 1 2/a 1,74,2.0,c,-1,"(0,1/2,0) (1/2,1/2,0)"
P 1 2/a 1,74,2.0,b,-1,"(0,1/2,1/2) (1/2,1/2,1/2)"
P 1 2/a 1,74,2.0,a,-1,"(0,0,0) (1/2,0,0)"
P 1 1 2/a,75,4.0,g,1,"(x,y,z) (-x+1/2,-y,z) (-x,-y,-z) (x+1/2,y,-z)"
P 1 1 2/a,75,2.0,f,2,"(1/4,1/2,z) (3/4,1/2,-z)"
P 1 1 2/a,75,2.0,e,2,"(1/4,0,z) (3/4,0,-z)"
P 1 1 2/a,75,2.0,d,-1,"(0,1/2,0) (1/2,1/2,0)"
P 1 1 2/a,75,2.0,c,-1,"(0,0,1/2) (1/2,0,1/2)"
P 1 1 2/a,75,2.0,b,-1,"(0,1/2,1/2) (1/2,1/2,1/2)"
P 1 1 2/a,75,2.0,a,-1,"(0,0,0) (1/2,0,0)"
P 1 1 2/n,76,4.0,g,1,"(x,y,z) (-x+1/2,-y+1/2,z) (-x,-y,-z) (x+1/2,y+1/2,-z)"
P 1 1 2/n,76,2.0,f,2,"(1/4,3/4,z) (3/4,1/4,-z)"
P 1 1 2/n,76,2.0,e,2,"(1/4,1/4,z) (3/4,3/4,-z)"
P 1 1 2/n,76,2.0,d,-1,"(0,1/2,0) (1/2,0,0)"
P 1 1 2/n,76,2.0,c,-1,"(0,0,1/2) (1/2,1/2,1/2)"
P 1 1 2/n,76,2.0,b,-1,"(0,1/2,1/2) (1/2,0,1/2)"
P 1 1 2/n,76,2.0,a,-1,"(0,0,0) (1/2,1/2,0)"
P 1 1 2/b,77,4.0,g,1,"(x,y,z) (-x,-y+1/2,z) (-x,-y,-z) (x,y+1/2,-z)"
P 1 1 2/b,77,2.0,f,2,"(1/2,3/4,z) (1/2,1/4,-z)"
P 1 1 2/b,77,2.0,e,2,"(0,3/4,z) (0,1/4,-z)"
P 1 1 2/b,77,2.0,d,-1,"(1/2,0,0) (1/2,1/2,0)"
P 1 1 2/b,77,2.0,c,-1,"(0,0,1/2) (0,1/2,1/2)"
P 1 1 2/b,77,2.0,b,-1,"(1/2,0,1/2) (1/2,1/2,1/2)"
P 1 1 2/b,77,2.0,a,-1,"(0,0,0) (0,1/2,0)"
P 2/b 1 1,78,4.0,g,1,"(x,y,z) (x,-y+1/2,-z) (-x,-y,-z) (-x,y+1/2,z)"
P 2/b 1 1,78,2.0,f,2,"(x,1/4,1/2) (-x,3/4,1/2)"
P 2/b 1 1,78,2.0,e,2,"(x,1/4,0) (-x,3/4,0)"
P 2/b 1 1,78,2.0,d,-1,"(0,0,1/2) (0,1/2,1/2)"
P 2/b 1 1,78,2.0,c,-1,"(1/2,0,0) (1/2,1/2,0)"
P 2/b 1 1,78,2.0,b,-1,"(1/2,0,1/2) (1/2,1/2,1/2)"
P 2/b 1 1,78,2.0,a,-1,"(0,0,0) (0,1/2,0)"
P 2/n 1 1,79,4.0,g,1,"(x,y,z) (x,-y+1/2,-z+1/2) (-x,-y,-z) (-x,y+1/2,z+1/2)"
P 2/n 1 1,79,2.0,f,2,"(x,1/4,3/4) (-x,3/4,1/4)"
P 2/n 1 1,79,2.0,e,2,"(x,1/4,1/4) (-x,3/4,3/4)"
P 2/n 1 1,79,2.0,d,-1,"(0,0,1/2) (0,1/2,0)"
P 2/n 1 1,79,2.0,c,-1,"(1/2,0,0) (1/2,1/2,1/2)"
P 2/n 1 1,79,2.0,b,-1,"(1/2,0,1/2) (1/2,1/2,0)"
P 2/n 1 1,79,2.0,a,-1,"(0,0,0) (0,1/2,1/2)"
P 2/c 1 1,80,4.0,g,1,"(x,y,z) (x,-y,-z+1/2) (-x,-y,-z) (-x,y,z+1/2)"
P 2/c 1 1,80,2.0,f,2,"(x,1/2,3/4) (-x,1/2,1/4)"
P 2/c 1 1,80,2.0,e,2,"(x,0,3/4) (-x,0,1/4)"
P 2/c 1 1,80,2.0,d,-1,"(0,1/2,0) (0,1/2,1/2)"
P 2/c 1 1,80,2.0,c,-1,"(1/2,0,0) (1/2,0,1/2)"
P 2/c 1 1,80,2.0,b,-1,"(1/2,1/2,0) (1/2,1/2,1/2)"
P 2/c 1 1,80,2.0,a,-1,"(0,0,0) (0,0,1/2)"
P 1 2_1/c 1,81,4.0,e,1,"(x,y,z) (-x,y+1/2,-z+1/2) (-x,-y,-z) (x,-y+1/2,z+1/2)"
P 1 2_1/c 1,81,2.0,d,-1,"(1/2,0,1/2) (1/2,1/2,0)"
P 1 2_1/c 1,81,2.0,c,-1,"(0,0,1/2) (0,1/2,0)"
P 1 2_1/c 1,81,2.0,b,-1,"(1/2,0,0) (1/2,1/2,1/2)"
P 1 2_1/c 1,81,2.0,a,-1,"(0,0,0) (0,1/2,1/2)"
P 1 2_1/n 1,82,4.0,e,1,"(x,y,z) (-x+1/2,y+1/2,-z+1/2) (-x,-y,-z) (x+1/2,-y+1/2,z+1/2)"
P 1 2_1/n 1,82,2.0,d,-1,"(0,0,1/2) (1/2,1/2,0)"
P 1 2_1/n 1,82,2.0,c,-1,"(1/2,0,1/2) (0,1/2,0)"
P 1 2_1/n 1,82,2.0,b,-1,"(1/2,0,0) (0,1/2,1/2)"
P 1 2_1/n 1,82,2.0,a,-1,"(0,0,0) (1/2,1/2,1/2)"
P 1 2_1/a 1,83,4.0,e,1,"(x,y,z) (-x+1/2,y+1/2,-z) (-x,-y,-z) (x+1/2,-y+1/2,z)"
P 1 2_1/a 1,83,2.0,d,-1,"(1/2,0,1/2) (0,1/2,1/2)"
P 1 2_1/a 1,83,2.0,c,-1,"(1/2,0,0) (0,1/2,0)"
P 1 2_1/a 1,83,2.0,b,-1,"(0,0,1/2) (1/2,1/2,1/2)"
P 1 2_1/a 1,83,2.0,a,-1,"(0,0,0) (1/2,1/2,0)"
P 1 1 2_1/a,84,4.0,e,1,"(x,y,z) (-x+1/2,-y,z+1/2) (-x,-y,-z) (x+1/2,y,-z+1/2)"
P 1 1 2_1/a,84,2.0,d,-1,"(1/2,1/2,0) (0,1/2,1/2)"
P 1 1 2_1/a,84,2.0,c,-1,"(1/2,0,0) (0,0,1/2)"
P 1 1 2_1/a,84,2.0,b,-1,"(0,1/2,0) (1/2,1/2,1/2)"
P 1 1 2_1/a,84,2.0,a,-1,"(0,0,0) (1/2,0,1/2)"
P 1 1 2_1/n,85,4.0,e,1,"(x,y,z) (-x+1/2,-y+1/2,z+1/2) (-x,-y,-z) (x+1/2,y+1/2,-z+1/2)"
P 1 1 2_1/n,85,2.0,d,-1,"(1/2,0,0) (0,1/2,1/2)"
P 1 1 2_1/n,85,2.0,c,-1,"(1/2,1/2,0) (0,0,1/2)"
P 1 1 2_1/n,85,2.0,b,-1,"(0,1/2,0) (1/2,0,1/2)"
P 1 1 2_1/n,85,2.0,a,-1,"(0,0,0) (1/2,1/2,1/2)"
P 1 1 2_1/b,86,4.0,e,1,"(x,y,z) (-x,-y+1/2,z+1/2) (-x,-y,-z) (x,y+1/2,-z+1/2)"
P 1 1 2_1/b,86,2.0,d,-1,"(1/2,1/2,0) (1/2,0,1/2)"
P 1 1 2_1/b,86,2.0,c,-1,"(0,1/2,0) (0,0,1/2)"
P 1 1 2_1/b,86,2.0,b,-1,"(1/2,0,0) (1/2,1/2,1/2)"
P 1 1 2_1/b,86,2.0,a,-1,"(0,0,0) (0,1/2,1/2)"
P 2_1/b 1 1,87,4.0,e,1,"(x,y,z) (x+1/2,-y+1/2,-z) (-x,-y,-z) (-x+1/2,y+1/2,z)"
P 2_1/b 1 1,87,2.0,d,-1,"(0,1/2,1/2) (1/2,0,1/2)"
P 2_1/b 1 1,87,2.0,c,-1,"(0,1/2,0) (1/2,0,0)"
P 2_1/b 1 1,87,2.0,b,-1,"(0,0,1/2) (1/2,1/2,1/2)"
P 2_1/b 1 1,87,2.0,a,-1,"(0,0,0) (1/2,1/2,0)"
P 2_1/n 1 1,88,4.0,e,1,"(x,y,z) (x+1/2,-y+1/2,-z+1/2) (-x,-y,-z) (-x+1/2,y+1/2,z+1/2)"
P 2_1/n 1 1,88,2.0,d,-1,"(0,1/2,0) (1/2,0,1/2)"
P 2_1/n 1 1,88,2.0,c,-1,"(0,1/2,1/2) (1/2,0,0)"
P 2_1/n 1 1,88,2.0,b,-1,"(0,0,1/2) (1/2,1/2,0)"
P 2_1/n 1 1,88,2.0,a,-1,"(0,0,0) (1/2,1/2,1/2)"
P 2_1/c 1 1,89,4.0,e,1,"(x,y,z) (x+1/2,-y,-z+1/2) (-x,-y,-z) (-x+1/2,y,z+1/2)"
P 2_1/c 1 1,89,2.0,d,-1,"(0,1/2,1/2) (1/2,1/2,0)"
P 2_1/c 1 1,89,2.0,c,-1,"(0,0,1/2) (1/2,0,0)"
P 2_1/c 1 1,89,2.0,b,-1,"(0,1/2,0) (1/2,1/2,1/2)"
P 2_1/c 1 1,89,2.0,a,-1,"(0,0,0) (1/2,0,1/2)"
C 1 2/c 1,90,8.0,f,1,"(x,y,z) (-x,y,-z+1/2) (-x,-y,-z) (x,-y,z+1/2)"
C 1 2/c 1,90,4.0,e,2,"(0,y,1/4) (0,-y,3/4)"
C 1 2/c 1,90,4.0,d,-1,"(1/4,1/4,1/2) (3/4,1/4,0)"
C 1 2/c 1,90,4.0,c,-1,"(1/4,1/4,0) (3/4,1/4,1/2)"
C 1 2/c 1,90,4.0,b,-1,"(0,1/2,0) (0,1/2,1/2)"
C 1 2/c 1,90,4.0,a,-1,"(0,0,0) (0,0,1/2)"
A 1 2/n 1,91,8.0,f,1,"(x,y,z) (-x+1/2,y,-z+1/2) (-x,-y,-z) (x+1/2,-y,z+1/2)"
A 1 2/n 1,91,4.0,e,2,"(1/4,y,1/4) (3/4,-y,3/4)"
A 1 2/n 1,91,4.0,d,-1,"(1/2,3/4,3/4) (0,3/4,3/4)"
A 1 2/n 1,91,4.0,c,-1,"(0,3/4,1/4) (1/2,3/4,1/4)"
A 1 2/n 1,91,4.0,b,-1,"(0,1/2,0) (1/2,1/2,1/2)"
A 1 2/n 1,91,4.0,a,-1,"(0,0,0) (1/2,0,1/2)"
I 1 2/a 1,92,8.0,f,1,"(x,y,z) (-x+1/2,y,-z) (-x,-y,-z) (x+1/2,-y,z)"
I 1 2/a 1,92,4.0,e,2,"(1/4,y,0) (3/4,-y,0)"
I 1 2/a 1,92,4.0,d,-1,"(3/4,3/4,1/4) (3/4,3/4,3/4)"
I 1 2/a 1,92,4.0,c,-1,"(1/4,3/4,1/4) (1/4,3/4,3/4)"
I 1 2/a 1,92,4.0,b,-1,"(0,1/2,0) (1/2,1/2,0)"
I 1 2/a 1,92,4.0,a,-1,"(0,0,0) (1/2,0,0)"
A 1 2/a 1,93,8.0,f,1,"(x,y,z) (-x+1/2,y,-z) (-x,-y,-z) (x+1/2,-y,z)"
A 1 2/a 1,93,4.0,e,2,"(3/4,y,0) (1/4,-y,0)"
A 1 2/a 1,93,4.0,d,-1,"(1/2,1/4,1/4) (0,1/4,3/4)"
A 1 2/a 1,93,4.0,c,-1,"(0,1/4,1/4) (1/2,1/4,3/4)"
A 1 2/a 1,93,4.0,b,-1,"(0,1/2,0) (1/2,1/2,0)"
A 1 2/a 1,93,4.0,a,-1,"(0,0,0) (1/2,0,0)"
C 1 2/n 1,94,8.0,f,1,"(x,y,z) (-x+1/2,y,-z+1/2) (-x,-y,-z) (x+1/2,-y,z+1/2)"
C 1 2/n 1,94,4.0,e,2,"(1/4,y,1/4) (3/4,-y,3/4)"
C 1 2/n 1,94,4.0,d,-1,"(3/4,1/4,1/2) (3/4,1/4,0)"
C 1 2/n 1,94,4.0,c,-1,"(1/4,1/4,0) (1/4,1/4,1/2)"
C 1 2/n 1,94,4.0,b,-1,"(0,1/2,0) (1/2,1/2,1/2)"
C 1 2/n 1,94,4.0,a,-1,"(0,0,0) (1/2,0,1/2)"
I 1 2/c 1,95,8.0,f,1,"(x,y,z) (-x,y,-z+1/2) (-x,-y,-z) (x,-y,z+1/2)"
I 1 2/c 1,95,4.0,e,2,"(0,y,1/4) (0,-y,3/4)"
I 1 2/c 1,95,4.0,d,-1,"(1/4,1/4,3/4) (3/4,1/4,3/4)"
I 1 2/c 1,95,4.0,c,-1,"(1/4,1/4,1/4) (3/4,1/4,1/4)"
I 1 2/c 1,95,4.0,b,-1,"(0,1/2,0) (0,1/2,1/2)"
I 1 2/c 1,95,4.0,a,-1,"(0,0,0) (0,0,1/2)"
A 1 1 2/a,96,8.0,f,1,"(x,y,z) (-x+1/2,-y,z) (-x,-y,-z) (x+1/2,y,-z)"
A 1 1 2/a,96,4.0,e,2,"(1/4,0,z) (3/4,0,-z)"
A 1 1 2/a,96,4.0,d,-1,"(1/2,1/4,1/4) (0,3/4,1/4)"
A 1 1 2/a,96,4.0,c,-1,"(0,1/4,1/4) (1/2,3/4,1/4)"
A 1 1 2/a,96,4.0,b,-1,"(0,0,1/2) (1/2,0,1/2)"
A 1 1 2/a,96,4.0,a,-1,"(0,0,0) (1/2,0,0)"
B 1 1 2/n,97,8.0,f,1,"(x,y,z) (-x+1/2,-y+1/2,z) (-x,-y,-z) (x+1/2,y+1/2,-z)"
B 1 1 2/n,97,4.0,e,2,"(1/4,1/4,z) (3/4,3/4,-z)"
B 1 1 2/n,97,4.0,d,-1,"(3/4,1/2,3/4) (3/4,0,3/4)"
B 1 1 2/n,97,4.0,c,-1,"(1/4,0,3/4) (1/4,1/2,3/4)"
B 1 1 2/n,97,4.0,b,-1,"(0,0,1/2) (1/2,1/2,1/2)"
B 1 1 2/n,97,4.0,a,-1,"(0,0,0) (1/2,1/2,0)"
I 1 1 2/b,98,8.0,f,1,"(x,y,z) (-x,-y+1/2,z) (-x,-y,-z) (x,y+1/2,-z)"
I 1 1 2/b,98,4.0,e,2,"(0,1/4,z) (0,3/4,-z)"
I 1 1 2/b,98,4.0,d,-1,"(1/4,3/4,3/4) (3/4,3/4,3/4)"
I 1 1 2/b,98,4.0,c,-1,"(1/4,1/4,3/4) (3/4,1/4,3/4)"
I 1 1 2/b,98,4.0,b,-1,"(0,0,1/2) (0,1/2,1/2)"
I 1 1 2/b,98,4.0,a,-1,"(0,0,0) (0,1/2,0)"
B 1 1 2/b,99,8.0,f,1,"(x,y,z) (-x,-y+1/2,z) (-x,-y,-z) (x,y+1/2,-z)"
B 1 1 2/b,99,4.0,e,2,"(0,3/4,z) (0,1/4,-z)"
B 1 1 2/b,99,4.0,d,-1,"(1/4,1/2,1/4) (3/4,0,1/4)"
B 1 1 2/b,99,4.0,c,-1,"(1/4,0,1/4) (3/4,1/2,1/4)"
B 1 1 2/b,99,4.0,b,-1,"(0,0,1/2) (0,1/2,1/2)"
B 1 1 2/b,99,4.0,a,-1,"(0,0,0) (0,1/2,0)"
A 1 1 2/n,100,8.0,f,1,"(x,y,z) (-x+1/2,-y+1/2,z) (-x,-y,-z) (x+1/2,y+1/2,-z)"
A 1 1 2/n,100,4.0,e,2,"(1/4,1/4,z) (3/4,3/4,-z)"
A 1 1 2/n,100,4.0,d,-1,"(1/2,3/4,1/4) (0,3/4,1/4)"
A 1 1 2/n,100,4.0,c,-1,"(0,1/4,1/4) (1/2,1/4,1/4)"
A 1 1 2/n,100,4.0,b,-1,"(0,0,1/2) (1/2,1/2,1/2)"
A 1 1 2/n,100,4.0,a,-1,"(0,0,0) (1/2,1/2,0)"
I 1 1 2/a,101,8.0,f,1,"(x,y,z) (-x+1/2,-y,z) (-x,-y,-z) (x+1/2,y,-z)"
I 1 1 2/a,101,4.0,e,2,"(1/4,0,z) (3/4,0,-z)"
I 1 1 2/a,101,4.0,d,-1,"(3/4,1/4,1/4) (3/4,3/4,1/4)"
I 1 1 2/a,101,4.0,c,-1,"(1/4,1/4,1/4) (1/4,3/4,1/4)"
I 1 1 2/a,101,4.0,b,-1,"(0,0,1/2) (1/2,0,1/2)"
I 1 1 2/a,101,4.0,a,-1,"(0,0,0) (1/2,0,0)"
B 2/b 1 1,102,8.0,f,1,"(x,y,z) (x,-y+1/2,-z) (-x,-y,-z) (-x,y+1/2,z)"
B 2/b 1 1,102,4.0,e,2,"(x,1/4,0) (-x,3/4,0)"
B 2/b 1 1,102,4.0,d,-1,"(1/4,1/2,1/4) (1/4,0,3/4)"
B 2/b 1 1,102,4.0,c,-1,"(1/4,0,1/4) (1/4,1/2,3/4)"
B 2/b 1 1,102,4.0,b,-1,"(1/2,0,0) (1/2,1/2,0)"
B 2/b 1 1,102,4.0,a,-1,"(0,0,0) (0,1/2,0)"
C 2/n 1 1,103,8.0,f,1,"(x,y,z) (x,-y+1/2,-z+1/2) (-x,-y,-z) (-x,y+1/2,z+1/2)"
C 2/n 1 1,103,4.0,e,2,"(x,1/4,1/4) (-x,3/4,3/4)"
C 2/n 1 1,103,4.0,d,-1,"(3/4,3/4,1/2) (3/4,3/4,0)"
C 2/n 1 1,103,4.0,c,-1,"(3/4,1/4,0) (3/4,1/4,1/2)"
C 2/n 1 1,103,4.0,b,-1,"(1/2,0,0) (1/2,1/2,1/2)"
C 2/n 1 1,103,4.0,a,-1,"(0,0,0) (0,1/2,1/2)"
I 2/c 1 1,104,8.0,f,1,"(x,y,z) (x,-y,-z+1/2) (-x,-y,-z) (-x,y,z+1/2)"
I 2/c 1 1,104,4.0,e,2,"(x,0,1/4) (-x,0,3/4)"
I 2/c 1 1,104,4.0,d,-1,"(3/4,1/4,3/4) (3/4,3/4,3/4)"
I 2/c 1 1,104,4.0,c,-1,"(3/4,1/4,1/4) (3/4,3/4,1/4)"
I 2/c 1 1,104,4.0,b,-1,"(1/2,0,0) (1/2,0,1/2)"
I 2/c 1 1,104,4.0,a,-1,"(0,0,0) (0,0,1/2)"
C 2/c 1 1,105,8.0,f,1,"(x,y,z) (x,-y,-z+1/2) (-x,-y,-z) (-x,y,z+1/2)"
C 2/c 1 1,105,4.0,e,2,"(x,0,3/4) (-x,0,1/4)"
C 2/c 1 1,105,4.0,d,-1,"(1/4,1/4,1/2) (1/4,3/4,0)"
C 2/c 1 1,105,4.0,c,-1,"(1/4,1/4,0) (1/4,3/4,1/2)"
C 2/c 1 1,105,4.0,b,-1,"(1/2,0,0) (1/2,0,1/2)"
C 2/c 1 1,105,4.0,a,-1,"(0,0,0) (0,0,1/2)"
B 2/n 1 1,106,8.0,f,1,"(x,y,z) (x,-y+1/2,-z+1/2) (-x,-y,-z) (-x,y+1/2,z+1/2)"
B 2/n 1 1,106,4.0,e,2,"(x,1/4,1/4) (-x,3/4,3/4)"
B 2/n 1 1,106,4.0,d,-1,"(1/4,1/2,3/4) (1/4,0,3/4)"
B 2/n 1 1,106,4.0,c,-1,"(1/4,0,1/4) (1/4,1/2,1/4)"
B 2/n 1 1,106,4.0,b,-1,"(1/2,0,0) (1/2,1/2,1/2)"
B 2/n 1 1,106,4.0,a,-1,"(0,0,0) (0,1/2,1/2)"
I 2/b 1 1,107,8.0,f,1,"(x,y,z) (x,-y+1/2,-z) (-x,-y,-z) (-x,y+1/2,z)"
I 2/b 1 1,107,4.0,e,2,"(x,1/4,0) (-x,3/4,0)"
I 2/b 1 1,107,4.0,d,-1,"(1/4,3/4,1/4) (1/4,3/4,3/4)"
I 2/b 1 1,107,4.0,c,-1,"(1/4,1/4,1/4) (1/4,1/4,3/4)"
I 2/b 1 1,107,4.0,b,-1,"(1/2,0,0) (1/2,1/2,0)"
I 2/b 1 1,107,4.0,a,-1,"(0,0,0) (0,1/2,0)"
P 2 2 2,108,4.0,u,1,"(x,y,z) (-x,-y,z) (-x,y,-z) (x,-y,-z)"
P 2 2 2,108,2.0,t,..2,"(1/2,1/2,z) (1/2,1/2,-z)"
P 2 2 2,108,2.0,s,..2,"(0,1/2,z) (0,1/2,-z)"
P 2 2 2,108,2.0,r,..2,"(1/2,0,z) (1/2,0,-z)"
P 2 2 2,108,2.0,q,..2,"(0,0,z) (0,0,-z)"
P 2 2 2,108,2.0,p,.2.,"(1/2,y,1/2) (1/2,-y,1/2)"
P 2 2 2,108,2.0,o,.2.,"(1/2,y,0) (1/2,-y,0)"
P 2 2 2,108,2.0,n,.2.,"(0,y,1/2) (0,-y,1/2)"
P 2 2 2,108,2.0,m,.2.,"(0,y,0) (0,-y,0)"
P 2 2 2,108,2.0,l,2..,"(x,1/2,1/2) (-x,1/2,1/2)"
P 2 2 2,108,2.0,k,2..,"(x,1/2,0) (-x,1/2,0)"
P 2 2 2,108,2.0,j,2..,"(x,0,1/2) (-x,0,1/2)"
P 2 2 2,108,2.0,i,2..,"(x,0,0) (-x,0,0)"
P 2 2 2,108,1.0,h,222,"(1/2,1/2,1/2)"
P 2 2 2,108,1.0,g,222,"(0,1/2,1/2)"
P 2 2 2,108,1.0,f,222,"(1/2,0,1/2)"
P 2 2 2,108,1.0,e,222,"(1/2,1/2,0)"
P 2 2 2,108,1.0,d,222,"(0,0,1/2)"
P 2 2 2,108,1.0,c,222,"(0,1/2,0)"
P 2 2 2,108,1.0,b,222,"(1/2,0,0)"
P 2 2 2,108,1.0,a,222,"(0,0,0)"
P 2 2 21,109,4.0,e,1,"(x,y,z) (-x,-y,z+1/2) (-x,y,-z+1/2) (x,-y,-z)"
P 2 2 21,109,2.0,d,.2.,"(1/2,y,1/4) (1/2,-y,3/4)"
P 2 2 21,109,2.0,c,.2.,"(0,y,1/4) (0,-y,3/4)"
P 2 2 21,109,2.0,b,2..,"(x,1/2,0) (-x,1/2,1/2)"
P 2 2 21,109,2.0,a,2..,"(x,0,0) (-x,0,1/2)"
P 21 2 2,110,4.0,e,1,"(x,y,z) (x+1/2,-y,-z) (-x+1/2,-y,z) (-x,y,-z)"
P 21 2 2,110,2.0,d,.2.,"(1/4,1/2,z) (3/4,1/2,-z)"
P 21 2 2,110,2.0,c,.2.,"(1/4,0,z) (3/4,0,-z)"
P 21 2 2,110,2.0,b,2..,"(0,y,1/2) (1/2,-y,1/2)"
P 21 2 2,110,2.0,a,2..,"(0,y,0) (1/2,-y,0)"
P 2 21 2,111,4.0,e,1,"(x,y,z) (-x,y+1/2,-z) (x,-y+1/2,-z) (-x,-y,z)"
P 2 21 2,111,2.0,d,.2.,"(x,1/4,1/2) (-x,3/4,1/2)"
P 2 21 2,111,2.0,c,.2.,"(x,1/4,0) (-x,3/4,0)"
P 2 21 2,111,2.0,b,2..,"(1/2,0,z) (1/2,1/2,-z)"
P 2 21 2,111,2.0,a,2..,"(0,0,z) (0,1/2,-z)"
P 21 21 2,112,4.0,c,1,"(x,y,z) (-x,-y,z) (-x+1/2,y+1/2,-z) (x+1/2,-y+1/2,-z)"
P 21 21 2,112,2.0,b,..2,"(0,1/2,z) (1/2,0,-z)"
P 21 21 2,112,2.0,a,..2,"(0,0,z) (1/2,1/2,-z)"
P 2 21 21,113,4.0,c,1,"(x,y,z) (x,-y,-z) (-x,-y+1/2,z+1/2) (-x,y+1/2,-z+1/2)"
P 2 21 21,113,2.0,b,..2,"(x,0,1/2) (-x,1/2,0)"
P 2 21 21,113,2.0,a,..2,"(x,0,0) (-x,1/2,1/2)"
P 21 2 21,114,4.0,c,1,"(x,y,z) (-x,y,-z) (x+1/2,-y,-z+1/2) (-x+1/2,-y,z+1/2)"
P 21 2 21,114,2.0,b,..2,"(1/2,y,0) (0,-y,1/2)"
P 21 2 21,114,2.0,a,..2,"(0,y,0) (1/2,-y,1/2)"
P 21 21 21,115,4.0,a,1,"(x,y,z) (-x+1/2,-y,z+1/2) (-x,y+1/2,-z+1/2) (x+1/2,-y+1/2,-z)"
C 2 2 21,116,8.0,c,1,"(x,y,z) (-x,-y,z+1/2) (-x,y,-z+1/2) (x,-y,-z)"
C 2 2 21,116,4.0,b,.2.,"(0,y,1/4) (0,-y,3/4)"
C 2 2 21,116,4.0,a,2..,"(x,0,0) (-x,0,1/2)"
A 21 2 2,117,8.0,c,1,"(x,y,z) (x+1/2,-y,-z) (-x+1/2,-y,z) (-x,y,-z)"
A 21 2 2,117,4.0,b,.2.,"(1/4,0,z) (3/4,0,-z)"
A 21 2 2,117,4.0,a,2..,"(0,y,0) (1/2,-y,0)"
B 2 21 2,118,8.0,c,1,"(x,y,z) (-x,y+1/2,-z) (x,-y+1/2,-z) (-x,-y,z)"
B 2 21 2,118,4.0,b,.2.,"(x,1/4,0) (-x,3/4,0)"
B 2 21 2,118,4.0,a,2..,"(0,0,z) (0,1/2,-z)"
C 2 2 2,119,8.0,l,1,"(x,y,z) (-x,-y,z) (-x,y,-z) (x,-y,-z)"
C 2 2 2,119,4.0,k,..2,"(1/4,1/4,z) (3/4,1/4,-z)"
C 2 2 2,119,4.0,j,..2,"(0,1/2,z) (0,1/2,-z)"
C 2 2 2,119,4.0,i,..2,"(0,0,z) (0,0,-z)"
C 2 2 2,119,4.0,h,.2.,"(0,y,1/2) (0,-y,1/2)"
C 2 2 2,119,4.0,g,.2.,"(0,y,0) (0,-y,0)"
C 2 2 2,119,4.0,f,2..,"(x,0,1/2) (-x,0,1/2)"
C 2 2 2,119,4.0,e,2..,"(x,0,0) (-x,0,0)"
C 2 2 2,119,2.0,d,222,"(0,0,1/2)"
C 2 2 2,119,2.0,c,222,"(1/2,0,1/2)"
C 2 2 2,119,2.0,b,222,"(0,1/2,0)"
C 2 2 2,119,2.0,a,222,"(0,0,0)"
A 2 2 2,120,8.0,l,1,"(x,y,z) (x,-y,-z) (-x,-y,z) (-x,y,-z)"
A 2 2 2,120,4.0,k,..2,"(x,1/4,1/4) (-x,3/4,1/4)"
A 2 2 2,120,4.0,j,..2,"(x,0,1/2) (-x,0,1/2)"
A 2 2 2,120,4.0,i,..2,"(x,0,0) (-x,0,0)"
A 2 2 2,120,4.0,h,.2.,"(1/2,0,z) (1/2,0,-z)"
A 2 2 2,120,4.0,g,.2.,"(0,0,z) (0,0,-z)"
A 2 2 2,120,4.0,f,2..,"(1/2,y,0) (1/2,-y,0)"
A 2 2 2,120,4.0,e,2..,"(0,y,0) (0,-y,0)"
A 2 2 2,120,2.0,d,222,"(1/2,0,0)"
A 2 2 2,120,2.0,c,222,"(1/2,1/2,0)"
A 2 2 2,120,2.0,b,222,"(0,0,1/2)"
A 2 2 2,120,2.0,a,222,"(0,0,0)"
B 2 2 2,121,8.0,l,1,"(x,y,z) (-x,y,-z) (x,-y,-z) (-x,-y,z)"
B 2 2 2,121,4.0,k,..2,"(1/4,y,1/4) (1/4,-y,3/4)"
B 2 2 2,121,4.0,j,..2,"(1/2,y,0) (1/2,-y,0)"
B 2 2 2,121,4.0,i,..2,"(0,y,0) (0,-y,0)"
B 2 2 2,121,4.0,h,.2.,"(x,1/2,0) (-x,1/2,0)"
B 2 2 2,121,4.0,g,.2.,"(x,0,0) (-x,0,0)"
B 2 2 2,121,4.0,f,2..,"(0,1/2,z) (0,1/2,-z)"
B 2 2 2,121,4.0,e,2..,"(0,0,z) (0,0,-z)"
B 2 2 2,121,2.0,d,222,"(0,1/2,0)"
B 2 2 2,121,2.0,c,222,"(0,1/2,1/2)"
B 2 2 2,121,2.0,b,222,"(1/2,0,0)"
B 2 2 2,121,2.0,a,222,"(0,0,0)"
F 2 2 2,122,16.0,k,1,"(x,y,z) (-x,-y,z) (-x,y,-z) (x,-y,-z)"
F 2 2 2,122,8.0,j,2..,"(x,1/4,1/4) (-x,3/4,1/4)"
F 2 2 2,122,8.0,i,.2.,"(1/4,y,1/4) (3/4,-y,1/4)"
F 2 2 2,122,8.0,h,..2,"(1/4,1/4,z) (3/4,1/4,-z)"
F 2 2 2,122,8.0,g,..2,"(0,0,z) (0,0,-z)"
F 2 2 2,122,8.0,f,.2.,"(0,y,0) (0,-y,0)"
F 2 2 2,122,8.0,e,2..,"(x,0,0) (-x,0,0)"
F 2 2 2,122,4.0,d,222,"(1/4,1/4,3/4)"
F 2 2 2,122,4.0,c,222,"(1/4,1/4,1/4)"
F 2 2 2,122,4.0,b,222,"(0,0,1/2)"
F 2 2 2,122,4.0,a,222,"(0,0,0)"
I 2 2 2,123,8.0,k,1,"(x,y,z) (-x,-y,z) (-x,y,-z) (x,-y,-z)"
I 2 2 2,123,4.0,j,..2,"(0,1/2,z) (0,1/2,-z)"
I 2 2 2,123,4.0,i,..2,"(0,0,z) (0,0,-z)"
I 2 2 2,123,4.0,h,.2.,"(1/2,y,0) (1/2,-y,0)"
I 2 2 2,123,4.0,g,.2.,"(0,y,0) (0,-y,0)"
I 2 2 2,123,4.0,f,2..,"(x,0,1/2) (-x,0,1/2)"
I 2 2 2,123,4.0,e,2..,"(x,0,0) (-x,0,0)"
I 2 2 2,123,2.0,d,222,"(0,1/2,0)"
I 2 2 2,123,2.0,c,222,"(0,0,1/2)"
I 2 2 2,123,2.0,b,222,"(1/2,0,0)"
I 2 2 2,123,2.0,a,222,"(0,0,0)"
I 21 21 21,124,8.0,d,1,"(x,y,z) (-x+1/2,-y,z+1/2) (-x,y+1/2,-z+1/2) (x+1/2,-y+1/2,-z)"
I 21 21 21,124,4.0,c,..2,"(0,1/4,z) (0,3/4,-z+1/2)"
I 21 21 21,124,4.0,b,.2.,"(1/4,y,0) (1/4,-y,1/2)"
I 21 21 21,124,4.0,a,2..,"(x,0,1/4) (-x+1/2,0,3/4)"
P m m 2,125,4.0,i,1,"(x,y,z) (-x,-y,z) (x,-y,z) (-x,y,z)"
P m m 2,125,2.0,h,m..,"(1/2,y,z) (1/2,-y,z)"
P m m 2,125,2.0,g,m..,"(0,y,z) (0,-y,z)"
P m m 2,125,2.0,f,.m.,"(x,1/2,z) (-x,1/2,z)"
P m m 2,125,2.0,e,.m.,"(x,0,z) (-x,0,z)"
P m m 2,125,1.0,d,mm2,"(1/2,1/2,z)"
P m m 2,125,1.0,c,mm2,"(1/2,0,z)"
P m m 2,125,1.0,b,mm2,"(0,1/2,z)"
P m m 2,125,1.0,a,mm2,"(0,0,z)"
P 2 m m,126,4.0,i,1,"(x,y,z) (x,-y,-z) (x,y,-z) (x,-y,z)"
P 2 m m,126,2.0,h,m..,"(x,1/2,z) (x,1/2,-z)"
P 2 m m,126,2.0,g,m..,"(x,0,z) (x,0,-z)"
P 2 m m,126,2.0,f,.m.,"(x,y,1/2) (x,-y,1/2)"
P 2 m m,126,2.0,e,.m.,"(x,y,0) (x,-y,0)"
P 2 m m,126,1.0,d,mm2,"(x,1/2,1/2)"
P 2 m m,126,1.0,c,mm2,"(x,1/2,0)"
P 2 m m,126,1.0,b,mm2,"(x,0,1/2)"
P 2 m m,126,1.0,a,mm2,"(x,0,0)"
P m 2 m,127,4.0,i,1,"(x,y,z) (-x,y,-z) (-x,y,z) (x,y,-z)"
P m 2 m,127,2.0,h,m..,"(x,y,1/2) (-x,y,1/2)"
P m 2 m,127,2.0,g,m..,"(x,y,0) (-x,y,0)"
P m 2 m,127,2.0,f,.m.,"(1/2,y,z) (1/2,y,-z)"
P m 2 m,127,2.0,e,.m.,"(0,y,z) (0,y,-z)"
P m 2 m,127,1.0,d,mm2,"(1/2,y,1/2)"
P m 2 m,127,1.0,c,mm2,"(0,y,1/2)"
P m 2 m,127,1.0,b,mm2,"(1/2,y,0)"
P m 2 m,127,1.0,a,mm2,"(0,y,0)"
P m c 21,128,4.0,c,1,"(x,y,z) (-x,-y,z+1/2) (x,-y,z+1/2) (-x,y,z)"
P m c 21,128,2.0,b,m..,"(1/2,y,z) (1/2,-y,z+1/2)"
P m c 21,128,2.0,a,m..,"(0,y,z) (0,-y,z+1/2)"
P c m 21,129,4.0,c,1,"(x,y,z) (-x,-y,z+1/2) (-x,y,z+1/2) (x,-y,z)"
P c m 21,129,2.0,b,m..,"(x,1/2,z) (-x,1/2,z+1/2)"
P c m 21,129,2.0,a,m..,"(x,0,z) (-x,0,z+1/2)"
P 21 m a,130,4.0,c,1,"(x,y,z) (x+1/2,-y,-z) (x+1/2,y,-z) (x,-y,z)"
P 21 m a,130,2.0,b,m..,"(x,1/2,z) (x+1/2,1/2,-z)"
P 21 m a,130,2.0,a,m..,"(x,0,z) (x+1/2,0,-z)"
P 21 a m,131,4.0,c,1,"(x,y,z) (x+1/2,-y,-z) (x+1/2,-y,z) (x,y,-z)"
P 21 a m,131,2.0,b,m..,"(x,y,1/2) (x+1/2,-y,1/2)"
P 21 a m,131,2.0,a,m..,"(x,y,0) (x+1/2,-y,0)"
P b 21 m,132,4.0,c,1,"(x,y,z) (-x,y+1/2,-z) (-x,y+1/2,z) (x,y,-z)"
P b 21 m,132,2.0,b,m..,"(x,y,1/2) (-x,y+1/2,1/2)"
P b 21 m,132,2.0,a,m..,"(x,y,0) (-x,y+1/2,0)"
P m 21 b,133,4.0,c,1,"(x,y,z) (-x,y+1/2,-z) (x,y+1/2,-z) (-x,y,z)"
P m 21 b,133,2.0,b,m..,"(1/2,y,z) (1/2,y+1/2,-z)"
P m 21 b,133,2.0,a,m..,"(0,y,z) (0,y+1/2,-z)"
P c c 2,134,4.0,e,1,"(x,y,z) (-x,-y,z) (x,-y,z+1/2) (-x,y,z+1/2)"
P c c 2,134,2.0,d,..2,"(1/2,1/2,z) (1/2,1/2,z+1/2)"
P c c 2,134,2.0,c,..2,"(1/2,0,z) (1/2,0,z+1/2)"
P c c 2,134,2.0,b,..2,"(0,1/2,z) (0,1/2,z+1/2)"
P c c 2,134,2.0,a,..2,"(0,0,z) (0,0,z+1/2)"
P 2 a a,135,4.0,e,1,"(x,y,z) (x,-y,-z) (x+1/2,y,-z) (x+1/2,-y,z)"
P 2 a a,135,2.0,d,..2,"(x,1/2,1/2) (x+1/2,1/2,1/2)"
P 2 a a,135,2.0,c,..2,"(x,1/2,0) (x+1/2,1/2,0)"
P 2 a a,135,2.0,b,..2,"(x,0,1/2) (x+1/2,0,1/2)"
P 2 a a,135,2.0,a,..2,"(x,0,0) (x+1/2,0,0)"
P b 2 b,136,4.0,e,1,"(x,y,z) (-x,y,-z) (-x,y+1/2,z) (x,y+1/2,-z)"
P b 2 b,136,2.0,d,..2,"(1/2,y,1/2) (1/2,y+1/2,1/2)"
P b 2 b,136,2.0,c,..2,"(0,y,1/2) (0,y+1/2,1/2)"
P b 2 b,136,2.0,b,..2,"(1/2,y,0) (1/2,y+1/2,0)"
P b 2 b,136,2.0,a,..2,"(0,y,0) (0,y+1/2,0)"
P m a 2,137,4.0,d,1,"(x,y,z) (-x,-y,z) (x+1/2,-y,z) (-x+1/2,y,z)"
P m a 2,137,2.0,c,m..,"(1/4,y,z) (3/4,-y,z)"
P m a 2,137,2.0,b,..2,"(0,1/2,z) (1/2,1/2,z)"
P m a 2,137,2.0,a,..2,"(0,0,z) (1/2,0,z)"
P b m 2,138,4.0,d,1,"(x,y,z) (-x,-y,z) (-x,y+1/2,z) (x,-y+1/2,z)"
P b m 2,138,2.0,c,m..,"(x,1/4,z) (-x,3/4,z)"
P b m 2,138,2.0,b,..2,"(1/2,0,z) (1/2,1/2,z)"
P b m 2,138,2.0,a,..2,"(0,0,z) (0,1/2,z)"
P 2 m b,139,4.0,d,1,"(x,y,z) (x,-y,-z) (x,y+1/2,-z) (x,-y+1/2,z)"
P 2 m b,139,2.0,c,m..,"(x,1/4,z) (x,3/4,-z)"
P 2 m b,139,2.0,b,..2,"(x,0,1/2) (x,1/2,1/2)"
P 2 m b,139,2.0,a,..2,"(x,0,0) (x,1/2,0)"
P 2 c m,140,4.0,d,1,"(x,y,z) (x,-y,-z) (x,-y,z+1/2) (x,y,-z+1/2)"
P 2 c m,140,2.0,c,m..,"(x,y,1/4) (x,-y,3/4)"
P 2 c m,140,2.0,b,..2,"(x,1/2,0) (x,1/2,1/2)"
P 2 c m,140,2.0,a,..2,"(x,0,0) (x,0,1/2)"
P c 2 m,141,4.0,d,1,"(x,y,z) (-x,y,-z) (-x,y,z+1/2) (x,y,-z+1/2)"
P c 2 m,141,2.0,c,m..,"(x,y,1/4) (-x,y,3/4)"
P c 2 m,141,2.0,b,..2,"(1/2,y,0) (1/2,y,1/2)"
P c 2 m,141,2.0,a,..2,"(0,y,0) (0,y,1/2)"
P m 2 a,142,4.0,d,1,"(x,y,z) (-x,y,-z) (x+1/2,y,-z) (-x+1/2,y,z)"
P m 2 a,142,2.0,c,m..,"(1/4,y,z) (3/4,y,-z)"
P m 2 a,142,2.0,b,..2,"(0,y,1/2) (1/2,y,1/2)"
P m 2 a,142,2.0,a,..2,"(0,y,0) (1/2,y,0)"
P c a 21,143,4.0,a,1,"(x,y,z) (-x,-y,z+1/2) (x+1/2,-y,z) (-x+1/2,y,z+1/2)"
P b c 21,144,4.0,a,1,"(x,y,z) (-x,-y,z+1/2) (-x,y+1/2,z) (x,-y+1/2,z+1/2)"
P 21 a b,145,4.0,a,1,"(x,y,z) (x+1/2,-y,-z) (x,y+1/2,-z) (x+1/2,-y+1/2,z)"
P 21 c a,146,4.0,a,1,"(x,y,z) (x+1/2,-y,-z) (x,-y,z+1/2) (x+1/2,y,-z+1/2)"
P c 21 b,147,4.0,a,1,"(x,y,z) (-x,y+1/2,-z) (-x,y,z+1/2) (x,y+1/2,-z+1/2)"
P b 21 a,148,4.0,a,1,"(x,y,z) (-x,y+1/2,-z) (x+1/2,y,-z) (-x+1/2,y+1/2,z)"
P n c 2,149,4.0,c,1,"(x,y,z) (-x,-y,z) (x,-y+1/2,z+1/2) (-x,y+1/2,z+1/2)"
P n c 2,149,2.0,b,..2,"(1/2,0,z) (1/2,1/2,z+1/2)"
P n c 2,149,2.0,a,..2,"(0,0,z) (0,1/2,z+1/2)"
P c n 2,150,4.0,c,1,"(x,y,z) (-x,-y,z) (-x+1/2,y,z+1/2) (x+1/2,-y,z+1/2)"
P c n 2,150,2.0,b,..2,"(0,1/2,z) (1/2,1/2,z+1/2)"
P c n 2,150,2.0,a,..2,"(0,0,z) (1/2,0,z+1/2)"
P 2 n a,151,4.0,c,1,"(x,y,z) (x,-y,-z) (x+1/2,y,-z+1/2) (x+1/2,-y,z+1/2)"
P 2 n a,151,2.0,b,..2,"(x,1/2,0) (x+1/2,1/2,1/2)"
P 2 n a,151,2.0,a,..2,"(x,0,0) (x+1/2,0,1/2)"
P 2 a n,152,4.0,c,1,"(x,y,z) (x,-y,-z) (x+1/2,-y+1/2,z) (x+1/2,y+1/2,-z)"
P 2 a n,152,2.0,b,..2,"(x,0,1/2) (x+1/2,1/2,1/2)"
P 2 a n,152,2.0,a,..2,"(x,0,0) (x+1/2,1/2,0)"
P b 2 n,153,4.0,c,1,"(x,y,z) (-x,y,-z) (-x+1/2,y+1/2,z) (x+1/2,y+1/2,-z)"
P b 2 n,153,2.0,b,..2,"(0,y,1/2) (1/2,y+1/2,1/2)"
P b 2 n,153,2.0,a,..2,"(0,y,0) (1/2,y+1/2,0)"
P n 2 b,154,4.0,c,1,"(x,y,z) (-x,y,-z) (x,y+1/2,-z+1/2) (-x,y+1/2,z+1/2)"
P n 2 b,154,2.0,b,..2,"(1/2,y,0) (1/2,y+1/2,1/2)"
P n 2 b,154,2.0,a,..2,"(0,y,0) (0,y+1/2,1/2)"
P m n 21,155,4.0,b,1,"(x,y,z) (-x+1/2,-y,z+1/2) (x+1/2,-y,z+1/2) (-x,y,z)"
P m n 21,155,2.0,a,m..,"(0,y,z) (1/2,-y,z+1/2)"
P n m 21,156,4.0,b,1,"(x,y,z) (-x,-y+1/2,z+1/2) (-x,y+1/2,z+1/2) (x,-y,z)"
P n m 21,156,2.0,a,m..,"(x,0,z) (-x,1/2,z+1/2)"
P 21 m n,157,4.0,b,1,"(x,y,z) (x+1/2,-y+1/2,-z) (x+1/2,y+1/2,-z) (x,-y,z)"
P 21 m n,157,2.0,a,m..,"(x,0,z) (x+1/2,1/2,-z)"
P 21 n m,158,4.0,b,1,"(x,y,z) (x+1/2,-y,-z+1/2) (x+1/2,-y,z+1/2) (x,y,-z)"
P 21 n m,158,2.0,a,m..,"(x,y,0) (x+1/2,-y,1/2)"
P n 21 m,159,4.0,b,1,"(x,y,z) (-x,y+1/2,-z+1/2) (-x,y+1/2,z+1/2) (x,y,-z)"
P n 21 m,159,2.0,a,m..,"(x,y,0) (-x,y+1/2,1/2)"
P m 21 n,160,4.0,b,1,"(x,y,z) (-x+1/2,y+1/2,-z) (x+1/2,y+1/2,-z) (-x,y,z)"
P m 21 n,160,2.0,a,m..,"(0,y,z) (1/2,y+1/2,-z)"
P b a 2,161,4.0,c,1,"(x,y,z) (-x,-y,z) (x+1/2,-y+1/2,z) (-x+1/2,y+1/2,z)"
P b a 2,161,2.0,b,..2,"(0,1/2,z) (1/2,0,z)"
P b a 2,161,2.0,a,..2,"(0,0,z) (1/2,1/2,z)"
P 2 c b,162,4.0,c,1,"(x,y,z) (x,-y,-z) (x,y+1/2,-z+1/2) (x,-y+1/2,z+1/2)"
P 2 c b,162,2.0,b,..2,"(x,0,1/2) (x,1/2,0)"
P 2 c b,162,2.0,a,..2,"(x,0,0) (x,1/2,1/2)"
P c 2 a,163,4.0,c,1,"(x,y,z) (-x,y,-z) (-x+1/2,y,z+1/2) (x+1/2,y,-z+1/2)"
P c 2 a,163,2.0,b,..2,"(1/2,y,0) (0,y,1/2)"
P c 2 a,163,2.0,a,..2,"(0,y,0) (1/2,y,1/2)"
P n a 21,164,4.0,a,1,"(x,y,z) (-x,-y,z+1/2) (x+1/2,-y+1/2,z) (-x+1/2,y+1/2,z+1/2)"
P b n 21,165,4.0,a,1,"(x,y,z) (-x,-y,z+1/2) (-x+1/2,y+1/2,z) (x+1/2,-y+1/2,z+1/2)"
P 21 n b,166,4.0,a,1,"(x,y,z) (x+1/2,-y,-z) (x,y+1/2,-z+1/2) (x+1/2,-y+1/2,z+1/2)"
P 21 c n,167,4.0,a,1,"(x,y,z) (x+1/2,-y,-z) (x,-y+1/2,z+1/2) (x+1/2,y+1/2,-z+1/2)"
P c 21 n,168,4.0,a,1,"(x,y,z) (-x,y+1/2,-z) (-x+1/2,y,z+1/2) (x+1/2,y+1/2,-z+1/2)"
P n 21 a,169,4.0,a,1,"(x,y,z) (-x,y+1/2,-z) (x+1/2,y,-z+1/2) (-x+1/2,y+1/2,z+1/2)"
P n n 2,170,4.0,c,1,"(x,y,z) (-x,-y,z) (x+1/2,-y+1/2,z+1/2) (-x+1/2,y+1/2,z+1/2)"
P n n 2,170,2.0,b,..2,"(0,1/2,z) (1/2,0,z+1/2)"
P n n 2,170,2.0,a,..2,"(0,0,z) (1/2,1/2,z+1/2)"
P 2 n n,171,4.0,c,1,"(x,y,z) (x,-y,-z) (x+1/2,y+1/2,-z+1/2) (x+1/2,-y+1/2,z+1/2)"
P 2 n n,171,2.0,b,..2,"(x,0,1/2) (x+1/2,1/2,0)"
P 2 n n,171,2.0,a,..2,"(x,0,0) (x+1/2,1/2,1/2)"
P n 2 n,172,4.0,c,1,"(x,y,z) (-x,y,-z) (-x+1/2,y+1/2,z+1/2) (x+1/2,y+1/2,-z+1/2)"
P n 2 n,172,2.0,b,..2,"(1/2,y,0) (0,y+1/2,1/2)"
P n 2 n,172,2.0,a,..2,"(0,y,0) (1/2,y+1/2,1/2)"
C m m 2,173,8.0,f,1,"(x,y,z) (-x,-y,z) (x,-y,z) (-x,y,z)"
C m m 2,173,4.0,e,m..,"(0,y,z) (0,-y,z)"
C m m 2,173,4.0,d,.m.,"(x,0,z) (-x,0,z)"
C m m 2,173,4.0,c,..2,"(1/4,1/4,z) (1/4,3/4,z)"
C m m 2,173,2.0,b,mm2,"(0,1/2,z)"
C m m 2,173,2.0,a,mm2,"(0,0,z)"
A 2 m m,174,8.0,f,1,"(x,y,z) (x,-y,-z) (x,y,-z) (x,-y,z)"
A 2 m m,174,4.0,e,m..,"(x,0,z) (x,0,-z)"
A 2 m m,174,4.0,d,.m.,"(x,y,0) (x,-y,0)"
A 2 m m,174,4.0,c,..2,"(x,1/4,1/4) (x,1/4,3/4)"
A 2 m m,174,2.0,b,mm2,"(x,0,1/2)"
A 2 m m,174,2.0,a,mm2,"(x,0,0)"
B m 2 m,175,8.0,f,1,"(x,y,z) (-x,y,-z) (-x,y,z) (x,y,-z)"
B m 2 m,175,4.0,e,m..,"(x,y,0) (-x,y,0)"
B m 2 m,175,4.0,d,.m.,"(0,y,z) (0,y,-z)"
B m 2 m,175,4.0,c,..2,"(1/4,y,1/4) (3/4,y,1/4)"
B m 2 m,175,2.0,b,mm2,"(1/2,y,0)"
B m 2 m,175,2.0,a,mm2,"(0,y,0)"
C m c 21,176,8.0,b,1,"(x,y,z) (-x,-y,z+1/2) (x,-y,z+1/2) (-x,y,z)"
C m c 21,176,4.0,a,m..,"(0,y,z) (0,-y,z+1/2)"
C c m 21,177,8.0,b,1,"(x,y,z) (-x,-y,z+1/2) (-x,y,z+1/2) (x,-y,z)"
C c m 21,177,4.0,a,m..,"(x,0,z) (-x,0,z+1/2)"
A 21 m a,178,8.0,b,1,"(x,y,z) (x+1/2,-y,-z) (x+1/2,y,-z) (x,-y,z)"
A 21 m a,178,4.0,a,m..,"(x,0,z) (x+1/2,0,-z)"
A 21 a m,179,8.0,b,1,"(x,y,z) (x+1/2,-y,-z) (x+1/2,-y,z) (x,y,-z)"
A 21 a m,179,4.0,a,m..,"(x,y,0) (x+1/2,-y,0)"
B b 21 m,180,8.0,b,1,"(x,y,z) (-x,y+1/2,-z) (-x,y+1/2,z) (x,y,-z)"
B b 21 m,180,4.0,a,m..,"(x,y,0) (-x,y+1/2,0)"
B m 21 b,181,8.0,b,1,"(x,y,z) (-x,y+1/2,-z) (x,y+1/2,-z) (-x,y,z)"
B m 21 b,181,4.0,a,m..,"(0,y,z) (0,y+1/2,-z)"
C c c 2,182,8.0,d,1,"(x,y,z) (-x,-y,z) (x,-y,z+1/2) (-x,y,z+1/2)"
C c c 2,182,4.0,c,..2,"(1/4,1/4,z) (1/4,3/4,z+1/2)"
C c c 2,182,4.0,b,..2,"(0,1/2,z) (0,1/2,z+1/2)"
C c c 2,182,4.0,a,..2,"(0,0,z) (0,0,z+1/2)"
A 2 a a,183,8.0,d,1,"(x,y,z) (x,-y,-z) (x+1/2,y,-z) (x+1/2,-y,z)"
A 2 a a,183,4.0,c,..2,"(x,1/4,1/4) (x+1/2,1/4,3/4)"
A 2 a a,183,4.0,b,..2,"(x,0,1/2) (x+1/2,0,1/2)"
A 2 a a,183,4.0,a,..2,"(x,0,0) (x+1/2,0,0)"
B b 2 b,184,8.0,d,1,"(x,y,z) (-x,y,-z) (-x,y+1/2,z) (x,y+1/2,-z)"
B b 2 b,184,4.0,c,..2,"(1/4,y,1/4) (3/4,y+1/2,1/4)"
B b 2 b,184,4.0,b,..2,"(1/2,y,0) (1/2,y+1/2,0)"
B b 2 b,184,4.0,a,..2,"(0,y,0) (0,y+1/2,0)"
A m m 2,185,8.0,f,1,"(x,y,z) (-x,-y,z) (x,-y,z) (-x,y,z)"
A m m 2,185,4.0,e,m..,"(1/2,y,z) (1/2,-y,z)"
A m m 2,185,4.0,d,m..,"(0,y,z) (0,-y,z)"
A m m 2,185,4.0,c,.m.,"(x,0,z) (-x,0,z)"
A m m 2,185,2.0,b,mm2,"(1/2,0,z)"
A m m 2,185,2.0,a,mm2,"(0,0,z)"
B m m 2,186,8.0,f,1,"(x,y,z) (-x,-y,z) (-x,y,z) (x,-y,z)"
B m m 2,186,4.0,e,m..,"(x,1/2,z) (-x,1/2,z)"
B m m 2,186,4.0,d,m..,"(x,0,z) (-x,0,z)"
B m m 2,186,4.0,c,.m.,"(0,y,z) (0,-y,z)"
B m m 2,186,2.0,b,mm2,"(0,1/2,z)"
B m m 2,186,2.0,a,mm2,"(0,0,z)"
B 2 m m,187,8.0,f,1,"(x,y,z) (x,-y,-z) (x,y,-z) (x,-y,z)"
B 2 m m,187,4.0,e,m..,"(x,1/2,z) (x,1/2,-z)"
B 2 m m,187,4.0,d,m..,"(x,0,z) (x,0,-z)"
B 2 m m,187,4.0,c,.m.,"(x,y,0) (x,-y,0)"
B 2 m m,187,2.0,b,mm2,"(x,1/2,0)"
B 2 m m,187,2.0,a,mm2,"(x,0,0)"
C 2 m m,188,8.0,f,1,"(x,y,z) (x,-y,-z) (x,-y,z) (x,y,-z)"
C 2 m m,188,4.0,e,m..,"(x,y,1/2) (x,-y,1/2)"
C 2 m m,188,4.0,d,m..,"(x,y,0) (x,-y,0)"
C 2 m m,188,4.0,c,.m.,"(x,0,z) (x,0,-z)"
C 2 m m,188,2.0,b,mm2,"(x,0,1/2)"
C 2 m m,188,2.0,a,mm2,"(x,0,0)"
C m 2 m,189,8.0,f,1,"(x,y,z) (-x,y,-z) (-x,y,z) (x,y,-z)"
C m 2 m,189,4.0,e,m..,"(x,y,1/2) (-x,y,1/2)"
C m 2 m,189,4.0,d,m..,"(x,y,0) (-x,y,0)"
C m 2 m,189,4.0,c,.m.,"(0,y,z) (0,y,-z)"
C m 2 m,189,2.0,b,mm2,"(0,y,1/2)"
C m 2 m,189,2.0,a,mm2,"(0,y,0)"
A m 2 m,190,8.0,f,1,"(x,y,z) (-x,y,-z) (x,y,-z) (-x,y,z)"
A m 2 m,190,4.0,e,m..,"(1/2,y,z) (1/2,y,-z)"
A m 2 m,190,4.0,d,m..,"(0,y,z) (0,y,-z)"
A m 2 m,190,4.0,c,.m.,"(x,y,0) (-x,y,0)"
A m 2 m,190,2.0,b,mm2,"(1/2,y,0)"
A m 2 m,190,2.0,a,mm2,"(0,y,0)"
A b m 2,191,8.0,d,1,"(x,y,z) (-x,-y,z) (x,-y+1/2,z) (-x,y+1/2,z)"
A b m 2,191,4.0,c,.m.,"(x,1/4,z) (-x,3/4,z)"
A b m 2,191,4.0,b,..2,"(1/2,0,z) (1/2,1/2,z)"
A b m 2,191,4.0,a,..2,"(0,0,z) (0,1/2,z)"
B m a 2,192,8.0,d,1,"(x,y,z) (-x,-y,z) (-x+1/2,y,z) (x+1/2,-y,z)"
B m a 2,192,4.0,c,.m.,"(1/4,y,z) (3/4,-y,z)"
B m a 2,192,4.0,b,..2,"(0,1/2,z) (1/2,1/2,z)"
B m a 2,192,4.0,a,..2,"(0,0,z) (1/2,0,z)"
B 2 c m,193,8.0,d,1,"(x,y,z) (x,-y,-z) (x,y,-z+1/2) (x,-y,z+1/2)"
B 2 c m,193,4.0,c,.m.,"(x,y,1/4) (x,-y,3/4)"
B 2 c m,193,4.0,b,..2,"(x,1/2,0) (x,1/2,1/2)"
B 2 c m,193,4.0,a,..2,"(x,0,0) (x,0,1/2)"
C 2 m b,194,8.0,d,1,"(x,y,z) (x,-y,-z) (x,-y+1/2,z) (x,y+1/2,-z)"
C 2 m b,194,4.0,c,.m.,"(x,1/4,z) (x,3/4,-z)"
C 2 m b,194,4.0,b,..2,"(x,0,1/2) (x,1/2,1/2)"
C 2 m b,194,4.0,a,..2,"(x,0,0) (x,1/2,0)"
C m 2 a,195,8.0,d,1,"(x,y,z) (-x,y,-z) (-x+1/2,y,z) (x+1/2,y,-z)"
C m 2 a,195,4.0,c,.m.,"(1/4,y,z) (3/4,y,-z)"
C m 2 a,195,4.0,b,..2,"(0,y,1/2) (1/2,y,1/2)"
C m 2 a,195,4.0,a,..2,"(0,y,0) (1/2,y,0)"
A c 2 m,196,8.0,d,1,"(x,y,z) (-x,y,-z) (x,y,-z+1/2) (-x,y,z+1/2)"
A c 2 m,196,4.0,c,.m.,"(x,y,1/4) (-x,y,3/4)"
A c 2 m,196,4.0,b,..2,"(1/2,y,0) (1/2,y,1/2)"
A c 2 m,196,4.0,a,..2,"(0,y,0) (0,y,1/2)"
A m a 2,197,8.0,c,1,"(x,y,z) (-x,-y,z) (x+1/2,-y,z) (-x+1/2,y,z)"
A m a 2,197,4.0,b,m..,"(1/4,y,z) (3/4,-y,z)"
A m a 2,197,4.0,a,..2,"(0,0,z) (1/2,0,z)"
B b m 2,198,8.0,c,1,"(x,y,z) (-x,-y,z) (-x,y+1/2,z) (x,-y+1/2,z)"
B b m 2,198,4.0,b,m..,"(x,1/4,z) (-x,3/4,z)"
B b m 2,198,4.0,a,..2,"(0,0,z) (0,1/2,z)"
B 2 m b,199,8.0,c,1,"(x,y,z) (x,-y,-z) (x,y+1/2,-z) (x,-y+1/2,z)"
B 2 m b,199,4.0,b,m..,"(x,1/4,z) (x,3/4,-z)"
B 2 m b,199,4.0,a,..2,"(x,0,0) (x,1/2,0)"
C 2 c m,200,8.0,c,1,"(x,y,z) (x,-y,-z) (x,-y,z+1/2) (x,y,-z+1/2)"
C 2 c m,200,4.0,b,m..,"(x,y,1/4) (x,-y,3/4)"
C 2 c m,200,4.0,a,..2,"(x,0,0) (x,0,1/2)"
C c 2 m,201,8.0,c,1,"(x,y,z) (-x,y,-z) (-x,y,z+1/2) (x,y,-z+1/2)"
C c 2 m,201,4.0,b,m..,"(x,y,1/4) (-x,y,3/4)"
C c 2 m,201,4.0,a,..2,"(0,y,0) (0,y,1/2)"
A m 2 a,202,8.0,c,1,"(x,y,z) (-x,y,-z) (x+1/2,y,-z) (-x+1/2,y,z)"
A m 2 a,202,4.0,b,m..,"(1/4,y,z) (3/4,y,-z)"
A m 2 a,202,4.0,a,..2,"(0,y,0) (1/2,y,0)"
A b a 2,203,8.0,b,1,"(x,y,z) (-x,-y,z) (x+1/2,-y+1/2,z) (-x+1/2,y+1/2,z)"
A b a 2,203,4.0,a,..2,"(0,0,z) (1/2,1/2,z)"
B b a 2,204,8.0,b,1,"(x,y,z) (-x,-y,z) (-x+1/2,y+1/2,z) (x+1/2,-y+1/2,z)"
B b a 2,204,4.0,a,..2,"(0,0,z) (1/2,1/2,z)"
B 2 c b,205,8.0,b,1,"(x,y,z) (x,-y,-z) (x,y+1/2,-z+1/2) (x,-y+1/2,z+1/2)"
B 2 c b,205,4.0,a,..2,"(x,0,0) (x,1/2,1/2)"
C 2 c b,206,8.0,b,1,"(x,y,z) (x,-y,-z) (x,-y+1/2,z+1/2) (x,y+1/2,-z+1/2)"
C 2 c b,206,4.0,a,..2,"(x,0,0) (x,1/2,1/2)"
C c 2 a,207,8.0,b,1,"(x,y,z) (-x,y,-z) (-x+1/2,y,z+1/2) (x+1/2,y,-z+1/2)"
C c 2 a,207,4.0,a,..2,"(0,y,0) (1/2,y,1/2)"
A c 2 a,208,8.0,b,1,"(x,y,z) (-x,y,-z) (x+1/2,y,-z+1/2) (-x+1/2,y,z+1/2)"
A c 2 a,208,4.0,a,..2,"(0,y,0) (1/2,y,1/2)"
F m m 2,209,16.0,e,1,"(x,y,z) (-x,-y,z) (x,-y,z) (-x,y,z)"
F m m 2,209,8.0,d,.m.,"(x,0,z) (-x,0,z)"
F m m 2,209,8.0,c,m..,"(0,y,z) (0,-y,z)"
F m m 2,209,8.0,b,..2,"(1/4,1/4,z) (1/4,3/4,z)"
F m m 2,209,4.0,a,mm2,"(0,0,z)"
F 2 m m,210,16.0,e,1,"(x,y,z) (x,-y,-z) (x,y,-z) (x,-y,z)"
F 2 m m,210,8.0,d,.m.,"(x,y,0) (x,-y,0)"
F 2 m m,210,8.0,c,m..,"(x,0,z) (x,0,-z)"
F 2 m m,210,8.0,b,..2,"(x,1/4,1/4) (x,1/4,3/4)"
F 2 m m,210,4.0,a,mm2,"(x,0,0)"
F m 2 m,211,16.0,e,1,"(x,y,z) (-x,y,-z) (-x,y,z) (x,y,-z)"
F m 2 m,211,8.0,d,.m.,"(0,y,z) (0,y,-z)"
F m 2 m,211,8.0,c,m..,"(x,y,0) (-x,y,0)"
F m 2 m,211,8.0,b,..2,"(1/4,y,1/4) (3/4,y,1/4)"
F m 2 m,211,4.0,a,mm2,"(0,y,0)"
F d d 2,212,16.0,b,1,"(x,y,z) (-x,-y,z) (x+1/4,-y+1/4,z+1/4) (-x+1/4,y+1/4,z+1/4)"
F d d 2,212,8.0,a,..2,"(0,0,z) (1/4,1/4,z+1/4)"
F 2 d d,213,16.0,b,1,"(x,y,z) (x,-y,-z) (x+1/4,y+1/4,-z+1/4) (x+1/4,-y+1/4,z+1/4)"
F 2 d d,213,8.0,a,..2,"(x,0,0) (x+1/4,1/4,1/4)"
F d 2 d,214,16.0,b,1,"(x,y,z) (-x,y,-z) (-x+1/4,y+1/4,z+1/4) (x+1/4,y+1/4,-z+1/4)"
F d 2 d,214,8.0,a,..2,"(0,y,0) (1/4,y+1/4,1/4)"
I m m 2,215,8.0,e,1,"(x,y,z) (-x,-y,z) (x,-y,z) (-x,y,z)"
I m m 2,215,4.0,d,m..,"(0,y,z) (0,-y,z)"
I m m 2,215,4.0,c,.m.,"(x,0,z) (-x,0,z)"
I m m 2,215,2.0,b,mm2,"(0,1/2,z)"
I m m 2,215,2.0,a,mm2,"(0,0,z)"
I 2 m m,216,8.0,e,1,"(x,y,z) (x,-y,-z) (x,y,-z) (x,-y,z)"
I 2 m m,216,4.0,d,m..,"(x,0,z) (x,0,-z)"
I 2 m m,216,4.0,c,.m.,"(x,y,0) (x,-y,0)"
I 2 m m,216,2.0,b,mm2,"(x,0,1/2)"
I 2 m m,216,2.0,a,mm2,"(x,0,0)"
I m 2 m,217,8.0,e,1,"(x,y,z) (-x,y,-z) (-x,y,z) (x,y,-z)"
I m 2 m,217,4.0,d,m..,"(x,y,0) (-x,y,0)"
I m 2 m,217,4.0,c,.m.,"(0,y,z) (0,y,-z)"
I m 2 m,217,2.0,b,mm2,"(1/2,y,0)"
I m 2 m,217,2.0,a,mm2,"(0,y,0)"
I b a 2,218,8.0,c,1,"(x,y,z) (-x,-y,z) (x+1/2,-y+1/2,z) (-x+1/2,y+1/2,z)"
I b a 2,218,4.0,b,..2,"(0,1/2,z) (1/2,0,z)"
I b a 2,218,4.0,a,..2,"(0,0,z) (1/2,1/2,z)"
I 2 c b,219,8.0,c,1,"(x,y,z) (x,-y,-z) (x,y+1/2,-z+1/2) (x,-y+1/2,z+1/2)"
I 2 c b,219,4.0,b,..2,"(x,0,1/2) (x,1/2,0)"
I 2 c b,219,4.0,a,..2,"(x,0,0) (x,1/2,1/2)"
I c 2 a,220,8.0,c,1,"(x,y,z) (-x,y,-z) (-x+1/2,y,z+1/2) (x+1/2,y,-z+1/2)"
I c 2 a,220,4.0,b,..2,"(1/2,y,0) (0,y,1/2)"
I c 2 a,220,4.0,a,..2,"(0,y,0) (1/2,y,1/2)"
I m a 2,221,8.0,c,1,"(x,y,z) (-x,-y,z) (x+1/2,-y,z) (-x+1/2,y,z)"
I m a 2,221,4.0,b,m..,"(1/4,y,z) (3/4,-y,z)"
I m a 2,221,4.0,a,..2,"(0,0,z) (1/2,0,z)"
I b m 2,222,8.0,c,1,"(x,y,z) (-x,-y,z) (-x,y+1/2,z) (x,-y+1/2,z)"
I b m 2,222,4.0,b,m..,"(x,1/4,z) (-x,3/4,z)"
I b m 2,222,4.0,a,..2,"(0,0,z) (0,1/2,z)"
I 2 m b,223,8.0,c,1,"(x,y,z) (x,-y,-z) (x,y+1/2,-z) (x,-y+1/2,z)"
I 2 m b,223,4.0,b,m..,"(x,1/4,z) (x,3/4,-z)"
I 2 m b,223,4.0,a,..2,"(x,0,0) (x,1/2,0)"
I 2 c m,224,8.0,c,1,"(x,y,z) (x,-y,-z) (x,-y,z+1/2) (x,y,-z+1/2)"
I 2 c m,224,4.0,b,m..,"(x,y,1/4) (x,-y,3/4)"
I 2 c m,224,4.0,a,..2,"(x,0,0) (x,0,1/2)"
I c 2 m,225,8.0,c,1,"(x,y,z) (-x,y,-z) (-x,y,z+1/2) (x,y,-z+1/2)"
I c 2 m,225,4.0,b,m..,"(x,y,1/4) (-x,y,3/4)"
I c 2 m,225,4.0,a,..2,"(0,y,0) (0,y,1/2)"
I m 2 a,226,8.0,c,1,"(x,y,z) (-x,y,-z) (x+1/2,y,-z) (-x+1/2,y,z)"
I m 2 a,226,4.0,b,m..,"(1/4,y,z) (3/4,y,-z)"
I m 2 a,226,4.0,a,..2,"(0,y,0) (1/2,y,0)"
P 2/m 2/m 2/m,227,8.0,A,1,"(x,y,z) (-x,-y,z) (-x,y,-z) (x,-y,-z) (-x,-y,-z) (x,y,-z) (x,-y,z) (-x,y,z)"
P 2/m 2/m 2/m,227,4.0,z,..m,"(x,y,1/2) (-x,-y,1/2) (-x,y,1/2) (x,-y,1/2)"
P 2/m 2/m 2/m,227,4.0,y,..m,"(x,y,0) (-x,-y,0) (-x,y,0) (x,-y,0)"
P 2/m 2/m 2/m,227,4.0,x,.m.,"(x,1/2,z) (-x,1/2,z) (-x,1/2,-z) (x,1/2,-z)"
P 2/m 2/m 2/m,227,4.0,w,.m.,"(x,0,z) (-x,0,z) (-x,0,-z) (x,0,-z)"
P 2/m 2/m 2/m,227,4.0,v,m..,"(1/2,y,z) (1/2,-y,z) (1/2,y,-z) (1/2,-y,-z)"
P 2/m 2/m 2/m,227,4.0,u,m..,"(0,y,z) (0,-y,z) (0,y,-z) (0,-y,-z)"
P 2/m 2/m 2/m,227,2.0,t,mm2,"(1/2,1/2,z) (1/2,1/2,-z)"
P 2/m 2/m 2/m,227,2.0,s,mm2,"(1/2,0,z) (1/2,0,-z)"
P 2/m 2/m 2/m,227,2.0,r,mm2,"(0,1/2,z) (0,1/2,-z)"
P 2/m 2/m 2/m,227,2.0,q,mm2,"(0,0,z) (0,0,-z)"
P 2/m 2/m 2/m,227,2.0,p,m2m,"(1/2,y,1/2) (1/2,-y,1/2)"
P 2/m 2/m 2/m,227,2.0,o,m2m,"(1/2,y,0) (1/2,-y,0)"
P 2/m 2/m 2/m,227,2.0,n,m2m,"(0,y,1/2) (0,-y,1/2)"
P 2/m 2/m 2/m,227,2.0,m,m2m,"(0,y,0) (0,-y,0)"
P 2/m 2/m 2/m,227,2.0,l,2mm,"(x,1/2,1/2) (-x,1/2,1/2)"
P 2/m 2/m 2/m,227,2.0,k,2mm,"(x,1/2,0) (-x,1/2,0)"
P 2/m 2/m 2/m,227,2.0,j,2mm,"(x,0,1/2) (-x,0,1/2)"
P 2/m 2/m 2/m,227,2.0,i,2mm,"(x,0,0) (-x,0,0)"
P 2/m 2/m 2/m,227,1.0,h,mmm,"(1/2,1/2,1/2)"
P 2/m 2/m 2/m,227,1.0,g,mmm,"(0,1/2,1/2)"
P 2/m 2/m 2/m,227,1.0,f,mmm,"(1/2,1/2,0)"
P 2/m 2/m 2/m,227,1.0,e,mmm,"(0,1/2,0)"
P 2/m 2/m 2/m,227,1.0,d,mmm,"(1/2,0,1/2)"
P 2/m 2/m 2/m,227,1.0,c,mmm,"(0,0,1/2)"
P 2/m 2/m 2/m,227,1.0,b,mmm,"(1/2,0,0)"
P 2/m 2/m 2/m,227,1.0,a,mmm,"(0,0,0)"
P 2/n 2/n 2/n,228,8.0,m,1,"(x,y,z) (-x,-y,z) (-x,y,-z) (x,-y,-z) (-x+1/2,-y+1/2,-z+1/2) (x+1/2,y+1/2,-z+1/2) (x+1/2,-y+1/2,z+1/2) (-x+1/2,y+1/2,z+1/2)"
P 2/n 2/n 2/n,228,4.0,l,..2,"(0,1/2,z) (0,1/2,-z) (1/2,0,-z+1/2) (1/2,0,z+1/2)"
P 2/n 2/n 2/n,228,4.0,k,..2,"(0,0,z) (0,0,-z) (1/2,1/2,-z+1/2) (1/2,1/2,z+1/2)"
P 2/n 2/n 2/n,228,4.0,j,.2.,"(1/2,y,0) (1/2,-y,0) (0,-y+1/2,1/2) (0,y+1/2,1/2)"
P 2/n 2/n 2/n,228,4.0,i,.2.,"(0,y,0) (0,-y,0) (1/2,-y+1/2,1/2) (1/2,y+1/2,1/2)"
P 2/n 2/n 2/n,228,4.0,h,2..,"(x,0,1/2) (-x,0,1/2) (-x+1/2,1/2,0) (x+1/2,1/2,0)"
P 2/n 2/n 2/n,228,4.0,g,2..,"(x,0,0) (-x,0,0) (-x+1/2,1/2,1/2) (x+1/2,1/2,1/2)"
P 2/n 2/n 2/n,228,4.0,f,-1,"(3/4,3/4,3/4) (1/4,1/4,3/4) (1/4,3/4,1/4) (3/4,1/4,1/4)"
P 2/n 2/n 2/n,228,4.0,e,-1,"(1/4,1/4,1/4) (3/4,3/4,1/4) (3/4,1/4,3/4) (1/4,3/4,3/4)"
P 2/n 2/n 2/n,228,2.0,d,222,"(0,1/2,0) (1/2,0,1/2)"
P 2/n 2/n 2/n,228,2.0,c,222,"(0,0,1/2) (1/2,1/2,0)"
P 2/n 2/n 2/n,228,2.0,b,222,"(1/2,0,0) (0,1/2,1/2)"
P 2/n 2/n 2/n,228,2.0,a,222,"(0,0,0) (1/2,1/2,1/2)"
P 2/n 2/n 2/n,229,8.0,m,1,"(x,y,z) (-x+1/2,-y+1/2,z) (-x+1/2,y,-z+1/2) (x,-y+1/2,-z+1/2) (-x,-y,-z) (x+1/2,y+1/2,-z) (x+1/2,-y,z+1/2) (-x,y+1/2,z+1/2)"
P 2/n 2/n 2/n,229,4.0,l,..2,"(1/4,3/4,z) (1/4,3/4,-z+1/2) (3/4,1/4,-z) (3/4,1/4,z+1/2)"
P 2/n 2/n 2/n,229,4.0,k,..2,"(1/4,1/4,z) (1/4,1/4,-z+1/2) (3/4,3/4,-z) (3/4,3/4,z+1/2)"
P 2/n 2/n 2/n,229,4.0,j,.2.,"(3/4,y,1/4) (3/4,-y+1/2,1/4) (1/4,-y,3/4) (1/4,y+1/2,3/4)"
P 2/n 2/n 2/n,229,4.0,i,.2.,"(1/4,y,1/4) (1/4,-y+1/2,1/4) (3/4,-y,3/4) (3/4,y+1/2,3/4)"
P 2/n 2/n 2/n,229,4.0,h,2..,"(x,1/4,3/4) (-x+1/2,1/4,3/4) (-x,3/4,1/4) (x+1/2,3/4,1/4)"
P 2/n 2/n 2/n,229,4.0,g,2..,"(x,1/4,1/4) (-x+1/2,1/4,1/4) (-x,3/4,3/4) (x+1/2,3/4,3/4)"
P 2/n 2/n 2/n,229,4.0,f,-1,"(0,0,0) (1/2,1/2,0) (1/2,0,1/2) (0,1/2,1/2)"
P 2/n 2/n 2/n,229,4.0,e,-1,"(1/2,1/2,1/2) (0,0,1/2) (0,1/2,0) (1/2,0,0)"
P 2/n 2/n 2/n,229,2.0,d,222,"(1/4,3/4,1/4) (3/4,1/4,3/4)"
P 2/n 2/n 2/n,229,2.0,c,222,"(1/4,1/4,3/4) (3/4,3/4,1/4)"
P 2/n 2/n 2/n,229,2.0,b,222,"(3/4,1/4,1/4) (1/4,3/4,3/4)"
P 2/n 2/n 2/n,229,2.0,a,222,"(1/4,1/4,1/4) (3/4,3/4,3/4)"
P 2/c 2/c 2/m,230,8.0,r,1,"(x,y,z) (-x,-y,z) (-x,y,-z+1/2) (x,-y,-z+1/2) (-x,-y,-z) (x,y,-z) (x,-y,z+1/2) (-x,y,z+1/2)"
P 2/c 2/c 2/m,230,4.0,q,..m,"(x,y,0) (-x,-y,0) (-x,y,1/2) (x,-y,1/2)"
P 2/c 2/c 2/m,230,4.0,p,..2,"(1/2,0,z) (1/2,0,-z+1/2) (1/2,0,-z) (1/2,0,z+1/2)"
P 2/c 2/c 2/m,230,4.0,o,..2,"(0,1/2,z) (0,1/2,-z+1/2) (0,1/2,-z) (0,1/2,z+1/2)"
P 2/c 2/c 2/m,230,4.0,n,..2,"(1/2,1/2,z) (1/2,1/2,-z+1/2) (1/2,1/2,-z) (1/2,1/2,z+1/2)"
P 2/c 2/c 2/m,230,4.0,m,..2,"(0,0,z) (0,0,-z+1/2) (0,0,-z) (0,0,z+1/2)"
P 2/c 2/c 2/m,230,4.0,l,.2.,"(1/2,y,1/4) (1/2,-y,1/4) (1/2,-y,3/4) (1/2,y,3/4)"
P 2/c 2/c 2/m,230,4.0,k,.2.,"(0,y,1/4) (0,-y,1/4) (0,-y,3/4) (0,y,3/4)"
P 2/c 2/c 2/m,230,4.0,j,2..,"(x,1/2,1/4) (-x,1/2,1/4) (-x,1/2,3/4) (x,1/2,3/4)"
P 2/c 2/c 2/m,230,4.0,i,2..,"(x,0,1/4) (-x,0,1/4) (-x,0,3/4) (x,0,3/4)"
P 2/c 2/c 2/m,230,2.0,h,222,"(1/2,1/2,1/4) (1/2,1/2,3/4)"
P 2/c 2/c 2/m,230,2.0,g,222,"(0,1/2,1/4) (0,1/2,3/4)"
P 2/c 2/c 2/m,230,2.0,f,222,"(1/2,0,1/4) (1/2,0,3/4)"
P 2/c 2/c 2/m,230,2.0,e,222,"(0,0,1/4) (0,0,3/4)"
P 2/c 2/c 2/m,230,2.0,d,..2/m,"(1/2,0,0) (1/2,0,1/2)"
P 2/c 2/c 2/m,230,2.0,c,..2/m,"(0,1/2,0) (0,1/2,1/2)"
P 2/c 2/c 2/m,230,2.0,b,..2/m,"(1/2,1/2,0) (1/2,1/2,1/2)"
P 2/c 2/c 2/m,230,2.0,a,..2/m,"(0,0,0) (0,0,1/2)"
P 2/m 2/a 2/a,231,8.0,r,1,"(x,y,z) (x,-y,-z) (-x+1/2,-y,z) (-x+1/2,y,-z) (-x,-y,-z) (-x,y,z) (x+1/2,y,-z) (x+1/2,-y,z)"
P 2/m 2/a 2/a,231,4.0,q,..m,"(0,y,z) (0,-y,-z) (1/2,-y,z) (1/2,y,-z)"
P 2/m 2/a 2/a,231,4.0,p,..2,"(x,1/2,0) (-x+1/2,1/2,0) (-x,1/2,0) (x+1/2,1/2,0)"
P 2/m 2/a 2/a,231,4.0,o,..2,"(x,0,1/2) (-x+1/2,0,1/2) (-x,0,1/2) (x+1/2,0,1/2)"
P 2/m 2/a 2/a,231,4.0,n,..2,"(x,1/2,1/2) (-x+1/2,1/2,1/2) (-x,1/2,1/2) (x+1/2,1/2,1/2)"
P 2/m 2/a 2/a,231,4.0,m,..2,"(x,0,0) (-x+1/2,0,0) (-x,0,0) (x+1/2,0,0)"
P 2/m 2/a 2/a,231,4.0,l,.2.,"(1/4,1/2,z) (1/4,1/2,-z) (3/4,1/2,-z) (3/4,1/2,z)"
P 2/m 2/a 2/a,231,4.0,k,.2.,"(1/4,0,z) (1/4,0,-z) (3/4,0,-z) (3/4,0,z)"
P 2/m 2/a 2/a,231,4.0,j,2..,"(1/4,y,1/2) (1/4,-y,1/2) (3/4,-y,1/2) (3/4,y,1/2)"
P 2/m 2/a 2/a,231,4.0,i,2..,"(1/4,y,0) (1/4,-y,0) (3/4,-y,0) (3/4,y,0)"
P 2/m 2/a 2/a,231,2.0,h,222,"(1/4,1/2,1/2) (3/4,1/2,1/2)"
P 2/m 2/a 2/a,231,2.0,g,222,"(1/4,0,1/2) (3/4,0,1/2)"
P 2/m 2/a 2/a,231,2.0,f,222,"(1/4,1/2,0) (3/4,1/2,0)"
P 2/m 2/a 2/a,231,2.0,e,222,"(1/4,0,0) (3/4,0,0)"
P 2/m 2/a 2/a,231,2.0,d,..2/m,"(0,1/2,0) (1/2,1/2,0)"
P 2/m 2/a 2/a,231,2.0,c,..2/m,"(0,0,1/2) (1/2,0,1/2)"
P 2/m 2/a 2/a,231,2.0,b,..2/m,"(0,1/2,1/2) (1/2,1/2,1/2)"
P 2/m 2/a 2/a,231,2.0,a,..2/m,"(0,0,0) (1/2,0,0)"
P 2/b 2/m 2/b,232,8.0,r,1,"(x,y,z) (-x,y,-z) (x,-y+1/2,-z) (-x,-y+1/2,z) (-x,-y,-z) (x,-y,z) (-x,y+1/2,z) (x,y+1/2,-z)"
P 2/b 2/m 2/b,232,4.0,q,..m,"(x,0,z) (-x,0,-z) (x,1/2,-z) (-x,1/2,z)"
P 2/b 2/m 2/b,232,4.0,p,..2,"(0,y,1/2) (0,-y+1/2,1/2) (0,-y,1/2) (0,y+1/2,1/2)"
P 2/b 2/m 2/b,232,4.0,o,..2,"(1/2,y,0) (1/2,-y+1/2,0) (1/2,-y,0) (1/2,y+1/2,0)"
P 2/b 2/m 2/b,232,4.0,n,..2,"(1/2,y,1/2) (1/2,-y+1/2,1/2) (1/2,-y,1/2) (1/2,y+1/2,1/2)"
P 2/b 2/m 2/b,232,4.0,m,..2,"(0,y,0) (0,-y+1/2,0) (0,-y,0) (0,y+1/2,0)"
P 2/b 2/m 2/b,232,4.0,l,.2.,"(x,1/4,1/2) (-x,1/4,1/2) (-x,3/4,1/2) (x,3/4,1/2)"
P 2/b 2/m 2/b,232,4.0,k,.2.,"(x,1/4,0) (-x,1/4,0) (-x,3/4,0) (x,3/4,0)"
P 2/b 2/m 2/b,232,4.0,j,2..,"(1/2,1/4,z) (1/2,1/4,-z) (1/2,3/4,-z) (1/2,3/4,z)"
P 2/b 2/m 2/b,232,4.0,i,2..,"(0,1/4,z) (0,1/4,-z) (0,3/4,-z) (0,3/4,z)"
P 2/b 2/m 2/b,232,2.0,h,222,"(1/2,1/4,1/2) (1/2,3/4,1/2)"
P 2/b 2/m 2/b,232,2.0,g,222,"(1/2,1/4,0) (1/2,3/4,0)"
P 2/b 2/m 2/b,232,2.0,f,222,"(0,1/4,1/2) (0,3/4,1/2)"
P 2/b 2/m 2/b,232,2.0,e,222,"(0,1/4,0) (0,3/4,0)"
P 2/b 2/m 2/b,232,2.0,d,..2/m,"(0,0,1/2) (0,1/2,1/2)"
P 2/b 2/m 2/b,232,2.0,c,..2/m,"(1/2,0,0) (1/2,1/2,0)"
P 2/b 2/m 2/b,232,2.0,b,..2/m,"(1/2,0,1/2) (1/2,1/2,1/2)"
P 2/b 2/m 2/b,232,2.0,a,..2/m,"(0,0,0) (0,1/2,0)"
P 2/b 2/a 2/n,233,8.0,m,1,"(x,y,z) (-x,-y,z) (-x,y,-z) (x,-y,-z) (-x+1/2,-y+1/2,-z) (x+1/2,y+1/2,-z) (x+1/2,-y+1/2,z) (-x+1/2,y+1/2,z)"
P 2/b 2/a 2/n,233,4.0,l,..2,"(0,1/2,z) (0,1/2,-z) (1/2,0,-z) (1/2,0,z)"
P 2/b 2/a 2/n,233,4.0,k,..2,"(0,0,z) (0,0,-z) (1/2,1/2,-z) (1/2,1/2,z)"
P 2/b 2/a 2/n,233,4.0,j,.2.,"(0,y,1/2) (0,-y,1/2) (1/2,-y+1/2,1/2) (1/2,y+1/2,1/2)"
P 2/b 2/a 2/n,233,4.0,i,.2.,"(0,y,0) (0,-y,0) (1/2,-y+1/2,0) (1/2,y+1/2,0)"
P 2/b 2/a 2/n,233,4.0,h,2..,"(x,0,1/2) (-x,0,1/2) (-x+1/2,1/2,1/2) (x+1/2,1/2,1/2)"
P 2/b 2/a 2/n,233,4.0,g,2..,"(x,0,0) (-x,0,0) (-x+1/2,1/2,0) (x+1/2,1/2,0)"
P 2/b 2/a 2/n,233,4.0,f,-1,"(1/4,1/4,1/2) (3/4,3/4,1/2) (3/4,1/4,1/2) (1/4,3/4,1/2)"
P 2/b 2/a 2/n,233,4.0,e,-1,"(1/4,1/4,0) (3/4,3/4,0) (3/4,1/4,0) (1/4,3/4,0)"
P 2/b 2/a 2/n,233,2.0,d,222,"(0,0,1/2) (1/2,1/2,1/2)"
P 2/b 2/a 2/n,233,2.0,c,222,"(1/2,0,1/2) (0,1/2,1/2)"
P 2/b 2/a 2/n,233,2.0,b,222,"(1/2,0,0) (0,1/2,0)"
P 2/b 2/a 2/n,233,2.0,a,222,"(0,0,0) (1/2,1/2,0)"
P 2/b 2/a 2/n,234,8.0,m,1,"(x,y,z) (-x+1/2,-y+1/2,z) (-x+1/2,y,-z) (x,-y+1/2,-z) (-x,-y,-z) (x+1/2,y+1/2,-z) (x+1/2,-y,z) (-x,y+1/2,z)"
P 2/b 2/a 2/n,234,4.0,l,..2,"(1/4,3/4,z) (1/4,3/4,-z) (3/4,1/4,-z) (3/4,1/4,z)"
P 2/b 2/a 2/n,234,4.0,k,..2,"(1/4,1/4,z) (1/4,1/4,-z) (3/4,3/4,-z) (3/4,3/4,z)"
P 2/b 2/a 2/n,234,4.0,j,.2.,"(1/4,y,1/2) (1/4,-y+1/2,1/2) (3/4,-y,1/2) (3/4,y+1/2,1/2)"
P 2/b 2/a 2/n,234,4.0,i,.2.,"(1/4,y,0) (1/4,-y+1/2,0) (3/4,-y,0) (3/4,y+1/2,0)"
P 2/b 2/a 2/n,234,4.0,h,2..,"(x,1/4,1/2) (-x+1/2,1/4,1/2) (-x,3/4,1/2) (x+1/2,3/4,1/2)"
P 2/b 2/a 2/n,234,4.0,g,2..,"(x,1/4,0) (-x+1/2,1/4,0) (-x,3/4,0) (x+1/2,3/4,0)"
P 2/b 2/a 2/n,234,4.0,f,-1,"(0,0,1/2) (1/2,1/2,1/2) (1/2,0,1/2) (0,1/2,1/2)"
P 2/b 2/a 2/n,234,4.0,e,-1,"(0,0,0) (1/2,1/2,0) (1/2,0,0) (0,1/2,0)"
P 2/b 2/a 2/n,234,2.0,d,222,"(1/4,1/4,1/2) (3/4,3/4,1/2)"
P 2/b 2/a 2/n,234,2.0,c,222,"(3/4,1/4,1/2) (1/4,3/4,1/2)"
P 2/b 2/a 2/n,234,2.0,b,222,"(3/4,1/4,0) (1/4,3/4,0)"
P 2/b 2/a 2/n,234,2.0,a,222,"(1/4,1/4,0) (3/4,3/4,0)"
P 2/n 2/c 2/b,235,8.0,m,1,"(x,y,z) (x,-y,-z) (-x,-y,z) (-x,y,-z) (-x,-y+1/2,-z+1/2) (-x,y+1/2,z+1/2) (x,y+1/2,-z+1/2) (x,-y+1/2,z+1/2)"
P 2/n 2/c 2/b,235,4.0,l,..2,"(x,0,1/2) (-x,0,1/2) (-x,1/2,0) (x,1/2,0)"
P 2/n 2/c 2/b,235,4.0,k,..2,"(x,0,0) (-x,0,0) (-x,1/2,1/2) (x,1/2,1/2)"
P 2/n 2/c 2/b,235,4.0,j,.2.,"(1/2,0,z) (1/2,0,-z) (1/2,1/2,-z+1/2) (1/2,1/2,z+1/2)"
P 2/n 2/c 2/b,235,4.0,i,.2.,"(0,0,z) (0,0,-z) (0,1/2,-z+1/2) (0,1/2,z+1/2)"
P 2/n 2/c 2/b,235,4.0,h,2..,"(1/2,y,0) (1/2,-y,0) (1/2,-y+1/2,1/2) (1/2,y+1/2,1/2)"
P 2/n 2/c 2/b,235,4.0,g,2..,"(0,y,0) (0,-y,0) (0,-y+1/2,1/2) (0,y+1/2,1/2)"
P 2/n 2/c 2/b,235,4.0,f,-1,"(1/2,1/4,1/4) (1/2,3/4,3/4) (1/2,3/4,1/4) (1/2,1/4,3/4)"
P 2/n 2/c 2/b,235,4.0,e,-1,"(0,1/4,1/4) (0,3/4,3/4) (0,3/4,1/4) (0,1/4,3/4)"
P 2/n 2/c 2/b,235,2.0,d,222,"(1/2,0,0) (1/2,1/2,1/2)"
P 2/n 2/c 2/b,235,2.0,c,222,"(1/2,1/2,0) (1/2,0,1/2)"
P 2/n 2/c 2/b,235,2.0,b,222,"(0,1/2,0) (0,0,1/2)"
P 2/n 2/c 2/b,235,2.0,a,222,"(0,0,0) (0,1/2,1/2)"
P 2/n 2/c 2/b,236,8.0,m,1,"(x,y,z) (x,-y+1/2,-z+1/2) (-x,-y+1/2,z) (-x,y,-z+1/2) (-x,-y,-z) (-x,y+1/2,z+1/2) (x,y+1/2,-z) (x,-y,z+1/2)"
P 2/n 2/c 2/b,236,4.0,l,..2,"(x,1/4,3/4) (-x,1/4,3/4) (-x,3/4,1/4) (x,3/4,1/4)"
P 2/n 2/c 2/b,236,4.0,k,..2,"(x,1/4,1/4) (-x,1/4,1/4) (-x,3/4,3/4) (x,3/4,3/4)"
P 2/n 2/c 2/b,236,4.0,j,.2.,"(1/2,1/4,z) (1/2,1/4,-z+1/2) (1/2,3/4,-z) (1/2,3/4,z+1/2)"
P 2/n 2/c 2/b,236,4.0,i,.2.,"(0,1/4,z) (0,1/4,-z+1/2) (0,3/4,-z) (0,3/4,z+1/2)"
P 2/n 2/c 2/b,236,4.0,h,2..,"(1/2,y,1/4) (1/2,-y+1/2,1/4) (1/2,-y,3/4) (1/2,y+1/2,3/4)"
P 2/n 2/c 2/b,236,4.0,g,2..,"(0,y,1/4) (0,-y+1/2,1/4) (0,-y,3/4) (0,y+1/2,3/4)"
P 2/n 2/c 2/b,236,4.0,f,-1,"(1/2,0,0) (1/2,1/2,1/2) (1/2,1/2,0) (1/2,0,1/2)"
P 2/n 2/c 2/b,236,4.0,e,-1,"(0,0,0) (0,1/2,1/2) (0,1/2,0) (0,0,1/2)"
P 2/n 2/c 2/b,236,2.0,d,222,"(1/2,1/4,1/4) (1/2,3/4,3/4)"
P 2/n 2/c 2/b,236,2.0,c,222,"(1/2,3/4,1/4) (1/2,1/4,3/4)"
P 2/n 2/c 2/b,236,2.0,b,222,"(0,3/4,1/4) (0,1/4,3/4)"
P 2/n 2/c 2/b,236,2.0,a,222,"(0,1/4,1/4) (0,3/4,3/4)"
P 2/c 2/n 2/a,237,8.0,m,1,"(x,y,z) (-x,y,-z) (x,-y,-z) (-x,-y,z) (-x+1/2,-y,-z+1/2) (x+1/2,-y,z+1/2) (-x+1/2,y,z+1/2) (x+1/2,y,-z+1/2)"
P 2/c 2/n 2/a,237,4.0,l,..2,"(1/2,y,0) (1/2,-y,0) (0,-y,1/2) (0,y,1/2)"
P 2/c 2/n 2/a,237,4.0,k,..2,"(0,y,0) (0,-y,0) (1/2,-y,1/2) (1/2,y,1/2)"
P 2/c 2/n 2/a,237,4.0,j,.2.,"(x,1/2,0) (-x,1/2,0) (-x+1/2,1/2,1/2) (x+1/2,1/2,1/2)"
P 2/c 2/n 2/a,237,4.0,i,.2.,"(x,0,0) (-x,0,0) (-x+1/2,0,1/2) (x+1/2,0,1/2)"
P 2/c 2/n 2/a,237,4.0,h,2..,"(0,1/2,z) (0,1/2,-z) (1/2,1/2,-z+1/2) (1/2,1/2,z+1/2)"
P 2/c 2/n 2/a,237,4.0,g,2..,"(0,0,z) (0,0,-z) (1/2,0,-z+1/2) (1/2,0,z+1/2)"
P 2/c 2/n 2/a,237,4.0,f,-1,"(1/4,1/2,1/4) (3/4,1/2,3/4) (1/4,1/2,3/4) (3/4,1/2,1/4)"
P 2/c 2/n 2/a,237,4.0,e,-1,"(1/4,0,1/4) (3/4,0,3/4) (1/4,0,3/4) (3/4,0,1/4)"
P 2/c 2/n 2/a,237,2.0,d,222,"(0,1/2,0) (1/2,1/2,1/2)"
P 2/c 2/n 2/a,237,2.0,c,222,"(0,1/2,1/2) (1/2,1/2,0)"
P 2/c 2/n 2/a,237,2.0,b,222,"(0,0,1/2) (1/2,0,0)"
P 2/c 2/n 2/a,237,2.0,a,222,"(0,0,0) (1/2,0,1/2)"
P 2/c 2/n 2/a,238,8.0,m,1,"(x,y,z) (-x+1/2,y,-z+1/2) (x,-y,-z+1/2) (-x+1/2,-y,z) (-x,-y,-z) (x+1/2,-y,z+1/2) (-x,y,z+1/2) (x+1/2,y,-z)"
P 2/c 2/n 2/a,238,4.0,l,..2,"(3/4,y,1/4) (3/4,-y,1/4) (1/4,-y,3/4) (1/4,y,3/4)"
P 2/c 2/n 2/a,238,4.0,k,..2,"(1/4,y,1/4) (1/4,-y,1/4) (3/4,-y,3/4) (3/4,y,3/4)"
P 2/c 2/n 2/a,238,4.0,j,.2.,"(x,1/2,1/4) (-x+1/2,1/2,1/4) (-x,1/2,3/4) (x+1/2,1/2,3/4)"
P 2/c 2/n 2/a,238,4.0,i,.2.,"(x,0,1/4) (-x+1/2,0,1/4) (-x,0,3/4) (x+1/2,0,3/4)"
P 2/c 2/n 2/a,238,4.0,h,2..,"(1/4,1/2,z) (1/4,1/2,-z+1/2) (3/4,1/2,-z) (3/4,1/2,z+1/2)"
P 2/c 2/n 2/a,238,4.0,g,2..,"(1/4,0,z) (1/4,0,-z+1/2) (3/4,0,-z) (3/4,0,z+1/2)"
P 2/c 2/n 2/a,238,4.0,f,-1,"(0,1/2,0) (1/2,1/2,1/2) (0,1/2,1/2) (1/2,1/2,0)"
P 2/c 2/n 2/a,238,4.0,e,-1,"(0,0,0) (1/2,0,1/2) (0,0,1/2) (1/2,0,0)"
P 2/c 2/n 2/a,238,2.0,d,222,"(1/4,1/2,1/4) (3/4,1/2,3/4)"
P 2/c 2/n 2/a,238,2.0,c,222,"(1/4,1/2,3/4) (3/4,1/2,1/4)"
P 2/c 2/n 2/a,238,2.0,b,222,"(1/4,0,3/4) (3/4,0,1/4)"
P 2/c 2/n 2/a,238,2.0,a,222,"(1/4,0,1/4) (3/4,0,3/4)"
P 21/m 2/m 2/a,239,8.0,l,1,"(x,y,z) (-x+1/2,-y,z) (-x,y,-z) (x+1/2,-y,-z) (-x,-y,-z) (x+1/2,y,-z) (x,-y,z) (-x+1/2,y,z)"
P 21/m 2/m 2/a,239,4.0,k,m..,"(1/4,y,z) (1/4,-y,z) (3/4,y,-z) (3/4,-y,-z)"
P 21/m 2/m 2/a,239,4.0,j,.m.,"(x,1/2,z) (-x+1/2,1/2,z) (-x,1/2,-z) (x+1/2,1/2,-z)"
P 21/m 2/m 2/a,239,4.0,i,.m.,"(x,0,z) (-x+1/2,0,z) (-x,0,-z) (x+1/2,0,-z)"
P 21/m 2/m 2/a,239,4.0,h,.2.,"(0,y,1/2) (1/2,-y,1/2) (0,-y,1/2) (1/2,y,1/2)"
P 21/m 2/m 2/a,239,4.0,g,.2.,"(0,y,0) (1/2,-y,0) (0,-y,0) (1/2,y,0)"
P 21/m 2/m 2/a,239,2.0,f,mm2,"(1/4,1/2,z) (3/4,1/2,-z)"
P 21/m 2/m 2/a,239,2.0,e,mm2,"(1/4,0,z) (3/4,0,-z)"
P 21/m 2/m 2/a,239,2.0,d,.2/m.,"(0,1/2,1/2) (1/2,1/2,1/2)"
P 21/m 2/m 2/a,239,2.0,c,.2/m.,"(0,0,1/2) (1/2,0,1/2)"
P 21/m 2/m 2/a,239,2.0,b,.2/m.,"(0,1/2,0) (1/2,1/2,0)"
P 21/m 2/m 2/a,239,2.0,a,.2/m.,"(0,0,0) (1/2,0,0)"
P 2/m 21/m 2/b,240,8.0,l,1,"(x,y,z) (-x,-y+1/2,z) (x,-y,-z) (-x,y+1/2,-z) (-x,-y,-z) (x,y+1/2,-z) (-x,y,z) (x,-y+1/2,z)"
P 2/m 21/m 2/b,240,4.0,k,m..,"(x,1/4,z) (-x,1/4,z) (x,3/4,-z) (-x,3/4,-z)"
P 2/m 21/m 2/b,240,4.0,j,.m.,"(1/2,y,z) (1/2,-y+1/2,z) (1/2,-y,-z) (1/2,y+1/2,-z)"
P 2/m 21/m 2/b,240,4.0,i,.m.,"(0,y,z) (0,-y+1/2,z) (0,-y,-z) (0,y+1/2,-z)"
P 2/m 21/m 2/b,240,4.0,h,.2.,"(x,0,1/2) (-x,1/2,1/2) (-x,0,1/2) (x,1/2,1/2)"
P 2/m 21/m 2/b,240,4.0,g,.2.,"(x,0,0) (-x,1/2,0) (-x,0,0) (x,1/2,0)"
P 2/m 21/m 2/b,240,2.0,f,mm2,"(1/2,1/4,z) (1/2,3/4,-z)"
P 2/m 21/m 2/b,240,2.0,e,mm2,"(0,1/4,z) (0,3/4,-z)"
P 2/m 21/m 2/b,240,2.0,d,.2/m.,"(1/2,0,1/2) (1/2,1/2,1/2)"
P 2/m 21/m 2/b,240,2.0,c,.2/m.,"(0,0,1/2) (0,1/2,1/2)"
P 2/m 21/m 2/b,240,2.0,b,.2/m.,"(1/2,0,0) (1/2,1/2,0)"
P 2/m 21/m 2/b,240,2.0,a,.2/m.,"(0,0,0) (0,1/2,0)"
P 2/b 21/m 2/m,241,8.0,l,1,"(x,y,z) (x,-y+1/2,-z) (-x,-y,z) (-x,y+1/2,-z) (-x,-y,-z) (-x,y+1/2,z) (x,y,-z) (x,-y+1/2,z)"
P 2/b 21/m 2/m,241,4.0,k,m..,"(x,1/4,z) (x,1/4,-z) (-x,3/4,z) (-x,3/4,-z)"
P 2/b 21/m 2/m,241,4.0,j,.m.,"(x,y,1/2) (x,-y+1/2,1/2) (-x,-y,1/2) (-x,y+1/2,1/2)"
P 2/b 21/m 2/m,241,4.0,i,.m.,"(x,y,0) (x,-y+1/2,0) (-x,-y,0) (-x,y+1/2,0)"
P 2/b 21/m 2/m,241,4.0,h,.2.,"(1/2,0,z) (1/2,1/2,-z) (1/2,0,-z) (1/2,1/2,z)"
P 2/b 21/m 2/m,241,4.0,g,.2.,"(0,0,z) (0,1/2,-z) (0,0,-z) (0,1/2,z)"
P 2/b 21/m 2/m,241,2.0,f,mm2,"(x,1/4,1/2) (-x,3/4,1/2)"
P 2/b 21/m 2/m,241,2.0,e,mm2,"(x,1/4,0) (-x,3/4,0)"
P 2/b 21/m 2/m,241,2.0,d,.2/m.,"(1/2,0,1/2) (1/2,1/2,1/2)"
P 2/b 21/m 2/m,241,2.0,c,.2/m.,"(1/2,0,0) (1/2,1/2,0)"
P 2/b 21/m 2/m,241,2.0,b,.2/m.,"(0,0,1/2) (0,1/2,1/2)"
P 2/b 21/m 2/m,241,2.0,a,.2/m.,"(0,0,0) (0,1/2,0)"
P 2/c 2/m 21/m,242,8.0,l,1,"(x,y,z) (x,-y,-z+1/2) (-x,y,-z) (-x,-y,z+1/2) (-x,-y,-z) (-x,y,z+1/2) (x,-y,z) (x,y,-z+1/2)"
P 2/c 2/m 21/m,242,4.0,k,m..,"(x,y,1/4) (x,-y,1/4) (-x,y,3/4) (-x,-y,3/4)"
P 2/c 2/m 21/m,242,4.0,j,.m.,"(x,1/2,z) (x,1/2,-z+1/2) (-x,1/2,-z) (-x,1/2,z+1/2)"
P 2/c 2/m 21/m,242,4.0,i,.m.,"(x,0,z) (x,0,-z+1/2) (-x,0,-z) (-x,0,z+1/2)"
P 2/c 2/m 21/m,242,4.0,h,.2.,"(1/2,y,0) (1/2,-y,1/2) (1/2,-y,0) (1/2,y,1/2)"
P 2/c 2/m 21/m,242,4.0,g,.2.,"(0,y,0) (0,-y,1/2) (0,-y,0) (0,y,1/2)"
P 2/c 2/m 21/m,242,2.0,f,mm2,"(x,1/2,1/4) (-x,1/2,3/4)"
P 2/c 2/m 21/m,242,2.0,e,mm2,"(x,0,1/4) (-x,0,3/4)"
P 2/c 2/m 21/m,242,2.0,d,.2/m.,"(1/2,1/2,0) (1/2,1/2,1/2)"
P 2/c 2/m 21/m,242,2.0,c,.2/m.,"(1/2,0,0) (1/2,0,1/2)"
P 2/c 2/m 21/m,242,2.0,b,.2/m.,"(0,1/2,0) (0,1/2,1/2)"
P 2/c 2/m 21/m,242,2.0,a,.2/m.,"(0,0,0) (0,0,1/2)"
P 2/m 2/c 21/m,243,8.0,l,1,"(x,y,z) (-x,y,-z+1/2) (x,-y,-z) (-x,-y,z+1/2) (-x,-y,-z) (x,-y,z+1/2) (-x,y,z) (x,y,-z+1/2)"
P 2/m 2/c 21/m,243,4.0,k,m..,"(x,y,1/4) (-x,y,1/4) (x,-y,3/4) (-x,-y,3/4)"
P 2/m 2/c 21/m,243,4.0,j,.m.,"(1/2,y,z) (1/2,y,-z+1/2) (1/2,-y,-z) (1/2,-y,z+1/2)"
P 2/m 2/c 21/m,243,4.0,i,.m.,"(0,y,z) (0,y,-z+1/2) (0,-y,-z) (0,-y,z+1/2)"
P 2/m 2/c 21/m,243,4.0,h,.2.,"(x,1/2,0) (-x,1/2,1/2) (-x,1/2,0) (x,1/2,1/2)"
P 2/m 2/c 21/m,243,4.0,g,.2.,"(x,0,0) (-x,0,1/2) (-x,0,0) (x,0,1/2)"
P 2/m 2/c 21/m,243,2.0,f,mm2,"(1/2,y,1/4) (1/2,-y,3/4)"
P 2/m 2/c 21/m,243,2.0,e,mm2,"(0,y,1/4) (0,-y,3/4)"
P 2/m 2/c 21/m,243,2.0,d,.2/m.,"(1/2,1/2,0) (1/2,1/2,1/2)"
P 2/m 2/c 21/m,243,2.0,c,.2/m.,"(0,1/2,0) (0,1/2,1/2)"
P 2/m 2/c 21/m,243,2.0,b,.2/m.,"(1/2,0,0) (1/2,0,1/2)"
P 2/m 2/c 21/m,243,2.0,a,.2/m.,"(0,0,0) (0,0,1/2)"
P 21/m 2/a 2/m,244,8.0,l,1,"(x,y,z) (-x+1/2,y,-z) (-x,-y,z) (x+1/2,-y,-z) (-x,-y,-z) (x+1/2,-y,z) (x,y,-z) (-x+1/2,y,z)"
P 21/m 2/a 2/m,244,4.0,k,m..,"(1/4,y,z) (1/4,y,-z) (3/4,-y,z) (3/4,-y,-z)"
P 21/m 2/a 2/m,244,4.0,j,.m.,"(x,y,1/2) (-x+1/2,y,1/2) (-x,-y,1/2) (x+1/2,-y,1/2)"
P 21/m 2/a 2/m,244,4.0,i,.m.,"(x,y,0) (-x+1/2,y,0) (-x,-y,0) (x+1/2,-y,0)"
P 21/m 2/a 2/m,244,4.0,h,.2.,"(0,1/2,z) (1/2,1/2,-z) (0,1/2,-z) (1/2,1/2,z)"
P 21/m 2/a 2/m,244,4.0,g,.2.,"(0,0,z) (1/2,0,-z) (0,0,-z) (1/2,0,z)"
P 21/m 2/a 2/m,244,2.0,f,mm2,"(1/4,y,1/2) (3/4,-y,1/2)"
P 21/m 2/a 2/m,244,2.0,e,mm2,"(1/4,y,0) (3/4,-y,0)"
P 21/m 2/a 2/m,244,2.0,d,.2/m.,"(0,1/2,1/2) (1/2,1/2,1/2)"
P 21/m 2/a 2/m,244,2.0,c,.2/m.,"(0,1/2,0) (1/2,1/2,0)"
P 21/m 2/a 2/m,244,2.0,b,.2/m.,"(0,0,1/2) (1/2,0,1/2)"
P 21/m 2/a 2/m,244,2.0,a,.2/m.,"(0,0,0) (1/2,0,0)"
P 2/n 21/n 2/a,245,8.0,e,1,"(x,y,z) (-x+1/2,-y,z) (-x+1/2,y+1/2,-z+1/2) (x,-y+1/2,-z+1/2) (-x,-y,-z) (x+1/2,y,-z) (x+1/2,-y+1/2,z+1/2) (-x,y+1/2,z+1/2)"
P 2/n 21/n 2/a,245,4.0,d,2..,"(x,1/4,1/4) (-x+1/2,3/4,1/4) (-x,3/4,3/4) (x+1/2,1/4,3/4)"
P 2/n 21/n 2/a,245,4.0,c,..2,"(1/4,0,z) (1/4,1/2,-z+1/2) (3/4,0,-z) (3/4,1/2,z+1/2)"
P 2/n 21/n 2/a,245,4.0,b,-1,"(0,0,1/2) (1/2,0,1/2) (1/2,1/2,0) (0,1/2,0)"
P 2/n 21/n 2/a,245,4.0,a,-1,"(0,0,0) (1/2,0,0) (1/2,1/2,1/2) (0,1/2,1/2)"
P 21/n 2/n 2/b,246,8.0,e,1,"(x,y,z) (-x,-y+1/2,z) (x+1/2,-y+1/2,-z+1/2) (-x+1/2,y,-z+1/2) (-x,-y,-z) (x,y+1/2,-z) (-x+1/2,y+1/2,z+1/2) (x+1/2,-y,z+1/2)"
P 21/n 2/n 2/b,246,4.0,d,2..,"(1/4,y,3/4) (3/4,-y+1/2,3/4) (3/4,-y,1/4) (1/4,y+1/2,1/4)"
P 21/n 2/n 2/b,246,4.0,c,..2,"(0,1/4,z) (1/2,1/4,-z+1/2) (0,3/4,-z) (1/2,3/4,z+1/2)"
P 21/n 2/n 2/b,246,4.0,b,-1,"(0,0,1/2) (0,1/2,1/2) (1/2,1/2,0) (1/2,0,0)"
P 21/n 2/n 2/b,246,4.0,a,-1,"(0,0,0) (0,1/2,0) (1/2,1/2,1/2) (1/2,0,1/2)"
P 2/b 2/n 21/n,247,8.0,e,1,"(x,y,z) (x,-y+1/2,-z) (-x+1/2,-y+1/2,z+1/2) (-x+1/2,y,-z+1/2) (-x,-y,-z) (-x,y+1/2,z) (x+1/2,y+1/2,-z+1/2) (x+1/2,-y,z+1/2)"
P 2/b 2/n 21/n,247,4.0,d,2..,"(1/4,y,1/4) (1/4,-y+1/2,3/4) (3/4,-y,3/4) (3/4,y+1/2,1/4)"
P 2/b 2/n 21/n,247,4.0,c,..2,"(x,1/4,0) (-x+1/2,1/4,1/2) (-x,3/4,0) (x+1/2,3/4,1/2)"
P 2/b 2/n 21/n,247,4.0,b,-1,"(1/2,0,0) (1/2,1/2,0) (0,1/2,1/2) (0,0,1/2)"
P 2/b 2/n 21/n,247,4.0,a,-1,"(0,0,0) (0,1/2,0) (1/2,1/2,1/2) (1/2,0,1/2)"
P 2/c 21/n 2/n,248,8.0,e,1,"(x,y,z) (x,-y,-z+1/2) (-x+1/2,y+1/2,-z+1/2) (-x+1/2,-y+1/2,z) (-x,-y,-z) (-x,y,z+1/2) (x+1/2,-y+1/2,z+1/2) (x+1/2,y+1/2,-z)"
P 2/c 21/n 2/n,248,4.0,d,2..,"(3/4,1/4,z) (3/4,3/4,-z+1/2) (1/4,3/4,-z) (1/4,1/4,z+1/2)"
P 2/c 21/n 2/n,248,4.0,c,..2,"(x,0,1/4) (-x+1/2,1/2,1/4) (-x,0,3/4) (x+1/2,1/2,3/4)"
P 2/c 21/n 2/n,248,4.0,b,-1,"(1/2,0,0) (1/2,0,1/2) (0,1/2,1/2) (0,1/2,0)"
P 2/c 21/n 2/n,248,4.0,a,-1,"(0,0,0) (0,0,1/2) (1/2,1/2,1/2) (1/2,1/2,0)"
P 21/n 2/c 2/n,249,8.0,e,1,"(x,y,z) (-x,y,-z+1/2) (x+1/2,-y+1/2,-z+1/2) (-x+1/2,-y+1/2,z) (-x,-y,-z) (x,-y,z+1/2) (-x+1/2,y+1/2,z+1/2) (x+1/2,y+1/2,-z)"
P 21/n 2/c 2/n,249,4.0,d,2..,"(1/4,1/4,z) (3/4,1/4,-z+1/2) (3/4,3/4,-z) (1/4,3/4,z+1/2)"
P 21/n 2/c 2/n,249,4.0,c,..2,"(0,y,1/4) (1/2,-y+1/2,1/4) (0,-y,3/4) (1/2,y+1/2,3/4)"
P 21/n 2/c 2/n,249,4.0,b,-1,"(0,1/2,0) (0,1/2,1/2) (1/2,0,1/2) (1/2,0,0)"
P 21/n 2/c 2/n,249,4.0,a,-1,"(0,0,0) (0,0,1/2) (1/2,1/2,1/2) (1/2,1/2,0)"
P 2/n 2/a 21/n,250,8.0,e,1,"(x,y,z) (-x+1/2,y,-z) (-x+1/2,-y+1/2,z+1/2) (x,-y+1/2,-z+1/2) (-x,-y,-z) (x+1/2,-y,z) (x+1/2,y+1/2,-z+1/2) (-x,y+1/2,z+1/2)"
P 2/n 2/a 21/n,250,4.0,d,2..,"(x,3/4,1/4) (-x+1/2,3/4,3/4) (-x,1/4,3/4) (x+1/2,1/4,1/4)"
P 2/n 2/a 21/n,250,4.0,c,..2,"(1/4,y,0) (1/4,-y+1/2,1/2) (3/4,-y,0) (3/4,y+1/2,1/2)"
P 2/n 2/a 21/n,250,4.0,b,-1,"(0,1/2,0) (1/2,1/2,0) (1/2,0,1/2) (0,0,1/2)"
P 2/n 2/a 21/n,250,4.0,a,-1,"(0,0,0) (1/2,0,0) (1/2,1/2,1/2) (0,1/2,1/2)"
P 2/m 2/n 21/a,251,8.0,i,1,"(x,y,z) (-x+1/2,-y,z+1/2) (-x+1/2,y,-z+1/2) (x,-y,-z) (-x,-y,-z) (x+1/2,y,-z+1/2) (x+1/2,-y,z+1/2) (-x,y,z)"
P 2/m 2/n 21/a,251,4.0,h,m..,"(0,y,z) (1/2,-y,z+1/2) (1/2,y,-z+1/2) (0,-y,-z)"
P 2/m 2/n 21/a,251,4.0,g,.2.,"(1/4,y,1/4) (1/4,-y,3/4) (3/4,-y,3/4) (3/4,y,1/4)"
P 2/m 2/n 21/a,251,4.0,f,2..,"(x,1/2,0) (-x+1/2,1/2,1/2) (-x,1/2,0) (x+1/2,1/2,1/2)"
P 2/m 2/n 21/a,251,4.0,e,2..,"(x,0,0) (-x+1/2,0,1/2) (-x,0,0) (x+1/2,0,1/2)"
P 2/m 2/n 21/a,251,2.0,d,2/m..,"(0,1/2,0) (1/2,1/2,1/2)"
P 2/m 2/n 21/a,251,2.0,c,2/m..,"(1/2,1/2,0) (0,1/2,1/2)"
P 2/m 2/n 21/a,251,2.0,b,2/m..,"(1/2,0,0) (0,0,1/2)"
P 2/m 2/n 21/a,251,2.0,a,2/m..,"(0,0,0) (1/2,0,1/2)"
P 2/n 2/m 21/b,252,8.0,i,1,"(x,y,z) (-x,-y+1/2,z+1/2) (x,-y+1/2,-z+1/2) (-x,y,-z) (-x,-y,-z) (x,y+1/2,-z+1/2) (-x,y+1/2,z+1/2) (x,-y,z)"
P 2/n 2/m 21/b,252,4.0,h,m..,"(x,0,z) (-x,1/2,z+1/2) (x,1/2,-z+1/2) (-x,0,-z)"
P 2/n 2/m 21/b,252,4.0,g,.2.,"(x,1/4,3/4) (-x,1/4,1/4) (-x,3/4,1/4) (x,3/4,3/4)"
P 2/n 2/m 21/b,252,4.0,f,2..,"(1/2,y,0) (1/2,-y+1/2,1/2) (1/2,-y,0) (1/2,y+1/2,1/2)"
P 2/n 2/m 21/b,252,4.0,e,2..,"(0,y,0) (0,-y+1/2,1/2) (0,-y,0) (0,y+1/2,1/2)"
P 2/n 2/m 21/b,252,2.0,d,2/m..,"(1/2,0,0) (1/2,1/2,1/2)"
P 2/n 2/m 21/b,252,2.0,c,2/m..,"(1/2,1/2,0) (1/2,0,1/2)"
P 2/n 2/m 21/b,252,2.0,b,2/m..,"(0,1/2,0) (0,0,1/2)"
P 2/n 2/m 21/b,252,2.0,a,2/m..,"(0,0,0) (0,1/2,1/2)"
P 21/b 2/m 2/n,253,8.0,i,1,"(x,y,z) (x+1/2,-y+1/2,-z) (-x+1/2,-y+1/2,z) (-x,y,-z) (-x,-y,-z) (-x+1/2,y+1/2,z) (x+1/2,y+1/2,-z) (x,-y,z)"
P 21/b 2/m 2/n,253,4.0,h,m..,"(x,0,z) (x+1/2,1/2,-z) (-x+1/2,1/2,z) (-x,0,-z)"
P 21/b 2/m 2/n,253,4.0,g,.2.,"(1/4,1/4,z) (3/4,1/4,-z) (3/4,3/4,-z) (1/4,3/4,z)"
P 21/b 2/m 2/n,253,4.0,f,2..,"(0,y,1/2) (1/2,-y+1/2,1/2) (0,-y,1/2) (1/2,y+1/2,1/2)"
P 21/b 2/m 2/n,253,4.0,e,2..,"(0,y,0) (1/2,-y+1/2,0) (0,-y,0) (1/2,y+1/2,0)"
P 21/b 2/m 2/n,253,2.0,d,2/m..,"(0,0,1/2) (1/2,1/2,1/2)"
P 21/b 2/m 2/n,253,2.0,c,2/m..,"(0,1/2,1/2) (1/2,0,1/2)"
P 21/b 2/m 2/n,253,2.0,b,2/m..,"(0,1/2,0) (1/2,0,0)"
P 21/b 2/m 2/n,253,2.0,a,2/m..,"(0,0,0) (1/2,1/2,0)"
P 21/c 2/n 2/m,254,8.0,i,1,"(x,y,z) (x+1/2,-y,-z+1/2) (-x+1/2,y,-z+1/2) (-x,-y,z) (-x,-y,-z) (-x+1/2,y,z+1/2) (x+1/2,-y,z+1/2) (x,y,-z)"
P 21/c 2/n 2/m,254,4.0,h,m..,"(x,y,0) (x+1/2,-y,1/2) (-x+1/2,y,1/2) (-x,-y,0)"
P 21/c 2/n 2/m,254,4.0,g,.2.,"(3/4,y,1/4) (1/4,-y,1/4) (1/4,-y,3/4) (3/4,y,3/4)"
P 21/c 2/n 2/m,254,4.0,f,2..,"(0,1/2,z) (1/2,1/2,-z+1/2) (0,1/2,-z) (1/2,1/2,z+1/2)"
P 21/c 2/n 2/m,254,4.0,e,2..,"(0,0,z) (1/2,0,-z+1/2) (0,0,-z) (1/2,0,z+1/2)"
P 21/c 2/n 2/m,254,2.0,d,2/m..,"(0,1/2,0) (1/2,1/2,1/2)"
P 21/c 2/n 2/m,254,2.0,c,2/m..,"(0,1/2,1/2) (1/2,1/2,0)"
P 21/c 2/n 2/m,254,2.0,b,2/m..,"(0,0,1/2) (1/2,0,0)"
P 21/c 2/n 2/m,254,2.0,a,2/m..,"(0,0,0) (1/2,0,1/2)"
P 2/n 21/c 2/m,255,8.0,i,1,"(x,y,z) (-x,y+1/2,-z+1/2) (x,-y+1/2,-z+1/2) (-x,-y,z) (-x,-y,-z) (x,-y+1/2,z+1/2) (-x,y+1/2,z+1/2) (x,y,-z)"
P 2/n 21/c 2/m,255,4.0,h,m..,"(x,y,0) (-x,y+1/2,1/2) (x,-y+1/2,1/2) (-x,-y,0)"
P 2/n 21/c 2/m,255,4.0,g,.2.,"(x,1/4,1/4) (-x,3/4,1/4) (-x,3/4,3/4) (x,1/4,3/4)"
P 2/n 21/c 2/m,255,4.0,f,2..,"(1/2,0,z) (1/2,1/2,-z+1/2) (1/2,0,-z) (1/2,1/2,z+1/2)"
P 2/n 21/c 2/m,255,4.0,e,2..,"(0,0,z) (0,1/2,-z+1/2) (0,0,-z) (0,1/2,z+1/2)"
P 2/n 21/c 2/m,255,2.0,d,2/m..,"(1/2,0,0) (1/2,1/2,1/2)"
P 2/n 21/c 2/m,255,2.0,c,2/m..,"(1/2,0,1/2) (1/2,1/2,0)"
P 2/n 21/c 2/m,255,2.0,b,2/m..,"(0,0,1/2) (0,1/2,0)"
P 2/n 21/c 2/m,255,2.0,a,2/m..,"(0,0,0) (0,1/2,1/2)"
P 2/m 21/a 2/n,256,8.0,i,1,"(x,y,z) (-x+1/2,y+1/2,-z) (-x+1/2,-y+1/2,z) (x,-y,-z) (-x,-y,-z) (x+1/2,-y+1/2,z) (x+1/2,y+1/2,-z) (-x,y,z)"
P 2/m 21/a 2/n,256,4.0,h,m..,"(0,y,z) (1/2,y+1/2,-z) (1/2,-y+1/2,z) (0,-y,-z)"
P 2/m 21/a 2/n,256,4.0,g,.2.,"(1/4,3/4,z) (1/4,1/4,-z) (3/4,1/4,-z) (3/4,3/4,z)"
P 2/m 21/a 2/n,256,4.0,f,2..,"(x,0,1/2) (-x+1/2,1/2,1/2) (-x,0,1/2) (x+1/2,1/2,1/2)"
P 2/m 21/a 2/n,256,4.0,e,2..,"(x,0,0) (-x+1/2,1/2,0) (-x,0,0) (x+1/2,1/2,0)"
P 2/m 21/a 2/n,256,2.0,d,2/m..,"(0,0,1/2) (1/2,1/2,1/2)"
P 2/m 21/a 2/n,256,2.0,c,2/m..,"(1/2,0,1/2) (0,1/2,1/2)"
P 2/m 21/a 2/n,256,2.0,b,2/m..,"(1/2,0,0) (0,1/2,0)"
P 2/m 21/a 2/n,256,2.0,a,2/m..,"(0,0,0) (1/2,1/2,0)"
P 21/c 2/c 2/a,257,8.0,f,1,"(x,y,z) (-x+1/2,-y,z) (-x,y,-z+1/2) (x+1/2,-y,-z+1/2) (-x,-y,-z) (x+1/2,y,-z) (x,-y,z+1/2) (-x+1/2,y,z+1/2)"
P 21/c 2/c 2/a,257,4.0,e,..2,"(1/4,1/2,z) (3/4,1/2,-z+1/2) (3/4,1/2,-z) (1/4,1/2,z+1/2)"
P 21/c 2/c 2/a,257,4.0,d,..2,"(1/4,0,z) (3/4,0,-z+1/2) (3/4,0,-z) (1/4,0,z+1/2)"
P 21/c 2/c 2/a,257,4.0,c,.2.,"(0,y,1/4) (1/2,-y,1/4) (0,-y,3/4) (1/2,y,3/4)"
P 21/c 2/c 2/a,257,4.0,b,-1,"(0,1/2,0) (1/2,1/2,0) (0,1/2,1/2) (1/2,1/2,1/2)"
P 21/c 2/c 2/a,257,4.0,a,-1,"(0,0,0) (1/2,0,0) (0,0,1/2) (1/2,0,1/2)"
P 2/c 21/c 2/b,258,8.0,f,1,"(x,y,z) (-x,-y+1/2,z) (x,-y,-z+1/2) (-x,y+1/2,-z+1/2) (-x,-y,-z) (x,y+1/2,-z) (-x,y,z+1/2) (x,-y+1/2,z+1/2)"
P 2/c 21/c 2/b,258,4.0,e,..2,"(1/2,1/4,z) (1/2,3/4,-z+1/2) (1/2,3/4,-z) (1/2,1/4,z+1/2)"
P 2/c 21/c 2/b,258,4.0,d,..2,"(0,1/4,z) (0,3/4,-z+1/2) (0,3/4,-z) (0,1/4,z+1/2)"
P 2/c 21/c 2/b,258,4.0,c,.2.,"(x,0,3/4) (-x,1/2,3/4) (-x,0,1/4) (x,1/2,1/4)"
P 2/c 21/c 2/b,258,4.0,b,-1,"(1/2,0,0) (1/2,1/2,0) (1/2,0,1/2) (1/2,1/2,1/2)"
P 2/c 21/c 2/b,258,4.0,a,-1,"(0,0,0) (0,1/2,0) (0,0,1/2) (0,1/2,1/2)"
P 2/b 21/a 2/a,259,8.0,f,1,"(x,y,z) (x,-y+1/2,-z) (-x+1/2,-y,z) (-x+1/2,y+1/2,-z) (-x,-y,-z) (-x,y+1/2,z) (x+1/2,y,-z) (x+1/2,-y+1/2,z)"
P 2/b 21/a 2/a,259,4.0,e,..2,"(x,1/4,1/2) (-x+1/2,3/4,1/2) (-x,3/4,1/2) (x+1/2,1/4,1/2)"
P 2/b 21/a 2/a,259,4.0,d,..2,"(x,1/4,0) (-x+1/2,3/4,0) (-x,3/4,0) (x+1/2,1/4,0)"
P 2/b 21/a 2/a,259,4.0,c,.2.,"(1/4,0,z) (1/4,1/2,-z) (3/4,0,-z) (3/4,1/2,z)"
P 2/b 21/a 2/a,259,4.0,b,-1,"(0,0,1/2) (0,1/2,1/2) (1/2,0,1/2) (1/2,1/2,1/2)"
P 2/b 21/a 2/a,259,4.0,a,-1,"(0,0,0) (0,1/2,0) (1/2,0,0) (1/2,1/2,0)"
P 2/c 2/a 21/a,260,8.0,f,1,"(x,y,z) (x,-y,-z+1/2) (-x+1/2,y,-z) (-x+1/2,-y,z+1/2) (-x,-y,-z) (-x,y,z+1/2) (x+1/2,-y,z) (x+1/2,y,-z+1/2)"
P 2/c 2/a 21/a,260,4.0,e,..2,"(x,1/2,1/4) (-x+1/2,1/2,3/4) (-x,1/2,3/4) (x+1/2,1/2,1/4)"
P 2/c 2/a 21/a,260,4.0,d,..2,"(x,0,1/4) (-x+1/2,0,3/4) (-x,0,3/4) (x+1/2,0,1/4)"
P 2/c 2/a 21/a,260,4.0,c,.2.,"(3/4,y,0) (3/4,-y,1/2) (1/4,-y,0) (1/4,y,1/2)"
P 2/c 2/a 21/a,260,4.0,b,-1,"(0,1/2,0) (0,1/2,1/2) (1/2,1/2,0) (1/2,1/2,1/2)"
P 2/c 2/a 21/a,260,4.0,a,-1,"(0,0,0) (0,0,1/2) (1/2,0,0) (1/2,0,1/2)"
P 2/b 2/c 21/b,261,8.0,f,1,"(x,y,z) (-x,y,-z+1/2) (x,-y+1/2,-z) (-x,-y+1/2,z+1/2) (-x,-y,-z) (x,-y,z+1/2) (-x,y+1/2,z) (x,y+1/2,-z+1/2)"
P 2/b 2/c 21/b,261,4.0,e,..2,"(1/2,y,1/4) (1/2,-y+1/2,3/4) (1/2,-y,3/4) (1/2,y+1/2,1/4)"
P 2/b 2/c 21/b,261,4.0,d,..2,"(0,y,1/4) (0,-y+1/2,3/4) (0,-y,3/4) (0,y+1/2,1/4)"
P 2/b 2/c 21/b,261,4.0,c,.2.,"(x,1/4,0) (-x,1/4,1/2) (-x,3/4,0) (x,3/4,1/2)"
P 2/b 2/c 21/b,261,4.0,b,-1,"(1/2,0,0) (1/2,0,1/2) (1/2,1/2,0) (1/2,1/2,1/2)"
P 2/b 2/c 21/b,261,4.0,a,-1,"(0,0,0) (0,0,1/2) (0,1/2,0) (0,1/2,1/2)"
P 21/b 2/a 2/b,262,8.0,f,1,"(x,y,z) (-x+1/2,y,-z) (-x,-y+1/2,z) (x+1/2,-y+1/2,-z) (-x,-y,-z) (x+1/2,-y,z) (x,y+1/2,-z) (-x+1/2,y+1/2,z)"
P 21/b 2/a 2/b,262,4.0,e,..2,"(1/4,y,1/2) (3/4,-y+1/2,1/2) (3/4,-y,1/2) (1/4,y+1/2,1/2)"
P 21/b 2/a 2/b,262,4.0,d,..2,"(1/4,y,0) (3/4,-y+1/2,0) (3/4,-y,0) (1/4,y+1/2,0)"
P 21/b 2/a 2/b,262,4.0,c,.2.,"(0,3/4,z) (1/2,3/4,-z) (0,1/4,-z) (1/2,1/4,z)"
P 21/b 2/a 2/b,262,4.0,b,-1,"(0,0,1/2) (1/2,0,1/2) (0,1/2,1/2) (1/2,1/2,1/2)"
P 21/b 2/a 2/b,262,4.0,a,-1,"(0,0,0) (1/2,0,0) (0,1/2,0) (1/2,1/2,0)"
P 21/b 21/a 2/m,263,8.0,i,1,"(x,y,z) (-x,-y,z) (-x+1/2,y+1/2,-z) (x+1/2,-y+1/2,-z) (-x,-y,-z) (x,y,-z) (x+1/2,-y+1/2,z) (-x+1/2,y+1/2,z)"
P 21/b 21/a 2/m,263,4.0,h,..m,"(x,y,1/2) (-x,-y,1/2) (-x+1/2,y+1/2,1/2) (x+1/2,-y+1/2,1/2)"
P 21/b 21/a 2/m,263,4.0,g,..m,"(x,y,0) (-x,-y,0) (-x+1/2,y+1/2,0) (x+1/2,-y+1/2,0)"
P 21/b 21/a 2/m,263,4.0,f,..2,"(0,1/2,z) (1/2,0,-z) (0,1/2,-z) (1/2,0,z)"
P 21/b 21/a 2/m,263,4.0,e,..2,"(0,0,z) (1/2,1/2,-z) (0,0,-z) (1/2,1/2,z)"
P 21/b 21/a 2/m,263,2.0,d,..2/m,"(0,1/2,1/2) (1/2,0,1/2)"
P 21/b 21/a 2/m,263,2.0,c,..2/m,"(0,1/2,0) (1/2,0,0)"
P 21/b 21/a 2/m,263,2.0,b,..2/m,"(0,0,1/2) (1/2,1/2,1/2)"
P 21/b 21/a 2/m,263,2.0,a,..2/m,"(0,0,0) (1/2,1/2,0)"
P 2/m 21/c 21/b,264,8.0,i,1,"(x,y,z) (x,-y,-z) (-x,-y+1/2,z+1/2) (-x,y+1/2,-z+1/2) (-x,-y,-z) (-x,y,z) (x,y+1/2,-z+1/2) (x,-y+1/2,z+1/2)"
P 2/m 21/c 21/b,264,4.0,h,..m,"(1/2,y,z) (1/2,-y,-z) (1/2,-y+1/2,z+1/2) (1/2,y+1/2,-z+1/2)"
P 2/m 21/c 21/b,264,4.0,g,..m,"(0,y,z) (0,-y,-z) (0,-y+1/2,z+1/2) (0,y+1/2,-z+1/2)"
P 2/m 21/c 21/b,264,4.0,f,..2,"(x,0,1/2) (-x,1/2,0) (-x,0,1/2) (x,1/2,0)"
P 2/m 21/c 21/b,264,4.0,e,..2,"(x,0,0) (-x,1/2,1/2) (-x,0,0) (x,1/2,1/2)"
P 2/m 21/c 21/b,264,2.0,d,..2/m,"(1/2,0,1/2) (1/2,1/2,0)"
P 2/m 21/c 21/b,264,2.0,c,..2/m,"(0,0,1/2) (0,1/2,0)"
P 2/m 21/c 21/b,264,2.0,b,..2/m,"(1/2,0,0) (1/2,1/2,1/2)"
P 2/m 21/c 21/b,264,2.0,a,..2/m,"(0,0,0) (0,1/2,1/2)"
P 21/c 2/m 21/a,265,8.0,i,1,"(x,y,z) (-x,y,-z) (x+1/2,-y,-z+1/2) (-x+1/2,-y,z+1/2) (-x,-y,-z) (x,-y,z) (-x+1/2,y,z+1/2) (x+1/2,y,-z+1/2)"
P 21/c 2/m 21/a,265,4.0,h,..m,"(x,1/2,z) (-x,1/2,-z) (x+1/2,1/2,-z+1/2) (-x+1/2,1/2,z+1/2)"
P 21/c 2/m 21/a,265,4.0,g,..m,"(x,0,z) (-x,0,-z) (x+1/2,0,-z+1/2) (-x+1/2,0,z+1/2)"
P 21/c 2/m 21/a,265,4.0,f,..2,"(1/2,y,0) (0,-y,1/2) (1/2,-y,0) (0,y,1/2)"
P 21/c 2/m 21/a,265,4.0,e,..2,"(0,y,0) (1/2,-y,1/2) (0,-y,0) (1/2,y,1/2)"
P 21/c 2/m 21/a,265,2.0,d,..2/m,"(1/2,1/2,0) (0,1/2,1/2)"
P 21/c 2/m 21/a,265,2.0,c,..2/m,"(1/2,0,0) (0,0,1/2)"
P 21/c 2/m 21/a,265,2.0,b,..2/m,"(0,1/2,0) (1/2,1/2,1/2)"
P 21/c 2/m 21/a,265,2.0,a,..2/m,"(0,0,0) (1/2,0,1/2)"
P 21/c 21/c 2/n,266,8.0,e,1,"(x,y,z) (-x+1/2,-y+1/2,z) (-x,y+1/2,-z+1/2) (x+1/2,-y,-z+1/2) (-x,-y,-z) (x+1/2,y+1/2,-z) (x,-y+1/2,z+1/2) (-x+1/2,y,z+1/2)"
P 21/c 21/c 2/n,266,4.0,d,..2,"(1/4,3/4,z) (3/4,1/4,-z+1/2) (3/4,1/4,-z) (1/4,3/4,z+1/2)"
P 21/c 21/c 2/n,266,4.0,c,..2,"(1/4,1/4,z) (3/4,3/4,-z+1/2) (3/4,3/4,-z) (1/4,1/4,z+1/2)"
P 21/c 21/c 2/n,266,4.0,b,-1,"(0,0,1/2) (1/2,1/2,1/2) (0,1/2,0) (1/2,0,0)"
P 21/c 21/c 2/n,266,4.0,a,-1,"(0,0,0) (1/2,1/2,0) (0,1/2,1/2) (1/2,0,1/2)"
P 2/n 21/a 21/a,267,8.0,e,1,"(x,y,z) (x,-y+1/2,-z+1/2) (-x+1/2,-y,z+1/2) (-x+1/2,y+1/2,-z) (-x,-y,-z) (-x,y+1/2,z+1/2) (x+1/2,y,-z+1/2) (x+1/2,-y+1/2,z)"
P 2/n 21/a 21/a,267,4.0,d,..2,"(x,1/4,3/4) (-x+1/2,3/4,1/4) (-x,3/4,1/4) (x+1/2,1/4,3/4)"
P 2/n 21/a 21/a,267,4.0,c,..2,"(x,1/4,1/4) (-x+1/2,3/4,3/4) (-x,3/4,3/4) (x+1/2,1/4,1/4)"
P 2/n 21/a 21/a,267,4.0,b,-1,"(1/2,0,0) (1/2,1/2,1/2) (0,0,1/2) (0,1/2,0)"
P 2/n 21/a 21/a,267,4.0,a,-1,"(0,0,0) (0,1/2,1/2) (1/2,0,1/2) (1/2,1/2,0)"
P 21/b 2/n 21/b,268,8.0,e,1,"(x,y,z) (-x+1/2,y,-z+1/2) (x+1/2,-y+1/2,-z) (-x,-y+1/2,z+1/2) (-x,-y,-z) (x+1/2,-y,z+1/2) (-x+1/2,y+1/2,z) (x,y+1/2,-z+1/2)"
P 21/b 2/n 21/b,268,4.0,d,..2,"(3/4,y,1/4) (1/4,-y+1/2,3/4) (1/4,-y,3/4) (3/4,y+1/2,1/4)"
P 21/b 2/n 21/b,268,4.0,c,..2,"(1/4,y,1/4) (3/4,-y+1/2,3/4) (3/4,-y,3/4) (1/4,y+1/2,1/4)"
P 21/b 2/n 21/b,268,4.0,b,-1,"(0,1/2,0) (1/2,1/2,1/2) (1/2,0,0) (0,0,1/2)"
P 21/b 2/n 21/b,268,4.0,a,-1,"(0,0,0) (1/2,0,1/2) (1/2,1/2,0) (0,1/2,1/2)"
P 2/b 21/c 21/m,269,8.0,e,1,"(x,y,z) (-x,-y,z+1/2) (-x,y+1/2,-z+1/2) (x,-y+1/2,-z) (-x,-y,-z) (x,y,-z+1/2) (x,-y+1/2,z+1/2) (-x,y+1/2,z)"
P 2/b 21/c 21/m,269,4.0,d,..m,"(x,y,1/4) (-x,-y,3/4) (-x,y+1/2,1/4) (x,-y+1/2,3/4)"
P 2/b 21/c 21/m,269,4.0,c,2..,"(x,1/4,0) (-x,3/4,1/2) (-x,3/4,0) (x,1/4,1/2)"
P 2/b 21/c 21/m,269,4.0,b,-1,"(1/2,0,0) (1/2,0,1/2) (1/2,1/2,1/2) (1/2,1/2,0)"
P 2/b 21/c 21/m,269,4.0,a,-1,"(0,0,0) (0,0,1/2) (0,1/2,1/2) (0,1/2,0)"
P 21/c 2/a 21/m,270,8.0,e,1,"(x,y,z) (-x,-y,z+1/2) (x+1/2,-y,-z+1/2) (-x+1/2,y,-z) (-x,-y,-z) (x,y,-z+1/2) (-x+1/2,y,z+1/2) (x+1/2,-y,z)"
P 21/c 2/a 21/m,270,4.0,d,..m,"(x,y,3/4) (-x,-y,1/4) (x+1/2,-y,3/4) (-x+1/2,y,1/4)"
P 21/c 2/a 21/m,270,4.0,c,2..,"(1/4,y,0) (3/4,-y,1/2) (3/4,-y,0) (1/4,y,1/2)"
P 21/c 2/a 21/m,270,4.0,b,-1,"(0,1/2,0) (0,1/2,1/2) (1/2,1/2,1/2) (1/2,1/2,0)"
P 21/c 2/a 21/m,270,4.0,a,-1,"(0,0,0) (0,0,1/2) (1/2,0,1/2) (1/2,0,0)"
P 21/m 2/c 21/a,271,8.0,e,1,"(x,y,z) (x+1/2,-y,-z) (-x+1/2,-y,z+1/2) (-x,y,-z+1/2) (-x,-y,-z) (-x+1/2,y,z) (x+1/2,y,-z+1/2) (x,-y,z+1/2)"
P 21/m 2/c 21/a,271,4.0,d,..m,"(1/4,y,z) (3/4,-y,-z) (1/4,-y,z+1/2) (3/4,y,-z+1/2)"
P 21/m 2/c 21/a,271,4.0,c,2..,"(0,y,1/4) (1/2,-y,3/4) (0,-y,3/4) (1/2,y,1/4)"
P 21/m 2/c 21/a,271,4.0,b,-1,"(0,1/2,0) (1/2,1/2,0) (1/2,1/2,1/2) (0,1/2,1/2)"
P 21/m 2/c 21/a,271,4.0,a,-1,"(0,0,0) (1/2,0,0) (1/2,0,1/2) (0,0,1/2)"
P 21/m 21/a 2/b,272,8.0,e,1,"(x,y,z) (x+1/2,-y,-z) (-x+1/2,y+1/2,-z) (-x,-y+1/2,z) (-x,-y,-z) (-x+1/2,y,z) (x+1/2,-y+1/2,z) (x,y+1/2,-z)"
P 21/m 21/a 2/b,272,4.0,d,..m,"(3/4,y,z) (1/4,-y,-z) (3/4,y+1/2,-z) (1/4,-y+1/2,z)"
P 21/m 21/a 2/b,272,4.0,c,2..,"(0,1/4,z) (1/2,3/4,-z) (0,3/4,-z) (1/2,1/4,z)"
P 21/m 21/a 2/b,272,4.0,b,-1,"(0,0,1/2) (1/2,0,1/2) (1/2,1/2,1/2) (0,1/2,1/2)"
P 21/m 21/a 2/b,272,4.0,a,-1,"(0,0,0) (1/2,0,0) (1/2,1/2,0) (0,1/2,0)"
P 21/b 21/m 2/a,273,8.0,e,1,"(x,y,z) (-x,y+1/2,-z) (x+1/2,-y+1/2,-z) (-x+1/2,-y,z) (-x,-y,-z) (x,-y+1/2,z) (-x+1/2,y+1/2,z) (x+1/2,y,-z)"
P 21/b 21/m 2/a,273,4.0,d,..m,"(x,1/4,z) (-x,3/4,-z) (x+1/2,1/4,-z) (-x+1/2,3/4,z)"
P 21/b 21/m 2/a,273,4.0,c,2..,"(1/4,0,z) (3/4,1/2,-z) (3/4,0,-z) (1/4,1/2,z)"
P 21/b 21/m 2/a,273,4.0,b,-1,"(0,0,1/2) (0,1/2,1/2) (1/2,1/2,1/2) (1/2,0,1/2)"
P 21/b 21/m 2/a,273,4.0,a,-1,"(0,0,0) (0,1/2,0) (1/2,1/2,0) (1/2,0,0)"
P 2/c 21/m 21/b,274,8.0,e,1,"(x,y,z) (-x,y+1/2,-z) (-x,-y+1/2,z+1/2) (x,-y,-z+1/2) (-x,-y,-z) (x,-y+1/2,z) (x,y+1/2,-z+1/2) (-x,y,z+1/2)"
P 2/c 21/m 21/b,274,4.0,d,..m,"(x,3/4,z) (-x,1/4,-z) (-x,3/4,z+1/2) (x,1/4,-z+1/2)"
P 2/c 21/m 21/b,274,4.0,c,2..,"(x,0,1/4) (-x,1/2,3/4) (-x,0,3/4) (x,1/2,1/4)"
P 2/c 21/m 21/b,274,4.0,b,-1,"(1/2,0,0) (1/2,1/2,0) (1/2,1/2,1/2) (1/2,0,1/2)"
P 2/c 21/m 21/b,274,4.0,a,-1,"(0,0,0) (0,1/2,0) (0,1/2,1/2) (0,0,1/2)"
P 21/n 21/n 2/m,275,8.0,h,1,"(x,y,z) (-x,-y,z) (-x+1/2,y+1/2,-z+1/2) (x+1/2,-y+1/2,-z+1/2) (-x,-y,-z) (x,y,-z) (x+1/2,-y+1/2,z+1/2) (-x+1/2,y+1/2,z+1/2)"
P 21/n 21/n 2/m,275,4.0,g,..m,"(x,y,0) (-x,-y,0) (-x+1/2,y+1/2,1/2) (x+1/2,-y+1/2,1/2)"
P 21/n 21/n 2/m,275,4.0,f,..2,"(0,1/2,z) (1/2,0,-z+1/2) (0,1/2,-z) (1/2,0,z+1/2)"
P 21/n 21/n 2/m,275,4.0,e,..2,"(0,0,z) (1/2,1/2,-z+1/2) (0,0,-z) (1/2,1/2,z+1/2)"
P 21/n 21/n 2/m,275,2.0,d,..2/m,"(0,1/2,1/2) (1/2,0,0)"
P 21/n 21/n 2/m,275,2.0,c,..2/m,"(0,1/2,0) (1/2,0,1/2)"
P 21/n 21/n 2/m,275,2.0,b,..2/m,"(0,0,1/2) (1/2,1/2,0)"
P 21/n 21/n 2/m,275,2.0,a,..2/m,"(0,0,0) (1/2,1/2,1/2)"
P 2/m 21/n 21/n,276,8.0,h,1,"(x,y,z) (x,-y,-z) (-x+1/2,-y+1/2,z+1/2) (-x+1/2,y+1/2,-z+1/2) (-x,-y,-z) (-x,y,z) (x+1/2,y+1/2,-z+1/2) (x+1/2,-y+1/2,z+1/2)"
P 2/m 21/n 21/n,276,4.0,g,..m,"(0,y,z) (0,-y,-z) (1/2,-y+1/2,z+1/2) (1/2,y+1/2,-z+1/2)"
P 2/m 21/n 21/n,276,4.0,f,..2,"(x,0,1/2) (-x+1/2,1/2,0) (-x,0,1/2) (x+1/2,1/2,0)"
P 2/m 21/n 21/n,276,4.0,e,..2,"(x,0,0) (-x+1/2,1/2,1/2) (-x,0,0) (x+1/2,1/2,1/2)"
P 2/m 21/n 21/n,276,2.0,d,..2/m,"(1/2,0,1/2) (0,1/2,0)"
P 2/m 21/n 21/n,276,2.0,c,..2/m,"(0,0,1/2) (1/2,1/2,0)"
P 2/m 21/n 21/n,276,2.0,b,..2/m,"(1/2,0,0) (0,1/2,1/2)"
P 2/m 21/n 21/n,276,2.0,a,..2/m,"(0,0,0) (1/2,1/2,1/2)"
P 21/n 2/m 21/n,277,8.0,h,1,"(x,y,z) (-x,y,-z) (x+1/2,-y+1/2,-z+1/2) (-x+1/2,-y+1/2,z+1/2) (-x,-y,-z) (x,-y,z) (-x+1/2,y+1/2,z+1/2) (x+1/2,y+1/2,-z+1/2)"
P 21/n 2/m 21/n,277,4.0,g,..m,"(x,0,z) (-x,0,-z) (x+1/2,1/2,-z+1/2) (-x+1/2,1/2,z+1/2)"
P 21/n 2/m 21/n,277,4.0,f,..2,"(1/2,y,0) (0,-y+1/2,1/2) (1/2,-y,0) (0,y+1/2,1/2)"
P 21/n 2/m 21/n,277,4.0,e,..2,"(0,y,0) (1/2,-y+1/2,1/2) (0,-y,0) (1/2,y+1/2,1/2)"
P 21/n 2/m 21/n,277,2.0,d,..2/m,"(1/2,1/2,0) (0,0,1/2)"
P 21/n 2/m 21/n,277,2.0,c,..2/m,"(1/2,0,0) (0,1/2,1/2)"
P 21/n 2/m 21/n,277,2.0,b,..2/m,"(0,1/2,0) (1/2,0,1/2)"
P 21/n 2/m 21/n,277,2.0,a,..2/m,"(0,0,0) (1/2,1/2,1/2)"
P 21/m 21/m 2/n,278,8.0,g,1,"(x,y,z) (-x,-y,z) (-x+1/2,y+1/2,-z) (x+1/2,-y+1/2,-z) (-x+1/2,-y+1/2,-z) (x+1/2,y+1/2,-z) (x,-y,z) (-x,y,z)"
P 21/m 21/m 2/n,278,4.0,f,.m.,"(x,0,z) (-x,0,z) (-x+1/2,1/2,-z) (x+1/2,1/2,-z)"
P 21/m 21/m 2/n,278,4.0,e,m..,"(0,y,z) (0,-y,z) (1/2,y+1/2,-z) (1/2,-y+1/2,-z)"
P 21/m 21/m 2/n,278,4.0,d,-1,"(1/4,1/4,1/2) (3/4,3/4,1/2) (1/4,3/4,1/2) (3/4,1/4,1/2)"
P 21/m 21/m 2/n,278,4.0,c,-1,"(1/4,1/4,0) (3/4,3/4,0) (1/4,3/4,0) (3/4,1/4,0)"
P 21/m 21/m 2/n,278,2.0,b,mm2,"(0,1/2,z) (1/2,0,-z)"
P 21/m 21/m 2/n,278,2.0,a,mm2,"(0,0,z) (1/2,1/2,-z)"
P 21/m 21/m 2/n,279,8.0,g,1,"(x,y,z) (-x+1/2,-y+1/2,z) (-x,y+1/2,-z) (x+1/2,-y,-z) (-x,-y,-z) (x+1/2,y+1/2,-z) (x,-y+1/2,z) (-x+1/2,y,z)"
P 21/m 21/m 2/n,279,4.0,f,.m.,"(x,1/4,z) (-x+1/2,1/4,z) (-x,3/4,-z) (x+1/2,3/4,-z)"
P 21/m 21/m 2/n,279,4.0,e,m..,"(1/4,y,z) (1/4,-y+1/2,z) (3/4,y+1/2,-z) (3/4,-y,-z)"
P 21/m 21/m 2/n,279,4.0,d,-1,"(0,0,1/2) (1/2,1/2,1/2) (0,1/2,1/2) (1/2,0,1/2)"
P 21/m 21/m 2/n,279,4.0,c,-1,"(0,0,0) (1/2,1/2,0) (0,1/2,0) (1/2,0,0)"
P 21/m 21/m 2/n,279,2.0,b,mm2,"(1/4,3/4,z) (3/4,1/4,-z)"
P 21/m 21/m 2/n,279,2.0,a,mm2,"(1/4,1/4,z) (3/4,3/4,-z)"
P 2/n 21/m 21/m,280,8.0,g,1,"(x,y,z) (x,-y,-z) (-x,-y+1/2,z+1/2) (-x,y+1/2,-z+1/2) (-x,-y+1/2,-z+1/2) (-x,y+1/2,z+1/2) (x,y,-z) (x,-y,z)"
P 2/n 21/m 21/m,280,4.0,f,.m.,"(x,y,0) (x,-y,0) (-x,-y+1/2,1/2) (-x,y+1/2,1/2)"
P 2/n 21/m 21/m,280,4.0,e,m..,"(x,0,z) (x,0,-z) (-x,1/2,z+1/2) (-x,1/2,-z+1/2)"
P 2/n 21/m 21/m,280,4.0,d,-1,"(1/2,1/4,1/4) (1/2,3/4,3/4) (1/2,1/4,3/4) (1/2,3/4,1/4)"
P 2/n 21/m 21/m,280,4.0,c,-1,"(0,1/4,1/4) (0,3/4,3/4) (0,1/4,3/4) (0,3/4,1/4)"
P 2/n 21/m 21/m,280,2.0,b,mm2,"(x,0,1/2) (-x,1/2,0)"
P 2/n 21/m 21/m,280,2.0,a,mm2,"(x,0,0) (-x,1/2,1/2)"
P 2/n 21/m 21/m,281,8.0,g,1,"(x,y,z) (x,-y+1/2,-z+1/2) (-x,-y,z+1/2) (-x,y+1/2,-z) (-x,-y,-z) (-x,y+1/2,z+1/2) (x,y,-z+1/2) (x,-y+1/2,z)"
P 2/n 21/m 21/m,281,4.0,f,.m.,"(x,y,1/4) (x,-y+1/2,1/4) (-x,-y,3/4) (-x,y+1/2,3/4)"
P 2/n 21/m 21/m,281,4.0,e,m..,"(x,1/4,z) (x,1/4,-z+1/2) (-x,3/4,z+1/2) (-x,3/4,-z)"
P 2/n 21/m 21/m,281,4.0,d,-1,"(1/2,0,0) (1/2,1/2,1/2) (1/2,0,1/2) (1/2,1/2,0)"
P 2/n 21/m 21/m,281,4.0,c,-1,"(0,0,0) (0,1/2,1/2) (0,0,1/2) (0,1/2,0)"
P 2/n 21/m 21/m,281,2.0,b,mm2,"(x,1/4,3/4) (-x,3/4,1/4)"
P 2/n 21/m 21/m,281,2.0,a,mm2,"(x,1/4,1/4) (-x,3/4,3/4)"
P 21/m 2/n 21/m,282,8.0,g,1,"(x,y,z) (-x,y,-z) (x+1/2,-y,-z+1/2) (-x+1/2,-y,z+1/2) (-x+1/2,-y,-z+1/2) (x+1/2,-y,z+1/2) (-x,y,z) (x,y,-z)"
P 21/m 2/n 21/m,282,4.0,f,.m.,"(0,y,z) (0,y,-z) (1/2,-y,-z+1/2) (1/2,-y,z+1/2)"
P 21/m 2/n 21/m,282,4.0,e,m..,"(x,y,0) (-x,y,0) (x+1/2,-y,1/2) (-x+1/2,-y,1/2)"
P 21/m 2/n 21/m,282,4.0,d,-1,"(1/4,1/2,1/4) (3/4,1/2,3/4) (3/4,1/2,1/4) (1/4,1/2,3/4)"
P 21/m 2/n 21/m,282,4.0,c,-1,"(1/4,0,1/4) (3/4,0,3/4) (3/4,0,1/4) (1/4,0,3/4)"
P 21/m 2/n 21/m,282,2.0,b,mm2,"(1/2,y,0) (0,-y,1/2)"
P 21/m 2/n 21/m,282,2.0,a,mm2,"(0,y,0) (1/2,-y,1/2)"
P 21/m 2/n 21/m,283,8.0,g,1,"(x,y,z) (-x+1/2,y,-z+1/2) (x+1/2,-y,-z) (-x,-y,z+1/2) (-x,-y,-z) (x+1/2,-y,z+1/2) (-x+1/2,y,z) (x,y,-z+1/2)"
P 21/m 2/n 21/m,283,4.0,f,.m.,"(1/4,y,z) (1/4,y,-z+1/2) (3/4,-y,-z) (3/4,-y,z+1/2)"
P 21/m 2/n 21/m,283,4.0,e,m..,"(x,y,1/4) (-x+1/2,y,1/4) (x+1/2,-y,3/4) (-x,-y,3/4)"
P 21/m 2/n 21/m,283,4.0,d,-1,"(0,1/2,0) (1/2,1/2,1/2) (1/2,1/2,0) (0,1/2,1/2)"
P 21/m 2/n 21/m,283,4.0,c,-1,"(0,0,0) (1/2,0,1/2) (1/2,0,0) (0,0,1/2)"
P 21/m 2/n 21/m,283,2.0,b,mm2,"(3/4,y,1/4) (1/4,-y,3/4)"
P 21/m 2/n 21/m,283,2.0,a,mm2,"(1/4,y,1/4) (3/4,-y,3/4)"
P 21/b 2/c 21/n,284,8.0,d,1,"(x,y,z) (-x+1/2,-y+1/2,z+1/2) (-x,y,-z+1/2) (x+1/2,-y+1/2,-z) (-x,-y,-z) (x+1/2,y+1/2,-z+1/2) (x,-y,z+1/2) (-x+1/2,y+1/2,z)"
P 21/b 2/c 21/n,284,4.0,c,.2.,"(0,y,1/4) (1/2,-y+1/2,3/4) (0,-y,3/4) (1/2,y+1/2,1/4)"
P 21/b 2/c 21/n,284,4.0,b,-1,"(0,1/2,0) (1/2,0,1/2) (0,1/2,1/2) (1/2,0,0)"
P 21/b 2/c 21/n,284,4.0,a,-1,"(0,0,0) (1/2,1/2,1/2) (0,0,1/2) (1/2,1/2,0)"
P 2/c 21/a 21/n,285,8.0,d,1,"(x,y,z) (-x+1/2,-y+1/2,z+1/2) (x,-y,-z+1/2) (-x+1/2,y+1/2,-z) (-x,-y,-z) (x+1/2,y+1/2,-z+1/2) (-x,y,z+1/2) (x+1/2,-y+1/2,z)"
P 2/c 21/a 21/n,285,4.0,c,.2.,"(x,0,3/4) (-x+1/2,1/2,1/4) (-x,0,1/4) (x+1/2,1/2,3/4)"
P 2/c 21/a 21/n,285,4.0,b,-1,"(1/2,0,0) (0,1/2,1/2) (1/2,0,1/2) (0,1/2,0)"
P 2/c 21/a 21/n,285,4.0,a,-1,"(0,0,0) (1/2,1/2,1/2) (0,0,1/2) (1/2,1/2,0)"
P 21/n 21/c 2/a,286,8.0,d,1,"(x,y,z) (x+1/2,-y+1/2,-z+1/2) (-x+1/2,-y,z) (-x,y+1/2,-z+1/2) (-x,-y,-z) (-x+1/2,y+1/2,z+1/2) (x+1/2,y,-z) (x,-y+1/2,z+1/2)"
P 21/n 21/c 2/a,286,4.0,c,.2.,"(1/4,0,z) (3/4,1/2,-z+1/2) (3/4,0,-z) (1/4,1/2,z+1/2)"
P 21/n 21/c 2/a,286,4.0,b,-1,"(0,0,1/2) (1/2,1/2,0) (1/2,0,1/2) (0,1/2,0)"
P 21/n 21/c 2/a,286,4.0,a,-1,"(0,0,0) (1/2,1/2,1/2) (1/2,0,0) (0,1/2,1/2)"
P 21/n 2/a 21/b,287,8.0,d,1,"(x,y,z) (x+1/2,-y+1/2,-z+1/2) (-x+1/2,y,-z) (-x,-y+1/2,z+1/2) (-x,-y,-z) (-x+1/2,y+1/2,z+1/2) (x+1/2,-y,z) (x,y+1/2,-z+1/2)"
P 21/n 2/a 21/b,287,4.0,c,.2.,"(3/4,y,0) (1/4,-y+1/2,1/2) (1/4,-y,0) (3/4,y+1/2,1/2)"
P 21/n 2/a 21/b,287,4.0,b,-1,"(0,1/2,0) (1/2,0,1/2) (1/2,1/2,0) (0,0,1/2)"
P 21/n 2/a 21/b,287,4.0,a,-1,"(0,0,0) (1/2,1/2,1/2) (1/2,0,0) (0,1/2,1/2)"
P 2/b 21/n 21/a,288,8.0,d,1,"(x,y,z) (-x+1/2,y+1/2,-z+1/2) (x,-y+1/2,-z) (-x+1/2,-y,z+1/2) (-x,-y,-z) (x+1/2,-y+1/2,z+1/2) (-x,y+1/2,z) (x+1/2,y,-z+1/2)"
P 2/b 21/n 21/a,288,4.0,c,.2.,"(x,1/4,0) (-x+1/2,3/4,1/2) (-x,3/4,0) (x+1/2,1/4,1/2)"
P 2/b 21/n 21/a,288,4.0,b,-1,"(1/2,0,0) (0,1/2,1/2) (1/2,1/2,0) (0,0,1/2)"
P 2/b 21/n 21/a,288,4.0,a,-1,"(0,0,0) (1/2,1/2,1/2) (0,1/2,0) (1/2,0,1/2)"
P 21/c 21/n 2/b,289,8.0,d,1,"(x,y,z) (-x+1/2,y+1/2,-z+1/2) (-x,-y+1/2,z) (x+1/2,-y,-z+1/2) (-x,-y,-z) (x+1/2,-y+1/2,z+1/2) (x,y+1/2,-z) (-x+1/2,y,z+1/2)"
P 21/c 21/n 2/b,289,4.0,c,.2.,"(0,3/4,z) (1/2,1/4,-z+1/2) (0,1/4,-z) (1/2,3/4,z+1/2)"
P 21/c 21/n 2/b,289,4.0,b,-1,"(0,0,1/2) (1/2,1/2,0) (0,1/2,1/2) (1/2,0,0)"
P 21/c 21/n 2/b,289,4.0,a,-1,"(0,0,0) (1/2,1/2,1/2) (0,1/2,0) (1/2,0,1/2)"
P 21/b 21/c 21/a,290,8.0,c,1,"(x,y,z) (-x+1/2,-y,z+1/2) (-x,y+1/2,-z+1/2) (x+1/2,-y+1/2,-z) (-x,-y,-z) (x+1/2,y,-z+1/2) (x,-y+1/2,z+1/2) (-x+1/2,y+1/2,z)"
P 21/b 21/c 21/a,290,4.0,b,-1,"(0,0,1/2) (1/2,0,0) (0,1/2,0) (1/2,1/2,1/2)"
P 21/b 21/c 21/a,290,4.0,a,-1,"(0,0,0) (1/2,0,1/2) (0,1/2,1/2) (1/2,1/2,0)"
P 21/c 21/a 21/b,291,8.0,c,1,"(x,y,z) (-x,-y+1/2,z+1/2) (x+1/2,-y,-z+1/2) (-x+1/2,y+1/2,-z) (-x,-y,-z) (x,y+1/2,-z+1/2) (-x+1/2,y,z+1/2) (x+1/2,-y+1/2,z)"
P 21/c 21/a 21/b,291,4.0,b,-1,"(0,0,1/2) (0,1/2,0) (1/2,0,0) (1/2,1/2,1/2)"
P 21/c 21/a 21/b,291,4.0,a,-1,"(0,0,0) (0,1/2,1/2) (1/2,0,1/2) (1/2,1/2,0)"
P 21/n 21/m 21/a,292,8.0,d,1,"(x,y,z) (-x+1/2,-y,z+1/2) (-x,y+1/2,-z) (x+1/2,-y+1/2,-z+1/2) (-x,-y,-z) (x+1/2,y,-z+1/2) (x,-y+1/2,z) (-x+1/2,y+1/2,z+1/2)"
P 21/n 21/m 21/a,292,4.0,c,.m.,"(x,1/4,z) (-x+1/2,3/4,z+1/2) (-x,3/4,-z) (x+1/2,1/4,-z+1/2)"
P 21/n 21/m 21/a,292,4.0,b,-1,"(0,0,1/2) (1/2,0,0) (0,1/2,1/2) (1/2,1/2,0)"
P 21/n 21/m 21/a,292,4.0,a,-1,"(0,0,0) (1/2,0,1/2) (0,1/2,0) (1/2,1/2,1/2)"
P 21/m 21/n 21/b,293,8.0,d,1,"(x,y,z) (-x,-y+1/2,z+1/2) (x+1/2,-y,-z) (-x+1/2,y+1/2,-z+1/2) (-x,-y,-z) (x,y+1/2,-z+1/2) (-x+1/2,y,z) (x+1/2,-y+1/2,z+1/2)"
P 21/m 21/n 21/b,293,4.0,c,.m.,"(1/4,y,z) (3/4,-y+1/2,z+1/2) (3/4,-y,-z) (1/4,y+1/2,-z+1/2)"
P 21/m 21/n 21/b,293,4.0,b,-1,"(0,0,1/2) (0,1/2,0) (1/2,0,1/2) (1/2,1/2,0)"
P 21/m 21/n 21/b,293,4.0,a,-1,"(0,0,0) (0,1/2,1/2) (1/2,0,0) (1/2,1/2,1/2)"
P 21/b 21/n 21/m,294,8.0,d,1,"(x,y,z) (x+1/2,-y+1/2,-z) (-x,-y,z+1/2) (-x+1/2,y+1/2,-z+1/2) (-x,-y,-z) (-x+1/2,y+1/2,z) (x,y,-z+1/2) (x+1/2,-y+1/2,z+1/2)"
P 21/b 21/n 21/m,294,4.0,c,.m.,"(x,y,1/4) (x+1/2,-y+1/2,3/4) (-x,-y,3/4) (-x+1/2,y+1/2,1/4)"
P 21/b 21/n 21/m,294,4.0,b,-1,"(1/2,0,0) (0,1/2,0) (1/2,0,1/2) (0,1/2,1/2)"
P 21/b 21/n 21/m,294,4.0,a,-1,"(0,0,0) (1/2,1/2,0) (0,0,1/2) (1/2,1/2,1/2)"
P 21/c 21/m 21/n,295,8.0,d,1,"(x,y,z) (x+1/2,-y,-z+1/2) (-x,y+1/2,-z) (-x+1/2,-y+1/2,z+1/2) (-x,-y,-z) (-x+1/2,y,z+1/2) (x,-y+1/2,z) (x+1/2,y+1/2,-z+1/2)"
P 21/c 21/m 21/n,295,4.0,c,.m.,"(x,1/4,z) (x+1/2,3/4,-z+1/2) (-x,3/4,-z) (-x+1/2,1/4,z+1/2)"
P 21/c 21/m 21/n,295,4.0,b,-1,"(1/2,0,0) (0,0,1/2) (1/2,1/2,0) (0,1/2,1/2)"
P 21/c 21/m 21/n,295,4.0,a,-1,"(0,0,0) (1/2,0,1/2) (0,1/2,0) (1/2,1/2,1/2)"
P 21/m 21/c 21/n,296,8.0,d,1,"(x,y,z) (-x,y+1/2,-z+1/2) (x+1/2,-y,-z) (-x+1/2,-y+1/2,z+1/2) (-x,-y,-z) (x,-y+1/2,z+1/2) (-x+1/2,y,z) (x+1/2,y+1/2,-z+1/2)"
P 21/m 21/c 21/n,296,4.0,c,.m.,"(1/4,y,z) (3/4,y+1/2,-z+1/2) (3/4,-y,-z) (1/4,-y+1/2,z+1/2)"
P 21/m 21/c 21/n,296,4.0,b,-1,"(0,1/2,0) (0,0,1/2) (1/2,1/2,0) (1/2,0,1/2)"
P 21/m 21/c 21/n,296,4.0,a,-1,"(0,0,0) (0,1/2,1/2) (1/2,0,0) (1/2,1/2,1/2)"
P 21/n 21/a 21/m,297,8.0,d,1,"(x,y,z) (-x+1/2,y+1/2,-z) (-x,-y,z+1/2) (x+1/2,-y+1/2,-z+1/2) (-x,-y,-z) (x+1/2,-y+1/2,z) (x,y,-z+1/2) (-x+1/2,y+1/2,z+1/2)"
P 21/n 21/a 21/m,297,4.0,c,.m.,"(x,y,1/4) (-x+1/2,y+1/2,3/4) (-x,-y,3/4) (x+1/2,-y+1/2,1/4)"
P 21/n 21/a 21/m,297,4.0,b,-1,"(0,1/2,0) (1/2,0,0) (0,1/2,1/2) (1/2,0,1/2)"
P 21/n 21/a 21/m,297,4.0,a,-1,"(0,0,0) (1/2,1/2,0) (0,0,1/2) (1/2,1/2,1/2)"
C 2/m 2/c 21/m,298,16.0,h,1,"(x,y,z) (-x,-y,z+1/2) (-x,y,-z+1/2) (x,-y,-z) (-x,-y,-z) (x,y,-z+1/2) (x,-y,z+1/2) (-x,y,z)"
C 2/m 2/c 21/m,298,8.0,g,..m,"(x,y,1/4) (-x,-y,3/4) (-x,y,1/4) (x,-y,3/4)"
C 2/m 2/c 21/m,298,8.0,f,m..,"(0,y,z) (0,-y,z+1/2) (0,y,-z+1/2) (0,-y,-z)"
C 2/m 2/c 21/m,298,8.0,e,2..,"(x,0,0) (-x,0,1/2) (-x,0,0) (x,0,1/2)"
C 2/m 2/c 21/m,298,8.0,d,-1,"(1/4,1/4,0) (3/4,3/4,1/2) (3/4,1/4,1/2) (1/4,3/4,0)"
C 2/m 2/c 21/m,298,4.0,c,m2m,"(0,y,1/4) (0,-y,3/4)"
C 2/m 2/c 21/m,298,4.0,b,2/m..,"(0,1/2,0) (0,1/2,1/2)"
C 2/m 2/c 21/m,298,4.0,a,2/m..,"(0,0,0) (0,0,1/2)"
C 2/c 2/m 21/m,299,16.0,h,1,"(x,y,z) (-x,-y,z+1/2) (x,-y,-z+1/2) (-x,y,-z) (-x,-y,-z) (x,y,-z+1/2) (-x,y,z+1/2) (x,-y,z)"
C 2/c 2/m 21/m,299,8.0,g,..m,"(x,y,3/4) (-x,-y,1/4) (x,-y,3/4) (-x,y,1/4)"
C 2/c 2/m 21/m,299,8.0,f,m..,"(x,0,z) (-x,0,z+1/2) (x,0,-z+1/2) (-x,0,-z)"
C 2/c 2/m 21/m,299,8.0,e,2..,"(0,y,0) (0,-y,1/2) (0,-y,0) (0,y,1/2)"
C 2/c 2/m 21/m,299,8.0,d,-1,"(1/4,1/4,0) (3/4,3/4,1/2) (1/4,3/4,1/2) (3/4,1/4,0)"
C 2/c 2/m 21/m,299,4.0,c,m2m,"(x,0,3/4) (-x,0,1/4)"
C 2/c 2/m 21/m,299,4.0,b,2/m..,"(1/2,0,0) (1/2,0,1/2)"
C 2/c 2/m 21/m,299,4.0,a,2/m..,"(0,0,0) (0,0,1/2)"
A 21/m 2/m 2/a,300,16.0,h,1,"(x,y,z) (x+1/2,-y,-z) (-x+1/2,-y,z) (-x,y,-z) (-x,-y,-z) (-x+1/2,y,z) (x+1/2,y,-z) (x,-y,z)"
A 21/m 2/m 2/a,300,8.0,g,..m,"(1/4,y,z) (3/4,-y,-z) (1/4,-y,z) (3/4,y,-z)"
A 21/m 2/m 2/a,300,8.0,f,m..,"(x,0,z) (x+1/2,0,-z) (-x+1/2,0,z) (-x,0,-z)"
A 21/m 2/m 2/a,300,8.0,e,2..,"(0,y,0) (1/2,-y,0) (0,-y,0) (1/2,y,0)"
A 21/m 2/m 2/a,300,8.0,d,-1,"(0,1/4,1/4) (1/2,3/4,3/4) (1/2,3/4,1/4) (0,1/4,3/4)"
A 21/m 2/m 2/a,300,4.0,c,m2m,"(1/4,0,z) (3/4,0,-z)"
A 21/m 2/m 2/a,300,4.0,b,2/m..,"(0,0,1/2) (1/2,0,1/2)"
A 21/m 2/m 2/a,300,4.0,a,2/m..,"(0,0,0) (1/2,0,0)"
A 21/m 2/a 2/m,301,16.0,h,1,"(x,y,z) (x+1/2,-y,-z) (-x+1/2,y,-z) (-x,-y,z) (-x,-y,-z) (-x+1/2,y,z) (x+1/2,-y,z) (x,y,-z)"
A 21/m 2/a 2/m,301,8.0,g,..m,"(3/4,y,z) (1/4,-y,-z) (3/4,y,-z) (1/4,-y,z)"
A 21/m 2/a 2/m,301,8.0,f,m..,"(x,y,0) (x+1/2,-y,0) (-x+1/2,y,0) (-x,-y,0)"
A 21/m 2/a 2/m,301,8.0,e,2..,"(0,0,z) (1/2,0,-z) (0,0,-z) (1/2,0,z)"
A 21/m 2/a 2/m,301,8.0,d,-1,"(0,1/4,1/4) (1/2,3/4,3/4) (1/2,1/4,3/4) (0,3/4,1/4)"
A 21/m 2/a 2/m,301,4.0,c,m2m,"(3/4,y,0) (1/4,-y,0)"
A 21/m 2/a 2/m,301,4.0,b,2/m..,"(0,1/2,0) (1/2,1/2,0)"
A 21/m 2/a 2/m,301,4.0,a,2/m..,"(0,0,0) (1/2,0,0)"
B 2/b 21/m 2/m,302,16.0,h,1,"(x,y,z) (-x,y+1/2,-z) (x,-y+1/2,-z) (-x,-y,z) (-x,-y,-z) (x,-y+1/2,z) (-x,y+1/2,z) (x,y,-z)"
B 2/b 21/m 2/m,302,8.0,g,..m,"(x,1/4,z) (-x,3/4,-z) (x,1/4,-z) (-x,3/4,z)"
B 2/b 21/m 2/m,302,8.0,f,m..,"(x,y,0) (-x,y+1/2,0) (x,-y+1/2,0) (-x,-y,0)"
B 2/b 21/m 2/m,302,8.0,e,2..,"(0,0,z) (0,1/2,-z) (0,0,-z) (0,1/2,z)"
B 2/b 21/m 2/m,302,8.0,d,-1,"(1/4,0,1/4) (3/4,1/2,3/4) (1/4,1/2,3/4) (3/4,0,1/4)"
B 2/b 21/m 2/m,302,4.0,c,m2m,"(x,1/4,0) (-x,3/4,0)"
B 2/b 21/m 2/m,302,4.0,b,2/m..,"(1/2,0,0) (1/2,1/2,0)"
B 2/b 21/m 2/m,302,4.0,a,2/m..,"(0,0,0) (0,1/2,0)"
B 2/m 21/m 2/b,303,16.0,h,1,"(x,y,z) (-x,y+1/2,-z) (-x,-y+1/2,z) (x,-y,-z) (-x,-y,-z) (x,-y+1/2,z) (x,y+1/2,-z) (-x,y,z)"
B 2/m 21/m 2/b,303,8.0,g,..m,"(x,3/4,z) (-x,1/4,-z) (-x,3/4,z) (x,1/4,-z)"
B 2/m 21/m 2/b,303,8.0,f,m..,"(0,y,z) (0,y+1/2,-z) (0,-y+1/2,z) (0,-y,-z)"
B 2/m 21/m 2/b,303,8.0,e,2..,"(x,0,0) (-x,1/2,0) (-x,0,0) (x,1/2,0)"
B 2/m 21/m 2/b,303,8.0,d,-1,"(1/4,0,1/4) (3/4,1/2,3/4) (3/4,1/2,1/4) (1/4,0,3/4)"
B 2/m 21/m 2/b,303,4.0,c,m2m,"(0,3/4,z) (0,1/4,-z)"
B 2/m 21/m 2/b,303,4.0,b,2/m..,"(0,0,1/2) (0,1/2,1/2)"
B 2/m 21/m 2/b,303,4.0,a,2/m..,"(0,0,0) (0,1/2,0)"
C 2/m 2/c 21/a,304,16.0,g,1,"(x,y,z) (-x,-y+1/2,z+1/2) (-x,y+1/2,-z+1/2) (x,-y,-z) (-x,-y,-z) (x,y+1/2,-z+1/2) (x,-y+1/2,z+1/2) (-x,y,z)"
C 2/m 2/c 21/a,304,8.0,f,m..,"(0,y,z) (0,-y+1/2,z+1/2) (0,y+1/2,-z+1/2) (0,-y,-z)"
C 2/m 2/c 21/a,304,8.0,e,.2.,"(1/4,y,1/4) (3/4,-y+1/2,3/4) (3/4,-y,3/4) (1/4,y+1/2,1/4)"
C 2/m 2/c 21/a,304,8.0,d,2..,"(x,0,0) (-x,1/2,1/2) (-x,0,0) (x,1/2,1/2)"
C 2/m 2/c 21/a,304,8.0,c,-1,"(1/4,1/4,0) (3/4,1/4,1/2) (3/4,3/4,1/2) (1/4,3/4,0)"
C 2/m 2/c 21/a,304,4.0,b,2/m..,"(1/2,0,0) (1/2,1/2,1/2)"
C 2/m 2/c 21/a,304,4.0,a,2/m..,"(0,0,0) (0,1/2,1/2)"
C 2/c 2/m 21/b,305,16.0,g,1,"(x,y,z) (-x+1/2,-y,z+1/2) (x+1/2,-y,-z+1/2) (-x,y,-z) (-x,-y,-z) (x+1/2,y,-z+1/2) (-x+1/2,y,z+1/2) (x,-y,z)"
C 2/c 2/m 21/b,305,8.0,f,m..,"(x,0,z) (-x+1/2,0,z+1/2) (x+1/2,0,-z+1/2) (-x,0,-z)"
C 2/c 2/m 21/b,305,8.0,e,.2.,"(x,1/4,3/4) (-x+1/2,3/4,1/4) (-x,3/4,1/4) (x+1/2,1/4,3/4)"
C 2/c 2/m 21/b,305,8.0,d,2..,"(0,y,0) (1/2,-y,1/2) (0,-y,0) (1/2,y,1/2)"
C 2/c 2/m 21/b,305,8.0,c,-1,"(1/4,1/4,0) (1/4,3/4,1/2) (3/4,3/4,1/2) (3/4,1/4,0)"
C 2/c 2/m 21/b,305,4.0,b,2/m..,"(0,1/2,0) (1/2,1/2,1/2)"
C 2/c 2/m 21/b,305,4.0,a,2/m..,"(0,0,0) (1/2,0,1/2)"
A 21/b 2/m a,306,16.0,g,1,"(x,y,z) (x+1/2,-y,-z+1/2) (-x+1/2,-y,z+1/2) (-x,y,-z) (-x,-y,-z) (-x+1/2,y,z+1/2) (x+1/2,y,-z+1/2) (x,-y,z)"
A 21/b 2/m a,306,8.0,f,m..,"(x,0,z) (x+1/2,0,-z+1/2) (-x+1/2,0,z+1/2) (-x,0,-z)"
A 21/b 2/m a,306,8.0,e,.2.,"(1/4,1/4,z) (3/4,3/4,-z+1/2) (3/4,3/4,-z) (1/4,1/4,z+1/2)"
A 21/b 2/m a,306,8.0,d,2..,"(0,y,0) (1/2,-y,1/2) (0,-y,0) (1/2,y,1/2)"
A 21/b 2/m a,306,8.0,c,-1,"(0,1/4,1/4) (1/2,3/4,1/4) (1/2,3/4,3/4) (0,1/4,3/4)"
A 21/b 2/m a,306,4.0,b,2/m..,"(0,1/2,0) (1/2,1/2,1/2)"
A 21/b 2/m a,306,4.0,a,2/m..,"(0,0,0) (1/2,0,1/2)"
A 21/c 2/a 2/m,307,16.0,g,1,"(x,y,z) (x+1/2,-y+1/2,-z) (-x+1/2,y+1/2,-z) (-x,-y,z) (-x,-y,-z) (-x+1/2,y+1/2,z) (x+1/2,-y+1/2,z) (x,y,-z)"
A 21/c 2/a 2/m,307,8.0,f,m..,"(x,y,0) (x+1/2,-y+1/2,0) (-x+1/2,y+1/2,0) (-x,-y,0)"
A 21/c 2/a 2/m,307,8.0,e,.2.,"(3/4,y,1/4) (1/4,-y+1/2,3/4) (1/4,-y,3/4) (3/4,y+1/2,1/4)"
A 21/c 2/a 2/m,307,8.0,d,2..,"(0,0,z) (1/2,1/2,-z) (0,0,-z) (1/2,1/2,z)"
A 21/c 2/a 2/m,307,8.0,c,-1,"(0,1/4,1/4) (1/2,1/4,3/4) (1/2,3/4,3/4) (0,3/4,1/4)"
A 21/c 2/a 2/m,307,4.0,b,2/m..,"(0,0,1/2) (1/2,1/2,1/2)"
A 21/c 2/a 2/m,307,4.0,a,2/m..,"(0,0,0) (1/2,1/2,0)"
B 2/b 21/c 2/m,308,16.0,g,1,"(x,y,z) (-x+1/2,y+1/2,-z) (x+1/2,-y+1/2,-z) (-x,-y,z) (-x,-y,-z) (x+1/2,-y+1/2,z) (-x+1/2,y+1/2,z) (x,y,-z)"
B 2/b 21/c 2/m,308,8.0,f,m..,"(x,y,0) (-x+1/2,y+1/2,0) (x+1/2,-y+1/2,0) (-x,-y,0)"
B 2/b 21/c 2/m,308,8.0,e,.2.,"(x,1/4,1/4) (-x+1/2,3/4,3/4) (-x,3/4,3/4) (x+1/2,1/4,1/4)"
B 2/b 21/c 2/m,308,8.0,d,2..,"(0,0,z) (1/2,1/2,-z) (0,0,-z) (1/2,1/2,z)"
B 2/b 21/c 2/m,308,8.0,c,-1,"(1/4,0,1/4) (1/4,1/2,3/4) (3/4,1/2,3/4) (3/4,0,1/4)"
B 2/b 21/c 2/m,308,4.0,b,2/m..,"(0,0,1/2) (1/2,1/2,1/2)"
B 2/b 21/c 2/m,308,4.0,a,2/m..,"(0,0,0) (1/2,1/2,0)"
B 2/m 21/a 2/b,309,16.0,g,1,"(x,y,z) (-x,y+1/2,-z+1/2) (-x,-y+1/2,z+1/2) (x,-y,-z) (-x,-y,-z) (x,-y+1/2,z+1/2) (x,y+1/2,-z+1/2) (-x,y,z)"
B 2/m 21/a 2/b,309,8.0,f,m..,"(0,y,z) (0,y+1/2,-z+1/2) (0,-y+1/2,z+1/2) (0,-y,-z)"
B 2/m 21/a 2/b,309,8.0,e,.2.,"(1/4,3/4,z) (3/4,1/4,-z+1/2) (3/4,1/4,-z) (1/4,3/4,z+1/2)"
B 2/m 21/a 2/b,309,8.0,d,2..,"(x,0,0) (-x,1/2,1/2) (-x,0,0) (x,1/2,1/2)"
B 2/m 21/a 2/b,309,8.0,c,-1,"(1/4,0,1/4) (3/4,1/2,1/4) (3/4,1/2,3/4) (1/4,0,3/4)"
B 2/m 21/a 2/b,309,4.0,b,2/m..,"(1/2,0,0) (1/2,1/2,1/2)"
B 2/m 21/a 2/b,309,4.0,a,2/m..,"(0,0,0) (0,1/2,1/2)"
C 2/m 2/m 2/m,310,16.0,r,1,"(x,y,z) (-x,-y,z) (-x,y,-z) (x,-y,-z) (-x,-y,-z) (x,y,-z) (x,-y,z) (-x,y,z)"
C 2/m 2/m 2/m,310,8.0,q,..m,"(x,y,1/2) (-x,-y,1/2) (-x,y,1/2) (x,-y,1/2)"
C 2/m 2/m 2/m,310,8.0,p,..m,"(x,y,0) (-x,-y,0) (-x,y,0) (x,-y,0)"
C 2/m 2/m 2/m,310,8.0,o,.m.,"(x,0,z) (-x,0,z) (-x,0,-z) (x,0,-z)"
C 2/m 2/m 2/m,310,8.0,n,m..,"(0,y,z) (0,-y,z) (0,y,-z) (0,-y,-z)"
C 2/m 2/m 2/m,310,8.0,m,..2,"(1/4,1/4,z) (3/4,1/4,-z) (3/4,3/4,-z) (1/4,3/4,z)"
C 2/m 2/m 2/m,310,4.0,l,mm2,"(0,1/2,z) (0,1/2,-z)"
C 2/m 2/m 2/m,310,4.0,k,mm2,"(0,0,z) (0,0,-z)"
C 2/m 2/m 2/m,310,4.0,j,m2m,"(0,y,1/2) (0,-y,1/2)"
C 2/m 2/m 2/m,310,4.0,i,m2m,"(0,y,0) (0,-y,0)"
C 2/m 2/m 2/m,310,4.0,h,2mm,"(x,0,1/2) (-x,0,1/2)"
C 2/m 2/m 2/m,310,4.0,g,2mm,"(x,0,0) (-x,0,0)"
C 2/m 2/m 2/m,310,4.0,f,..2/m,"(1/4,1/4,1/2) (3/4,1/4,1/2)"
C 2/m 2/m 2/m,310,4.0,e,..2/m,"(1/4,1/4,0) (3/4,1/4,0)"
C 2/m 2/m 2/m,310,2.0,d,mmm,"(0,0,1/2)"
C 2/m 2/m 2/m,310,2.0,c,mmm,"(1/2,0,1/2)"
C 2/m 2/m 2/m,310,2.0,b,mmm,"(1/2,0,0)"
C 2/m 2/m 2/m,310,2.0,a,mmm,"(0,0,0)"
A 2/m 2/m 2/m,311,16.0,r,1,"(x,y,z) (x,-y,-z) (-x,-y,z) (-x,y,-z) (-x,-y,-z) (-x,y,z) (x,y,-z) (x,-y,z)"
A 2/m 2/m 2/m,311,8.0,q,..m,"(1/2,y,z) (1/2,-y,-z) (1/2,-y,z) (1/2,y,-z)"
A 2/m 2/m 2/m,311,8.0,p,..m,"(0,y,z) (0,-y,-z) (0,-y,z) (0,y,-z)"
A 2/m 2/m 2/m,311,8.0,o,.m.,"(x,y,0) (x,-y,0) (-x,-y,0) (-x,y,0)"
A 2/m 2/m 2/m,311,8.0,n,m..,"(x,0,z) (x,0,-z) (-x,0,z) (-x,0,-z)"
A 2/m 2/m 2/m,311,8.0,m,..2,"(x,1/4,1/4) (-x,3/4,1/4) (-x,3/4,3/4) (x,1/4,3/4)"
A 2/m 2/m 2/m,311,4.0,l,mm2,"(x,0,1/2) (-x,0,1/2)"
A 2/m 2/m 2/m,311,4.0,k,mm2,"(x,0,0) (-x,0,0)"
A 2/m 2/m 2/m,311,4.0,j,m2m,"(1/2,0,z) (1/2,0,-z)"
A 2/m 2/m 2/m,311,4.0,i,m2m,"(0,0,z) (0,0,-z)"
A 2/m 2/m 2/m,311,4.0,h,2mm,"(1/2,y,0) (1/2,-y,0)"
A 2/m 2/m 2/m,311,4.0,g,2mm,"(0,y,0) (0,-y,0)"
A 2/m 2/m 2/m,311,4.0,f,..2/m,"(1/2,1/4,1/4) (1/2,3/4,1/4)"
A 2/m 2/m 2/m,311,4.0,e,..2/m,"(0,1/4,1/4) (0,3/4,1/4)"
A 2/m 2/m 2/m,311,2.0,d,mmm,"(1/2,0,0)"
A 2/m 2/m 2/m,311,2.0,c,mmm,"(1/2,1/2,0)"
A 2/m 2/m 2/m,311,2.0,b,mmm,"(0,1/2,0)"
A 2/m 2/m 2/m,311,2.0,a,mmm,"(0,0,0)"
B 2/m 2/m 2/m,312,16.0,r,1,"(x,y,z) (-x,y,-z) (x,-y,-z) (-x,-y,z) (-x,-y,-z) (x,-y,z) (-x,y,z) (x,y,-z)"
B 2/m 2/m 2/m,312,8.0,q,..m,"(x,1/2,z) (-x,1/2,-z) (x,1/2,-z) (-x,1/2,z)"
B 2/m 2/m 2/m,312,8.0,p,..m,"(x,0,z) (-x,0,-z) (x,0,-z) (-x,0,z)"
B 2/m 2/m 2/m,312,8.0,o,.m.,"(0,y,z) (0,y,-z) (0,-y,-z) (0,-y,z)"
B 2/m 2/m 2/m,312,8.0,n,m..,"(x,y,0) (-x,y,0) (x,-y,0) (-x,-y,0)"
B 2/m 2/m 2/m,312,8.0,m,..2,"(1/4,y,1/4) (1/4,-y,3/4) (3/4,-y,3/4) (3/4,y,1/4)"
B 2/m 2/m 2/m,312,4.0,l,mm2,"(1/2,y,0) (1/2,-y,0)"
B 2/m 2/m 2/m,312,4.0,k,mm2,"(0,y,0) (0,-y,0)"
B 2/m 2/m 2/m,312,4.0,j,m2m,"(x,1/2,0) (-x,1/2,0)"
B 2/m 2/m 2/m,312,4.0,i,m2m,"(x,0,0) (-x,0,0)"
B 2/m 2/m 2/m,312,4.0,h,2mm,"(0,1/2,z) (0,1/2,-z)"
B 2/m 2/m 2/m,312,4.0,g,2mm,"(0,0,z) (0,0,-z)"
B 2/m 2/m 2/m,312,4.0,f,..2/m,"(1/4,1/2,1/4) (1/4,1/2,3/4)"
B 2/m 2/m 2/m,312,4.0,e,..2/m,"(1/4,0,1/4) (1/4,0,3/4)"
B 2/m 2/m 2/m,312,2.0,d,mmm,"(0,1/2,0)"
B 2/m 2/m 2/m,312,2.0,c,mmm,"(0,1/2,1/2)"
B 2/m 2/m 2/m,312,2.0,b,mmm,"(0,0,1/2)"
B 2/m 2/m 2/m,312,2.0,a,mmm,"(0,0,0)"
C 2/c 2/c 2/m,313,16.0,m,1,"(x,y,z) (-x,-y,z) (-x,y,-z+1/2) (x,-y,-z+1/2) (-x,-y,-z) (x,y,-z) (x,-y,z+1/2) (-x,y,z+1/2)"
C 2/c 2/c 2/m,313,8.0,l,..m,"(x,y,0) (-x,-y,0) (-x,y,1/2) (x,-y,1/2)"
C 2/c 2/c 2/m,313,8.0,k,..2,"(1/4,1/4,z) (3/4,1/4,-z+1/2) (3/4,3/4,-z) (1/4,3/4,z+1/2)"
C 2/c 2/c 2/m,313,8.0,j,..2,"(0,1/2,z) (0,1/2,-z+1/2) (0,1/2,-z) (0,1/2,z+1/2)"
C 2/c 2/c 2/m,313,8.0,i,..2,"(0,0,z) (0,0,-z+1/2) (0,0,-z) (0,0,z+1/2)"
C 2/c 2/c 2/m,313,8.0,h,.2.,"(0,y,1/4) (0,-y,1/4) (0,-y,3/4) (0,y,3/4)"
C 2/c 2/c 2/m,313,8.0,g,2..,"(x,0,1/4) (-x,0,1/4) (-x,0,3/4) (x,0,3/4)"
C 2/c 2/c 2/m,313,4.0,f,..2/m,"(1/4,3/4,0) (3/4,3/4,1/2)"
C 2/c 2/c 2/m,313,4.0,e,..2/m,"(1/4,1/4,0) (3/4,1/4,1/2)"
C 2/c 2/c 2/m,313,4.0,d,..2/m,"(0,1/2,0) (0,1/2,1/2)"
C 2/c 2/c 2/m,313,4.0,c,..2/m,"(0,0,0) (0,0,1/2)"
C 2/c 2/c 2/m,313,4.0,b,222,"(0,1/2,1/4) (0,1/2,3/4)"
C 2/c 2/c 2/m,313,4.0,a,222,"(0,0,1/4) (0,0,3/4)"
A 2/m 2/a 2/a,314,16.0,m,1,"(x,y,z) (x,-y,-z) (-x+1/2,-y,z) (-x+1/2,y,-z) (-x,-y,-z) (-x,y,z) (x+1/2,y,-z) (x+1/2,-y,z)"
A 2/m 2/a 2/a,314,8.0,l,..m,"(0,y,z) (0,-y,-z) (1/2,-y,z) (1/2,y,-z)"
A 2/m 2/a 2/a,314,8.0,k,..2,"(x,1/4,1/4) (-x+1/2,3/4,1/4) (-x,3/4,3/4) (x+1/2,1/4,3/4)"
A 2/m 2/a 2/a,314,8.0,j,..2,"(x,0,1/2) (-x+1/2,0,1/2) (-x,0,1/2) (x+1/2,0,1/2)"
A 2/m 2/a 2/a,314,8.0,i,..2,"(x,0,0) (-x+1/2,0,0) (-x,0,0) (x+1/2,0,0)"
A 2/m 2/a 2/a,314,8.0,h,.2.,"(1/4,0,z) (1/4,0,-z) (3/4,0,-z) (3/4,0,z)"
A 2/m 2/a 2/a,314,8.0,g,2..,"(1/4,y,0) (1/4,-y,0) (3/4,-y,0) (3/4,y,0)"
A 2/m 2/a 2/a,314,4.0,f,..2/m,"(0,1/4,3/4) (1/2,3/4,3/4)"
A 2/m 2/a 2/a,314,4.0,e,..2/m,"(0,1/4,1/4) (1/2,3/4,1/4)"
A 2/m 2/a 2/a,314,4.0,d,..2/m,"(0,0,1/2) (1/2,0,1/2)"
A 2/m 2/a 2/a,314,4.0,c,..2/m,"(0,0,0) (1/2,0,0)"
A 2/m 2/a 2/a,314,4.0,b,222,"(1/4,0,1/2) (3/4,0,1/2)"
A 2/m 2/a 2/a,314,4.0,a,222,"(1/4,0,0) (3/4,0,0)"
B 2/b 2/m 2/b,315,16.0,m,1,"(x,y,z) (-x,y,-z) (x,-y+1/2,-z) (-x,-y+1/2,z) (-x,-y,-z) (x,-y,z) (-x,y+1/2,z) (x,y+1/2,-z)"
B 2/b 2/m 2/b,315,8.0,l,..m,"(x,0,z) (-x,0,-z) (x,1/2,-z) (-x,1/2,z)"
B 2/b 2/m 2/b,315,8.0,k,..2,"(1/4,y,1/4) (1/4,-y+1/2,3/4) (3/4,-y,3/4) (3/4,y+1/2,1/4)"
B 2/b 2/m 2/b,315,8.0,j,..2,"(1/2,y,0) (1/2,-y+1/2,0) (1/2,-y,0) (1/2,y+1/2,0)"
B 2/b 2/m 2/b,315,8.0,i,..2,"(0,y,0) (0,-y+1/2,0) (0,-y,0) (0,y+1/2,0)"
B 2/b 2/m 2/b,315,8.0,h,.2.,"(x,1/4,0) (-x,1/4,0) (-x,3/4,0) (x,3/4,0)"
B 2/b 2/m 2/b,315,8.0,g,2..,"(0,1/4,z) (0,1/4,-z) (0,3/4,-z) (0,3/4,z)"
B 2/b 2/m 2/b,315,4.0,f,..2/m,"(3/4,0,1/4) (3/4,1/2,3/4)"
B 2/b 2/m 2/b,315,4.0,e,..2/m,"(1/4,0,1/4) (1/4,1/2,3/4)"
B 2/b 2/m 2/b,315,4.0,d,..2/m,"(1/2,0,0) (1/2,1/2,0)"
B 2/b 2/m 2/b,315,4.0,c,..2/m,"(0,0,0) (0,1/2,0)"
B 2/b 2/m 2/b,315,4.0,b,222,"(1/2,1/4,0) (1/2,3/4,0)"
B 2/b 2/m 2/b,315,4.0,a,222,"(0,1/4,0) (0,3/4,0)"
C 2/m 2/m 2/a,316,16.0,o,1,"(x,y,z) (-x,-y+1/2,z) (-x,y+1/2,-z) (x,-y,-z) (-x,-y,-z) (x,y+1/2,-z) (x,-y+1/2,z) (-x,y,z)"
C 2/m 2/m 2/a,316,8.0,n,.m.,"(x,1/4,z) (-x,1/4,z) (-x,3/4,-z) (x,3/4,-z)"
C 2/m 2/m 2/a,316,8.0,m,m..,"(0,y,z) (0,-y+1/2,z) (0,y+1/2,-z) (0,-y,-z)"
C 2/m 2/m 2/a,316,8.0,l,..2,"(1/4,0,z) (3/4,1/2,-z) (3/4,0,-z) (1/4,1/2,z)"
C 2/m 2/m 2/a,316,8.0,k,.2.,"(1/4,y,1/2) (3/4,-y+1/2,1/2) (3/4,-y,1/2) (1/4,y+1/2,1/2)"
C 2/m 2/m 2/a,316,8.0,j,.2.,"(1/4,y,0) (3/4,-y+1/2,0) (3/4,-y,0) (1/4,y+1/2,0)"
C 2/m 2/m 2/a,316,8.0,i,2..,"(x,0,1/2) (-x,1/2,1/2) (-x,0,1/2) (x,1/2,1/2)"
C 2/m 2/m 2/a,316,8.0,h,2..,"(x,0,0) (-x,1/2,0) (-x,0,0) (x,1/2,0)"
C 2/m 2/m 2/a,316,4.0,g,mm2,"(0,1/4,z) (0,3/4,-z)"
C 2/m 2/m 2/a,316,4.0,f,.2/m.,"(1/4,1/4,1/2) (3/4,1/4,1/2)"
C 2/m 2/m 2/a,316,4.0,e,.2/m.,"(1/4,1/4,0) (3/4,1/4,0)"
C 2/m 2/m 2/a,316,4.0,d,2/m..,"(0,0,1/2) (0,1/2,1/2)"
C 2/m 2/m 2/a,316,4.0,c,2/m..,"(0,0,0) (0,1/2,0)"
C 2/m 2/m 2/a,316,4.0,b,222,"(1/4,0,1/2) (3/4,0,1/2)"
C 2/m 2/m 2/a,316,4.0,a,222,"(1/4,0,0) (3/4,0,0)"
C 2/m 2/m 2/b,317,16.0,o,1,"(x,y,z) (-x+1/2,-y,z) (x+1/2,-y,-z) (-x,y,-z) (-x,-y,-z) (x+1/2,y,-z) (-x+1/2,y,z) (x,-y,z)"
C 2/m 2/m 2/b,317,8.0,n,.m.,"(1/4,y,z) (1/4,-y,z) (3/4,-y,-z) (3/4,y,-z)"
C 2/m 2/m 2/b,317,8.0,m,m..,"(x,0,z) (-x+1/2,0,z) (x+1/2,0,-z) (-x,0,-z)"
C 2/m 2/m 2/b,317,8.0,l,..2,"(0,1/4,z) (1/2,3/4,-z) (0,3/4,-z) (1/2,1/4,z)"
C 2/m 2/m 2/b,317,8.0,k,.2.,"(x,1/4,1/2) (-x+1/2,3/4,1/2) (-x,3/4,1/2) (x+1/2,1/4,1/2)"
C 2/m 2/m 2/b,317,8.0,j,.2.,"(x,1/4,0) (-x+1/2,3/4,0) (-x,3/4,0) (x+1/2,1/4,0)"
C 2/m 2/m 2/b,317,8.0,i,2..,"(0,y,1/2) (1/2,-y,1/2) (0,-y,1/2) (1/2,y,1/2)"
C 2/m 2/m 2/b,317,8.0,h,2..,"(0,y,0) (1/2,-y,0) (0,-y,0) (1/2,y,0)"
C 2/m 2/m 2/b,317,4.0,g,mm2,"(1/4,0,z) (3/4,0,-z)"
C 2/m 2/m 2/b,317,4.0,f,.2/m.,"(1/4,1/4,1/2) (1/4,3/4,1/2)"
C 2/m 2/m 2/b,317,4.0,e,.2/m.,"(1/4,1/4,0) (1/4,3/4,0)"
C 2/m 2/m 2/b,317,4.0,d,2/m..,"(0,0,1/2) (1/2,0,1/2)"
C 2/m 2/m 2/b,317,4.0,c,2/m..,"(0,0,0) (1/2,0,0)"
C 2/m 2/m 2/b,317,4.0,b,222,"(0,1/4,1/2) (0,3/4,1/2)"
C 2/m 2/m 2/b,317,4.0,a,222,"(0,1/4,0) (0,3/4,0)"
A 2/b 2/m 2/m,318,16.0,o,1,"(x,y,z) (x,-y,-z+1/2) (-x,-y,z+1/2) (-x,y,-z) (-x,-y,-z) (-x,y,z+1/2) (x,y,-z+1/2) (x,-y,z)"
A 2/b 2/m 2/m,318,8.0,n,.m.,"(x,y,1/4) (x,-y,1/4) (-x,-y,3/4) (-x,y,3/4)"
A 2/b 2/m 2/m,318,8.0,m,m..,"(x,0,z) (x,0,-z+1/2) (-x,0,z+1/2) (-x,0,-z)"
A 2/b 2/m 2/m,318,8.0,l,..2,"(x,1/4,0) (-x,3/4,1/2) (-x,3/4,0) (x,1/4,1/2)"
A 2/b 2/m 2/m,318,8.0,k,.2.,"(1/2,1/4,z) (1/2,3/4,-z+1/2) (1/2,3/4,-z) (1/2,1/4,z+1/2)"
A 2/b 2/m 2/m,318,8.0,j,.2.,"(0,1/4,z) (0,3/4,-z+1/2) (0,3/4,-z) (0,1/4,z+1/2)"
A 2/b 2/m 2/m,318,8.0,i,2..,"(1/2,y,0) (1/2,-y,1/2) (1/2,-y,0) (1/2,y,1/2)"
A 2/b 2/m 2/m,318,8.0,h,2..,"(0,y,0) (0,-y,1/2) (0,-y,0) (0,y,1/2)"
A 2/b 2/m 2/m,318,4.0,g,mm2,"(x,0,1/4) (-x,0,3/4)"
A 2/b 2/m 2/m,318,4.0,f,.2/m.,"(1/2,1/4,1/4) (1/2,3/4,1/4)"
A 2/b 2/m 2/m,318,4.0,e,.2/m.,"(0,1/4,1/4) (0,3/4,1/4)"
A 2/b 2/m 2/m,318,4.0,d,2/m..,"(1/2,0,0) (1/2,0,1/2)"
A 2/b 2/m 2/m,318,4.0,c,2/m..,"(0,0,0) (0,0,1/2)"
A 2/b 2/m 2/m,318,4.0,b,222,"(1/2,1/4,0) (1/2,3/4,0)"
A 2/b 2/m 2/m,318,4.0,a,222,"(0,1/4,0) (0,3/4,0)"
A 2/c 2/m 2/m,319,16.0,o,1,"(x,y,z) (x,-y+1/2,-z) (-x,y+1/2,-z) (-x,-y,z) (-x,-y,-z) (-x,y+1/2,z) (x,-y+1/2,z) (x,y,-z)"
A 2/c 2/m 2/m,319,8.0,n,.m.,"(x,1/4,z) (x,1/4,-z) (-x,3/4,-z) (-x,3/4,z)"
A 2/c 2/m 2/m,319,8.0,m,m..,"(x,y,0) (x,-y+1/2,0) (-x,y+1/2,0) (-x,-y,0)"
A 2/c 2/m 2/m,319,8.0,l,..2,"(x,0,1/4) (-x,1/2,3/4) (-x,0,3/4) (x,1/2,1/4)"
A 2/c 2/m 2/m,319,8.0,k,.2.,"(1/2,y,1/4) (1/2,-y+1/2,3/4) (1/2,-y,3/4) (1/2,y+1/2,1/4)"
A 2/c 2/m 2/m,319,8.0,j,.2.,"(0,y,1/4) (0,-y+1/2,3/4) (0,-y,3/4) (0,y+1/2,1/4)"
A 2/c 2/m 2/m,319,8.0,i,2..,"(1/2,0,z) (1/2,1/2,-z) (1/2,0,-z) (1/2,1/2,z)"
A 2/c 2/m 2/m,319,8.0,h,2..,"(0,0,z) (0,1/2,-z) (0,0,-z) (0,1/2,z)"
A 2/c 2/m 2/m,319,4.0,g,mm2,"(x,1/4,0) (-x,3/4,0)"
A 2/c 2/m 2/m,319,4.0,f,.2/m.,"(1/2,1/4,1/4) (1/2,1/4,3/4)"
A 2/c 2/m 2/m,319,4.0,e,.2/m.,"(0,1/4,1/4) (0,1/4,3/4)"
A 2/c 2/m 2/m,319,4.0,d,2/m..,"(1/2,0,0) (1/2,1/2,0)"
A 2/c 2/m 2/m,319,4.0,c,2/m..,"(0,0,0) (0,1/2,0)"
A 2/c 2/m 2/m,319,4.0,b,222,"(1/2,0,1/4) (1/2,0,3/4)"
A 2/c 2/m 2/m,319,4.0,a,222,"(0,0,1/4) (0,0,3/4)"
B 2/m 2/c 2/m,320,16.0,o,1,"(x,y,z) (-x+1/2,y,-z) (x+1/2,-y,-z) (-x,-y,z) (-x,-y,-z) (x+1/2,-y,z) (-x+1/2,y,z) (x,y,-z)"
B 2/m 2/c 2/m,320,8.0,n,.m.,"(1/4,y,z) (1/4,y,-z) (3/4,-y,-z) (3/4,-y,z)"
B 2/m 2/c 2/m,320,8.0,m,m..,"(x,y,0) (-x+1/2,y,0) (x+1/2,-y,0) (-x,-y,0)"
B 2/m 2/c 2/m,320,8.0,l,..2,"(0,y,1/4) (1/2,-y,3/4) (0,-y,3/4) (1/2,y,1/4)"
B 2/m 2/c 2/m,320,8.0,k,.2.,"(x,1/2,1/4) (-x+1/2,1/2,3/4) (-x,1/2,3/4) (x+1/2,1/2,1/4)"
B 2/m 2/c 2/m,320,8.0,j,.2.,"(x,0,1/4) (-x+1/2,0,3/4) (-x,0,3/4) (x+1/2,0,1/4)"
B 2/m 2/c 2/m,320,8.0,i,2..,"(0,1/2,z) (1/2,1/2,-z) (0,1/2,-z) (1/2,1/2,z)"
B 2/m 2/c 2/m,320,8.0,h,2..,"(0,0,z) (1/2,0,-z) (0,0,-z) (1/2,0,z)"
B 2/m 2/c 2/m,320,4.0,g,mm2,"(1/4,y,0) (3/4,-y,0)"
B 2/m 2/c 2/m,320,4.0,f,.2/m.,"(1/4,1/2,1/4) (1/4,1/2,3/4)"
B 2/m 2/c 2/m,320,4.0,e,.2/m.,"(1/4,0,1/4) (1/4,0,3/4)"
B 2/m 2/c 2/m,320,4.0,d,2/m..,"(0,1/2,0) (1/2,1/2,0)"
B 2/m 2/c 2/m,320,4.0,c,2/m..,"(0,0,0) (1/2,0,0)"
B 2/m 2/c 2/m,320,4.0,b,222,"(0,1/2,1/4) (0,1/2,3/4)"
B 2/m 2/c 2/m,320,4.0,a,222,"(0,0,1/4) (0,0,3/4)"
B 2/m 2/a 2/m,321,16.0,o,1,"(x,y,z) (-x,y,-z+1/2) (-x,-y,z+1/2) (x,-y,-z) (-x,-y,-z) (x,-y,z+1/2) (x,y,-z+1/2) (-x,y,z)"
B 2/m 2/a 2/m,321,8.0,n,.m.,"(x,y,1/4) (-x,y,1/4) (-x,-y,3/4) (x,-y,3/4)"
B 2/m 2/a 2/m,321,8.0,m,m..,"(0,y,z) (0,y,-z+1/2) (0,-y,z+1/2) (0,-y,-z)"
B 2/m 2/a 2/m,321,8.0,l,..2,"(1/4,y,0) (3/4,-y,1/2) (3/4,-y,0) (1/4,y,1/2)"
B 2/m 2/a 2/m,321,8.0,k,.2.,"(1/4,1/2,z) (3/4,1/2,-z+1/2) (3/4,1/2,-z) (1/4,1/2,z+1/2)"
B 2/m 2/a 2/m,321,8.0,j,.2.,"(1/4,0,z) (3/4,0,-z+1/2) (3/4,0,-z) (1/4,0,z+1/2)"
B 2/m 2/a 2/m,321,8.0,i,2..,"(x,1/2,0) (-x,1/2,1/2) (-x,1/2,0) (x,1/2,1/2)"
B 2/m 2/a 2/m,321,8.0,h,2..,"(x,0,0) (-x,0,1/2) (-x,0,0) (x,0,1/2)"
B 2/m 2/a 2/m,321,4.0,g,mm2,"(0,y,1/4) (0,-y,3/4)"
B 2/m 2/a 2/m,321,4.0,f,.2/m.,"(1/4,1/2,1/4) (3/4,1/2,1/4)"
B 2/m 2/a 2/m,321,4.0,e,.2/m.,"(1/4,0,1/4) (3/4,0,1/4)"
B 2/m 2/a 2/m,321,4.0,d,2/m..,"(0,1/2,0) (0,1/2,1/2)"
B 2/m 2/a 2/m,321,4.0,c,2/m..,"(0,0,0) (0,0,1/2)"
B 2/m 2/a 2/m,321,4.0,b,222,"(1/4,1/2,0) (3/4,1/2,0)"
B 2/m 2/a 2/m,321,4.0,a,222,"(1/4,0,0) (3/4,0,0)"
C 2/c 2/c 2/a,322,16.0,i,1,"(x,y,z) (-x+1/2,-y+1/2,z) (-x,y,-z) (x+1/2,-y+1/2,-z) (-x,-y+1/2,-z+1/2) (x+1/2,y,-z+1/2) (x,-y+1/2,z+1/2) (-x+1/2,y,z+1/2)"
C 2/c 2/c 2/a,322,8.0,h,..2,"(1/4,1/4,z) (3/4,1/4,-z) (3/4,1/4,-z+1/2) (1/4,1/4,z+1/2)"
C 2/c 2/c 2/a,322,8.0,g,..2,"(0,0,z) (0,0,-z) (0,1/2,-z+1/2) (0,1/2,z+1/2)"
C 2/c 2/c 2/a,322,8.0,f,.2.,"(0,y,0) (1/2,-y+1/2,0) (0,-y+1/2,1/2) (1/2,y,1/2)"
C 2/c 2/c 2/a,322,8.0,e,2..,"(x,0,0) (-x+1/2,1/2,0) (-x,1/2,1/2) (x+1/2,0,1/2)"
C 2/c 2/c 2/a,322,8.0,d,-1,"(0,1/4,1/4) (1/2,1/4,1/4) (0,1/4,3/4) (1/2,1/4,3/4)"
C 2/c 2/c 2/a,322,8.0,c,-1,"(1/4,0,1/4) (1/4,1/2,1/4) (3/4,0,3/4) (3/4,1/2,3/4)"
C 2/c 2/c 2/a,322,4.0,b,222,"(0,0,1/2) (0,1/2,0)"
C 2/c 2/c 2/a,322,4.0,a,222,"(0,0,0) (0,1/2,1/2)"
C 2/c 2/c 2/a,323,16.0,i,1,"(x,y,z) (-x+1/2,-y,z) (-x,y,-z+1/2) (x+1/2,-y,-z+1/2) (-x,-y,-z) (x+1/2,y,-z) (x,-y,z+1/2) (-x+1/2,y,z+1/2)"
C 2/c 2/c 2/a,323,8.0,h,..2,"(1/4,0,z) (3/4,0,-z+1/2) (3/4,0,-z) (1/4,0,z+1/2)"
C 2/c 2/c 2/a,323,8.0,g,..2,"(0,1/4,z) (0,1/4,-z+1/2) (0,3/4,-z) (0,3/4,z+1/2)"
C 2/c 2/c 2/a,323,8.0,f,.2.,"(0,y,1/4) (1/2,-y,1/4) (0,-y,3/4) (1/2,y,3/4)"
C 2/c 2/c 2/a,323,8.0,e,2..,"(x,1/4,1/4) (-x+1/2,3/4,1/4) (-x,3/4,3/4) (x+1/2,1/4,3/4)"
C 2/c 2/c 2/a,323,8.0,d,-1,"(0,0,0) (1/2,0,0) (0,0,1/2) (1/2,0,1/2)"
C 2/c 2/c 2/a,323,8.0,c,-1,"(1/4,3/4,0) (1/4,1/4,0) (3/4,3/4,1/2) (3/4,1/4,1/2)"
C 2/c 2/c 2/a,323,4.0,b,222,"(0,1/4,3/4) (0,3/4,1/4)"
C 2/c 2/c 2/a,323,4.0,a,222,"(0,1/4,1/4) (0,3/4,3/4)"
C 2/c 2/c 2/b,324,16.0,i,1,"(x,y,z) (-x+1/2,-y+1/2,z) (x,-y,-z) (-x+1/2,y+1/2,-z) (-x+1/2,-y,-z+1/2) (x,y+1/2,-z+1/2) (-x+1/2,y,z+1/2) (x,-y+1/2,z+1/2)"
C 2/c 2/c 2/b,324,8.0,h,..2,"(1/4,1/4,z) (1/4,3/4,-z) (1/4,3/4,-z+1/2) (1/4,1/4,z+1/2)"
C 2/c 2/c 2/b,324,8.0,g,..2,"(0,0,z) (0,0,-z) (1/2,0,-z+1/2) (1/2,0,z+1/2)"
C 2/c 2/c 2/b,324,8.0,f,.2.,"(x,0,0) (-x+1/2,1/2,0) (-x+1/2,0,1/2) (x,1/2,1/2)"
C 2/c 2/c 2/b,324,8.0,e,2..,"(0,y,0) (1/2,-y+1/2,0) (1/2,-y,1/2) (0,y+1/2,1/2)"
C 2/c 2/c 2/b,324,8.0,d,-1,"(1/4,0,3/4) (1/4,1/2,3/4) (1/4,0,1/4) (1/4,1/2,1/4)"
C 2/c 2/c 2/b,324,8.0,c,-1,"(0,1/4,3/4) (1/2,1/4,3/4) (0,3/4,1/4) (1/2,3/4,1/4)"
C 2/c 2/c 2/b,324,4.0,b,222,"(0,0,1/2) (1/2,0,0)"
C 2/c 2/c 2/b,324,4.0,a,222,"(0,0,0) (1/2,0,1/2)"
C 2/c 2/c 2/b,325,16.0,i,1,"(x,y,z) (-x,-y+1/2,z) (x,-y,-z+1/2) (-x,y+1/2,-z+1/2) (-x,-y,-z) (x,y+1/2,-z) (-x,y,z+1/2) (x,-y+1/2,z+1/2)"
C 2/c 2/c 2/b,325,8.0,h,..2,"(0,1/4,z) (0,3/4,-z+1/2) (0,3/4,-z) (0,1/4,z+1/2)"
C 2/c 2/c 2/b,325,8.0,g,..2,"(1/4,0,z) (1/4,0,-z+1/2) (3/4,0,-z) (3/4,0,z+1/2)"
C 2/c 2/c 2/b,325,8.0,f,.2.,"(x,0,3/4) (-x,1/2,3/4) (-x,0,1/4) (x,1/2,1/4)"
C 2/c 2/c 2/b,325,8.0,e,2..,"(1/4,y,3/4) (3/4,-y+1/2,3/4) (3/4,-y,1/4) (1/4,y+1/2,1/4)"
C 2/c 2/c 2/b,325,8.0,d,-1,"(0,0,0) (0,1/2,0) (0,0,1/2) (0,1/2,1/2)"
C 2/c 2/c 2/b,325,8.0,c,-1,"(3/4,1/4,0) (1/4,1/4,0) (3/4,3/4,1/2) (1/4,3/4,1/2)"
C 2/c 2/c 2/b,325,4.0,b,222,"(1/4,0,1/4) (3/4,0,3/4)"
C 2/c 2/c 2/b,325,4.0,a,222,"(1/4,0,3/4) (3/4,0,1/4)"
A 2/b 2/a 2/a,326,16.0,i,1,"(x,y,z) (x,-y+1/2,-z+1/2) (-x,-y,z) (-x,y+1/2,-z+1/2) (-x+1/2,-y,-z+1/2) (-x+1/2,y+1/2,z) (x+1/2,y,-z+1/2) (x+1/2,-y+1/2,z)"
A 2/b 2/a 2/a,326,8.0,h,..2,"(x,1/4,1/4) (-x,3/4,1/4) (-x+1/2,3/4,1/4) (x+1/2,1/4,1/4)"
A 2/b 2/a 2/a,326,8.0,g,..2,"(x,0,0) (-x,0,0) (-x+1/2,0,1/2) (x+1/2,0,1/2)"
A 2/b 2/a 2/a,326,8.0,f,.2.,"(0,0,z) (0,1/2,-z+1/2) (1/2,0,-z+1/2) (1/2,1/2,z)"
A 2/b 2/a 2/a,326,8.0,e,2..,"(0,y,0) (0,-y+1/2,1/2) (1/2,-y,1/2) (1/2,y+1/2,0)"
A 2/b 2/a 2/a,326,8.0,d,-1,"(1/4,0,1/4) (1/4,1/2,1/4) (3/4,0,1/4) (3/4,1/2,1/4)"
A 2/b 2/a 2/a,326,8.0,c,-1,"(1/4,1/4,0) (1/4,1/4,1/2) (3/4,3/4,0) (3/4,3/4,1/2)"
A 2/b 2/a 2/a,326,4.0,b,222,"(1/2,0,0) (0,0,1/2)"
A 2/b 2/a 2/a,326,4.0,a,222,"(0,0,0) (1/2,0,1/2)"
A 2/b 2/a 2/a,327,16.0,i,1,"(x,y,z) (x,-y+1/2,-z) (-x+1/2,-y,z) (-x+1/2,y+1/2,-z) (-x,-y,-z) (-x,y+1/2,z) (x+1/2,y,-z) (x+1/2,-y+1/2,z)"
A 2/b 2/a 2/a,327,8.0,h,..2,"(x,1/4,0) (-x+1/2,3/4,0) (-x,3/4,0) (x+1/2,1/4,0)"
A 2/b 2/a 2/a,327,8.0,g,..2,"(x,0,1/4) (-x+1/2,0,1/4) (-x,0,3/4) (x+1/2,0,3/4)"
A 2/b 2/a 2/a,327,8.0,f,.2.,"(1/4,0,z) (1/4,1/2,-z) (3/4,0,-z) (3/4,1/2,z)"
A 2/b 2/a 2/a,327,8.0,e,2..,"(1/4,y,1/4) (1/4,-y+1/2,3/4) (3/4,-y,3/4) (3/4,y+1/2,1/4)"
A 2/b 2/a 2/a,327,8.0,d,-1,"(0,0,0) (0,1/2,0) (1/2,0,0) (1/2,1/2,0)"
A 2/b 2/a 2/a,327,8.0,c,-1,"(0,1/4,3/4) (0,1/4,1/4) (1/2,3/4,3/4) (1/2,3/4,1/4)"
A 2/b 2/a 2/a,327,4.0,b,222,"(3/4,0,1/4) (1/4,0,3/4)"
A 2/b 2/a 2/a,327,4.0,a,222,"(1/4,0,1/4) (3/4,0,3/4)"
A 2/c 2/a 2/a,328,16.0,i,1,"(x,y,z) (x,-y+1/2,-z+1/2) (-x,y,-z) (-x,-y+1/2,z+1/2) (-x+1/2,-y+1/2,-z) (-x+1/2,y,z+1/2) (x+1/2,-y+1/2,z) (x+1/2,y,-z+1/2)"
A 2/c 2/a 2/a,328,8.0,h,..2,"(x,1/4,1/4) (-x,1/4,3/4) (-x+1/2,1/4,3/4) (x+1/2,1/4,1/4)"
A 2/c 2/a 2/a,328,8.0,g,..2,"(x,0,0) (-x,0,0) (-x+1/2,1/2,0) (x+1/2,1/2,0)"
A 2/c 2/a 2/a,328,8.0,f,.2.,"(0,y,0) (0,-y+1/2,1/2) (1/2,-y+1/2,0) (1/2,y,1/2)"
A 2/c 2/a 2/a,328,8.0,e,2..,"(0,0,z) (0,1/2,-z+1/2) (1/2,1/2,-z) (1/2,0,z+1/2)"
A 2/c 2/a 2/a,328,8.0,d,-1,"(3/4,1/4,0) (3/4,1/4,1/2) (1/4,1/4,0) (1/4,1/4,1/2)"
A 2/c 2/a 2/a,328,8.0,c,-1,"(3/4,0,1/4) (3/4,1/2,1/4) (1/4,0,3/4) (1/4,1/2,3/4)"
A 2/c 2/a 2/a,328,4.0,b,222,"(1/2,0,0) (0,1/2,0)"
A 2/c 2/a 2/a,328,4.0,a,222,"(0,0,0) (1/2,1/2,0)"
A 2/c 2/a 2/a,329,16.0,i,1,"(x,y,z) (x,-y,-z+1/2) (-x+1/2,y,-z) (-x+1/2,-y,z+1/2) (-x,-y,-z) (-x,y,z+1/2) (x+1/2,-y,z) (x+1/2,y,-z+1/2)"
A 2/c 2/a 2/a,329,8.0,h,..2,"(x,0,1/4) (-x+1/2,0,3/4) (-x,0,3/4) (x+1/2,0,1/4)"
A 2/c 2/a 2/a,329,8.0,g,..2,"(x,1/4,0) (-x+1/2,1/4,0) (-x,3/4,0) (x+1/2,3/4,0)"
A 2/c 2/a 2/a,329,8.0,f,.2.,"(3/4,y,0) (3/4,-y,1/2) (1/4,-y,0) (1/4,y,1/2)"
A 2/c 2/a 2/a,329,8.0,e,2..,"(3/4,1/4,z) (3/4,3/4,-z+1/2) (1/4,3/4,-z) (1/4,1/4,z+1/2)"
A 2/c 2/a 2/a,329,8.0,d,-1,"(0,0,0) (0,0,1/2) (1/2,0,0) (1/2,0,1/2)"
A 2/c 2/a 2/a,329,8.0,c,-1,"(0,3/4,1/4) (0,1/4,1/4) (1/2,3/4,3/4) (1/2,1/4,3/4)"
A 2/c 2/a 2/a,329,4.0,b,222,"(1/4,1/4,0) (3/4,3/4,0)"
A 2/c 2/a 2/a,329,4.0,a,222,"(3/4,1/4,0) (1/4,3/4,0)"
B 2/b 2/c 2/b,330,16.0,i,1,"(x,y,z) (-x+1/2,y,-z+1/2) (x,-y,-z) (-x+1/2,-y,z+1/2) (-x+1/2,-y+1/2,-z) (x,-y+1/2,z+1/2) (-x+1/2,y+1/2,z) (x,y+1/2,-z+1/2)"
B 2/b 2/c 2/b,330,8.0,h,..2,"(1/4,y,1/4) (1/4,-y,3/4) (1/4,-y+1/2,3/4) (1/4,y+1/2,1/4)"
B 2/b 2/c 2/b,330,8.0,g,..2,"(0,y,0) (0,-y,0) (1/2,-y+1/2,0) (1/2,y+1/2,0)"
B 2/b 2/c 2/b,330,8.0,f,.2.,"(x,0,0) (-x+1/2,0,1/2) (-x+1/2,1/2,0) (x,1/2,1/2)"
B 2/b 2/c 2/b,330,8.0,e,2..,"(0,0,z) (1/2,0,-z+1/2) (1/2,1/2,-z) (0,1/2,z+1/2)"
B 2/b 2/c 2/b,330,8.0,d,-1,"(1/4,1/4,0) (1/4,1/4,1/2) (1/4,3/4,0) (1/4,3/4,1/2)"
B 2/b 2/c 2/b,330,8.0,c,-1,"(0,1/4,1/4) (1/2,1/4,1/4) (0,3/4,3/4) (1/2,3/4,3/4)"
B 2/b 2/c 2/b,330,4.0,b,222,"(0,1/2,0) (1/2,0,0)"
B 2/b 2/c 2/b,330,4.0,a,222,"(0,0,0) (1/2,1/2,0)"
B 2/b 2/c 2/b,331,16.0,i,1,"(x,y,z) (-x,y,-z+1/2) (x,-y+1/2,-z) (-x,-y+1/2,z+1/2) (-x,-y,-z) (x,-y,z+1/2) (-x,y+1/2,z) (x,y+1/2,-z+1/2)"
B 2/b 2/c 2/b,331,8.0,h,..2,"(0,y,1/4) (0,-y+1/2,3/4) (0,-y,3/4) (0,y+1/2,1/4)"
B 2/b 2/c 2/b,331,8.0,g,..2,"(1/4,y,0) (1/4,-y+1/2,0) (3/4,-y,0) (3/4,y+1/2,0)"
B 2/b 2/c 2/b,331,8.0,f,.2.,"(x,1/4,0) (-x,1/4,1/2) (-x,3/4,0) (x,3/4,1/2)"
B 2/b 2/c 2/b,331,8.0,e,2..,"(1/4,1/4,z) (3/4,1/4,-z+1/2) (3/4,3/4,-z) (1/4,3/4,z+1/2)"
B 2/b 2/c 2/b,331,8.0,d,-1,"(0,0,0) (0,0,1/2) (0,1/2,0) (0,1/2,1/2)"
B 2/b 2/c 2/b,331,8.0,c,-1,"(3/4,0,1/4) (1/4,0,1/4) (3/4,1/2,3/4) (1/4,1/2,3/4)"
B 2/b 2/c 2/b,331,4.0,b,222,"(1/4,3/4,0) (3/4,1/4,0)"
B 2/b 2/c 2/b,331,4.0,a,222,"(1/4,1/4,0) (3/4,3/4,0)"
B 2/b 2/a 2/b,332,16.0,i,1,"(x,y,z) (-x+1/2,y,-z+1/2) (-x,-y,z) (x+1/2,-y,-z+1/2) (-x,-y+1/2,-z+1/2) (x+1/2,-y+1/2,z) (x,y+1/2,-z+1/2) (-x+1/2,y+1/2,z)"
B 2/b 2/a 2/b,332,8.0,h,..2,"(1/4,y,1/4) (3/4,-y,1/4) (3/4,-y+1/2,1/4) (1/4,y+1/2,1/4)"
B 2/b 2/a 2/b,332,8.0,g,..2,"(0,y,0) (0,-y,0) (0,-y+1/2,1/2) (0,y+1/2,1/2)"
B 2/b 2/a 2/b,332,8.0,f,.2.,"(0,0,z) (1/2,0,-z+1/2) (0,1/2,-z+1/2) (1/2,1/2,z)"
B 2/b 2/a 2/b,332,8.0,e,2..,"(x,0,0) (-x+1/2,0,1/2) (-x,1/2,1/2) (x+1/2,1/2,0)"
B 2/b 2/a 2/b,332,8.0,d,-1,"(0,3/4,1/4) (1/2,3/4,1/4) (0,1/4,1/4) (1/2,1/4,1/4)"
B 2/b 2/a 2/b,332,8.0,c,-1,"(1/4,3/4,0) (1/4,3/4,1/2) (3/4,1/4,0) (3/4,1/4,1/2)"
B 2/b 2/a 2/b,332,4.0,b,222,"(0,1/2,0) (0,0,1/2)"
B 2/b 2/a 2/b,332,4.0,a,222,"(0,0,0) (0,1/2,1/2)"
B 2/b 2/a 2/b,333,16.0,i,1,"(x,y,z) (-x+1/2,y,-z) (-x,-y+1/2,z) (x+1/2,-y+1/2,-z) (-x,-y,-z) (x+1/2,-y,z) (x,y+1/2,-z) (-x+1/2,y+1/2,z)"
B 2/b 2/a 2/b,333,8.0,h,..2,"(1/4,y,0) (3/4,-y+1/2,0) (3/4,-y,0) (1/4,y+1/2,0)"
B 2/b 2/a 2/b,333,8.0,g,..2,"(0,y,1/4) (0,-y+1/2,1/4) (0,-y,3/4) (0,y+1/2,3/4)"
B 2/b 2/a 2/b,333,8.0,f,.2.,"(0,3/4,z) (1/2,3/4,-z) (0,1/4,-z) (1/2,1/4,z)"
B 2/b 2/a 2/b,333,8.0,e,2..,"(x,3/4,1/4) (-x+1/2,3/4,3/4) (-x,1/4,3/4) (x+1/2,1/4,1/4)"
B 2/b 2/a 2/b,333,8.0,d,-1,"(0,0,0) (1/2,0,0) (0,1/2,0) (1/2,1/2,0)"
B 2/b 2/a 2/b,333,8.0,c,-1,"(1/4,0,3/4) (1/4,0,1/4) (3/4,1/2,3/4) (3/4,1/2,1/4)"
B 2/b 2/a 2/b,333,4.0,b,222,"(0,1/4,1/4) (0,3/4,3/4)"
B 2/b 2/a 2/b,333,4.0,a,222,"(0,3/4,1/4) (0,1/4,3/4)"
F 2/m 2/m 2/m,334,32.0,p,1,"(x,y,z) (-x,-y,z) (-x,y,-z) (x,-y,-z) (-x,-y,-z) (x,y,-z) (x,-y,z) (-x,y,z)"
F 2/m 2/m 2/m,334,16.0,o,..m,"(x,y,0) (-x,-y,0) (-x,y,0) (x,-y,0)"
F 2/m 2/m 2/m,334,16.0,n,.m.,"(x,0,z) (-x,0,z) (-x,0,-z) (x,0,-z)"
F 2/m 2/m 2/m,334,16.0,m,m..,"(0,y,z) (0,-y,z) (0,y,-z) (0,-y,-z)"
F 2/m 2/m 2/m,334,16.0,l,2..,"(x,1/4,1/4) (-x,3/4,1/4) (-x,3/4,3/4) (x,1/4,3/4)"
F 2/m 2/m 2/m,334,16.0,k,.2.,"(1/4,y,1/4) (3/4,-y,1/4) (3/4,-y,3/4) (1/4,y,3/4)"
F 2/m 2/m 2/m,334,16.0,j,..2,"(1/4,1/4,z) (3/4,1/4,-z) (3/4,3/4,-z) (1/4,3/4,z)"
F 2/m 2/m 2/m,334,8.0,i,mm2,"(0,0,z) (0,0,-z)"
F 2/m 2/m 2/m,334,8.0,h,m2m,"(0,y,0) (0,-y,0)"
F 2/m 2/m 2/m,334,8.0,g,2mm,"(x,0,0) (-x,0,0)"
F 2/m 2/m 2/m,334,8.0,f,222,"(1/4,1/4,1/4) (3/4,3/4,3/4)"
F 2/m 2/m 2/m,334,8.0,e,..2/m,"(1/4,1/4,0) (3/4,1/4,0)"
F 2/m 2/m 2/m,334,8.0,d,.2/m.,"(1/4,0,1/4) (3/4,0,1/4)"
F 2/m 2/m 2/m,334,8.0,c,2/m..,"(0,1/4,1/4) (0,3/4,1/4)"
F 2/m 2/m 2/m,334,4.0,b,mmm,"(0,0,1/2)"
F 2/m 2/m 2/m,334,4.0,a,mmm,"(0,0,0)"
F 2/d 2/d 2/d,335,32.0,h,1,"(x,y,z) (-x,-y,z) (-x,y,-z) (x,-y,-z) (-x+1/4,-y+1/4,-z+1/4) (x+1/4,y+1/4,-z+1/4) (x+1/4,-y+1/4,z+1/4) (-x+1/4,y+1/4,z+1/4)"
F 2/d 2/d 2/d,335,16.0,g,..2,"(0,0,z) (0,0,-z) (1/4,1/4,-z+1/4) (1/4,1/4,z+1/4)"
F 2/d 2/d 2/d,335,16.0,f,.2.,"(0,y,0) (0,-y,0) (1/4,-y+1/4,1/4) (1/4,y+1/4,1/4)"
F 2/d 2/d 2/d,335,16.0,e,2..,"(x,0,0) (-x,0,0) (-x+1/4,1/4,1/4) (x+1/4,1/4,1/4)"
F 2/d 2/d 2/d,335,16.0,d,-1,"(5/8,5/8,5/8) (3/8,3/8,5/8) (3/8,5/8,3/8) (5/8,3/8,3/8)"
F 2/d 2/d 2/d,335,16.0,c,-1,"(1/8,1/8,1/8) (7/8,7/8,1/8) (7/8,1/8,7/8) (1/8,7/8,7/8)"
F 2/d 2/d 2/d,335,8.0,b,222,"(0,0,1/2) (1/4,1/4,3/4)"
F 2/d 2/d 2/d,335,8.0,a,222,"(0,0,0) (1/4,1/4,1/4)"
F 2/d 2/d 2/d,336,32.0,h,1,"(x,y,z) (-x+3/4,-y+3/4,z) (-x+3/4,y,-z+3/4) (x,-y+3/4,-z+3/4) (-x,-y,-z) (x+1/4,y+1/4,-z) (x+1/4,-y,z+1/4) (-x,y+1/4,z+1/4)"
F 2/d 2/d 2/d,336,16.0,g,..2,"(1/8,1/8,z) (5/8,1/8,-z+3/4) (7/8,7/8,-z) (3/8,7/8,z+1/4)"
F 2/d 2/d 2/d,336,16.0,f,.2.,"(1/8,y,1/8) (5/8,-y+3/4,1/8) (7/8,-y,7/8) (3/8,y+1/4,7/8)"
F 2/d 2/d 2/d,336,16.0,e,2..,"(x,1/8,1/8) (-x+3/4,5/8,1/8) (-x,7/8,7/8) (x+1/4,3/8,7/8)"
F 2/d 2/d 2/d,336,16.0,d,-1,"(1/2,1/2,1/2) (1/4,1/4,1/2) (1/4,1/2,1/4) (1/2,1/4,1/4)"
F 2/d 2/d 2/d,336,16.0,c,-1,"(0,0,0) (3/4,3/4,0) (3/4,0,3/4) (0,3/4,3/4)"
F 2/d 2/d 2/d,336,8.0,b,222,"(1/8,1/8,5/8) (7/8,7/8,3/8)"
F 2/d 2/d 2/d,336,8.0,a,222,"(1/8,1/8,1/8) (7/8,7/8,7/8)"
I 2/m 2/m 2/m,337,16.0,o,1,"(x,y,z) (-x,-y,z) (-x,y,-z) (x,-y,-z) (-x,-y,-z) (x,y,-z) (x,-y,z) (-x,y,z)"
I 2/m 2/m 2/m,337,8.0,n,..m,"(x,y,0) (-x,-y,0) (-x,y,0) (x,-y,0)"
I 2/m 2/m 2/m,337,8.0,m,.m.,"(x,0,z) (-x,0,z) (-x,0,-z) (x,0,-z)"
I 2/m 2/m 2/m,337,8.0,l,m..,"(0,y,z) (0,-y,z) (0,y,-z) (0,-y,-z)"
I 2/m 2/m 2/m,337,8.0,k,-1,"(1/4,1/4,1/4) (3/4,3/4,1/4) (3/4,1/4,3/4) (1/4,3/4,3/4)"
I 2/m 2/m 2/m,337,4.0,j,mm2,"(1/2,0,z) (1/2,0,-z)"
I 2/m 2/m 2/m,337,4.0,i,mm2,"(0,0,z) (0,0,-z)"
I 2/m 2/m 2/m,337,4.0,h,m2m,"(0,y,1/2) (0,-y,1/2)"
I 2/m 2/m 2/m,337,4.0,g,m2m,"(0,y,0) (0,-y,0)"
I 2/m 2/m 2/m,337,4.0,f,2mm,"(x,1/2,0) (-x,1/2,0)"
I 2/m 2/m 2/m,337,4.0,e,2mm,"(x,0,0) (-x,0,0)"
I 2/m 2/m 2/m,337,2.0,d,mmm,"(1/2,0,1/2)"
I 2/m 2/m 2/m,337,2.0,c,mmm,"(1/2,1/2,0)"
I 2/m 2/m 2/m,337,2.0,b,mmm,"(0,1/2,1/2)"
I 2/m 2/m 2/m,337,2.0,a,mmm,"(0,0,0)"
I 2/b 2/a 2/m,338,16.0,k,1,"(x,y,z) (-x,-y,z) (-x+1/2,y+1/2,-z) (x+1/2,-y+1/2,-z) (-x,-y,-z) (x,y,-z) (x+1/2,-y+1/2,z) (-x+1/2,y+1/2,z)"
I 2/b 2/a 2/m,338,8.0,j,..m,"(x,y,0) (-x,-y,0) (-x+1/2,y+1/2,0) (x+1/2,-y+1/2,0)"
I 2/b 2/a 2/m,338,8.0,i,..2,"(0,1/2,z) (1/2,0,-z) (0,1/2,-z) (1/2,0,z)"
I 2/b 2/a 2/m,338,8.0,h,..2,"(0,0,z) (1/2,1/2,-z) (0,0,-z) (1/2,1/2,z)"
I 2/b 2/a 2/m,338,8.0,g,.2.,"(0,y,1/4) (0,-y,1/4) (0,-y,3/4) (0,y,3/4)"
I 2/b 2/a 2/m,338,8.0,f,2..,"(x,0,1/4) (-x,0,1/4) (-x,0,3/4) (x,0,3/4)"
I 2/b 2/a 2/m,338,8.0,e,-1,"(1/4,1/4,1/4) (3/4,3/4,1/4) (1/4,3/4,3/4) (3/4,1/4,3/4)"
I 2/b 2/a 2/m,338,4.0,d,..2/m,"(1/2,0,0) (0,1/2,0)"
I 2/b 2/a 2/m,338,4.0,c,..2/m,"(0,0,0) (1/2,1/2,0)"
I 2/b 2/a 2/m,338,4.0,b,222,"(1/2,0,1/4) (1/2,0,3/4)"
I 2/b 2/a 2/m,338,4.0,a,222,"(0,0,1/4) (0,0,3/4)"
I 2/m 2/c 2/b,339,16.0,k,1,"(x,y,z) (x,-y,-z) (-x,-y+1/2,z+1/2) (-x,y+1/2,-z+1/2) (-x,-y,-z) (-x,y,z) (x,y+1/2,-z+1/2) (x,-y+1/2,z+1/2)"
I 2/m 2/c 2/b,339,8.0,j,..m,"(0,y,z) (0,-y,-z) (0,-y+1/2,z+1/2) (0,y+1/2,-z+1/2)"
I 2/m 2/c 2/b,339,8.0,i,..2,"(x,0,1/2) (-x,1/2,0) (-x,0,1/2) (x,1/2,0)"
I 2/m 2/c 2/b,339,8.0,h,..2,"(x,0,0) (-x,1/2,1/2) (-x,0,0) (x,1/2,1/2)"
I 2/m 2/c 2/b,339,8.0,g,.2.,"(1/4,0,z) (1/4,0,-z) (3/4,0,-z) (3/4,0,z)"
I 2/m 2/c 2/b,339,8.0,f,2..,"(1/4,y,0) (1/4,-y,0) (3/4,-y,0) (3/4,y,0)"
I 2/m 2/c 2/b,339,8.0,e,-1,"(1/4,1/4,1/4) (1/4,3/4,3/4) (3/4,1/4,3/4) (3/4,3/4,1/4)"
I 2/m 2/c 2/b,339,4.0,d,..2/m,"(0,1/2,0) (0,0,1/2)"
I 2/m 2/c 2/b,339,4.0,c,..2/m,"(0,0,0) (0,1/2,1/2)"
I 2/m 2/c 2/b,339,4.0,b,222,"(1/4,1/2,0) (3/4,1/2,0)"
I 2/m 2/c 2/b,339,4.0,a,222,"(1/4,0,0) (3/4,0,0)"
I 2/c 2/m 2/a,340,16.0,k,1,"(x,y,z) (-x,y,-z) (x+1/2,-y,-z+1/2) (-x+1/2,-y,z+1/2) (-x,-y,-z) (x,-y,z) (-x+1/2,y,z+1/2) (x+1/2,y,-z+1/2)"
I 2/c 2/m 2/a,340,8.0,j,..m,"(x,0,z) (-x,0,-z) (x+1/2,0,-z+1/2) (-x+1/2,0,z+1/2)"
I 2/c 2/m 2/a,340,8.0,i,..2,"(1/2,y,0) (0,-y,1/2) (1/2,-y,0) (0,y,1/2)"
I 2/c 2/m 2/a,340,8.0,h,..2,"(0,y,0) (1/2,-y,1/2) (0,-y,0) (1/2,y,1/2)"
I 2/c 2/m 2/a,340,8.0,g,.2.,"(x,1/4,0) (-x,1/4,0) (-x,3/4,0) (x,3/4,0)"
I 2/c 2/m 2/a,340,8.0,f,2..,"(0,1/4,z) (0,1/4,-z) (0,3/4,-z) (0,3/4,z)"
I 2/c 2/m 2/a,340,8.0,e,-1,"(1/4,1/4,1/4) (3/4,1/4,3/4) (3/4,3/4,1/4) (1/4,3/4,3/4)"
I 2/c 2/m 2/a,340,4.0,d,..2/m,"(0,0,1/2) (1/2,0,0)"
I 2/c 2/m 2/a,340,4.0,c,..2/m,"(0,0,0) (1/2,0,1/2)"
I 2/c 2/m 2/a,340,4.0,b,222,"(0,1/4,1/2) (0,3/4,1/2)"
I 2/c 2/m 2/a,340,4.0,a,222,"(0,1/4,0) (0,3/4,0)"
I 2/b 2/c 2/a,341,16.0,f,1,"(x,y,z) (-x+1/2,-y,z+1/2) (-x,y+1/2,-z+1/2) (x+1/2,-y+1/2,-z) (-x,-y,-z) (x+1/2,y,-z+1/2) (x,-y+1/2,z+1/2) (-x+1/2,y+1/2,z)"
I 2/b 2/c 2/a,341,8.0,e,..2,"(0,1/4,z) (0,3/4,-z+1/2) (0,3/4,-z) (0,1/4,z+1/2)"
I 2/b 2/c 2/a,341,8.0,d,.2.,"(1/4,y,0) (1/4,-y,1/2) (3/4,-y,0) (3/4,y,1/2)"
I 2/b 2/c 2/a,341,8.0,c,2..,"(x,0,1/4) (-x+1/2,0,3/4) (-x,0,3/4) (x+1/2,0,1/4)"
I 2/b 2/c 2/a,341,8.0,b,-1,"(1/4,1/4,1/4) (1/4,3/4,3/4) (3/4,3/4,1/4) (3/4,1/4,3/4)"
I 2/b 2/c 2/a,341,8.0,a,-1,"(0,0,0) (1/2,0,1/2) (0,1/2,1/2) (1/2,1/2,0)"
I 2/c 2/a 2/b,342,16.0,f,1,"(x,y,z) (-x,-y+1/2,z+1/2) (x+1/2,-y,-z+1/2) (-x+1/2,y+1/2,-z) (-x,-y,-z) (x,y+1/2,-z+1/2) (-x+1/2,y,z+1/2) (x+1/2,-y+1/2,z)"
I 2/c 2/a 2/b,342,8.0,e,..2,"(1/4,0,z) (3/4,0,-z+1/2) (3/4,0,-z) (1/4,0,z+1/2)"
I 2/c 2/a 2/b,342,8.0,d,.2.,"(x,1/4,0) (-x,1/4,1/2) (-x,3/4,0) (x,3/4,1/2)"
I 2/c 2/a 2/b,342,8.0,c,2..,"(0,y,3/4) (0,-y+1/2,1/4) (0,-y,1/4) (0,y+1/2,3/4)"
I 2/c 2/a 2/b,342,8.0,b,-1,"(1/4,1/4,3/4) (3/4,1/4,1/4) (3/4,3/4,3/4) (1/4,3/4,1/4)"
I 2/c 2/a 2/b,342,8.0,a,-1,"(0,0,0) (0,1/2,1/2) (1/2,0,1/2) (1/2,1/2,0)"
I 2/m 2/m 2/a,343,16.0,j,1,"(x,y,z) (-x,-y+1/2,z) (-x,y+1/2,-z) (x,-y,-z) (-x,-y,-z) (x,y+1/2,-z) (x,-y+1/2,z) (-x,y,z)"
I 2/m 2/m 2/a,343,8.0,i,.m.,"(x,1/4,z) (-x,1/4,z) (-x,3/4,-z) (x,3/4,-z)"
I 2/m 2/m 2/a,343,8.0,h,m..,"(0,y,z) (0,-y+1/2,z) (0,y+1/2,-z) (0,-y,-z)"
I 2/m 2/m 2/a,343,8.0,g,.2.,"(1/4,y,1/4) (3/4,-y+1/2,1/4) (3/4,-y,3/4) (1/4,y+1/2,3/4)"
I 2/m 2/m 2/a,343,8.0,f,2..,"(x,0,0) (-x,1/2,0) (-x,0,0) (x,1/2,0)"
I 2/m 2/m 2/a,343,4.0,e,mm2,"(0,1/4,z) (0,3/4,-z)"
I 2/m 2/m 2/a,343,4.0,d,.2/m.,"(1/4,1/4,3/4) (3/4,1/4,3/4)"
I 2/m 2/m 2/a,343,4.0,c,.2/m.,"(1/4,1/4,1/4) (3/4,1/4,1/4)"
I 2/m 2/m 2/a,343,4.0,b,2/m..,"(0,0,1/2) (0,1/2,1/2)"
I 2/m 2/m 2/a,343,4.0,a,2/m..,"(0,0,0) (0,1/2,0)"
I 2/m 2/m 2/b,344,16.0,j,1,"(x,y,z) (-x+1/2,-y,z) (x+1/2,-y,-z) (-x,y,-z) (-x,-y,-z) (x+1/2,y,-z) (-x+1/2,y,z) (x,-y,z)"
I 2/m 2/m 2/b,344,8.0,i,.m.,"(1/4,y,z) (1/4,-y,z) (3/4,-y,-z) (3/4,y,-z)"
I 2/m 2/m 2/b,344,8.0,h,m..,"(x,0,z) (-x+1/2,0,z) (x+1/2,0,-z) (-x,0,-z)"
I 2/m 2/m 2/b,344,8.0,g,.2.,"(x,1/4,3/4) (-x+1/2,3/4,3/4) (-x,3/4,1/4) (x+1/2,1/4,1/4)"
I 2/m 2/m 2/b,344,8.0,f,2..,"(0,y,0) (1/2,-y,0) (0,-y,0) (1/2,y,0)"
I 2/m 2/m 2/b,344,4.0,e,mm2,"(1/4,0,z) (3/4,0,-z)"
I 2/m 2/m 2/b,344,4.0,d,.2/m.,"(1/4,1/4,1/4) (1/4,3/4,1/4)"
I 2/m 2/m 2/b,344,4.0,c,.2/m.,"(1/4,1/4,3/4) (1/4,3/4,3/4)"
I 2/m 2/m 2/b,344,4.0,b,2/m..,"(0,0,1/2) (1/2,0,1/2)"
I 2/m 2/m 2/b,344,4.0,a,2/m..,"(0,0,0) (1/2,0,0)"
I 2/b 2/m 2/m,345,16.0,j,1,"(x,y,z) (x,-y,-z+1/2) (-x,-y,z+1/2) (-x,y,-z) (-x,-y,-z) (-x,y,z+1/2) (x,y,-z+1/2) (x,-y,z)"
I 2/b 2/m 2/m,345,8.0,i,.m.,"(x,y,1/4) (x,-y,1/4) (-x,-y,3/4) (-x,y,3/4)"
I 2/b 2/m 2/m,345,8.0,h,m..,"(x,0,z) (x,0,-z+1/2) (-x,0,z+1/2) (-x,0,-z)"
I 2/b 2/m 2/m,345,8.0,g,.2.,"(1/4,1/4,z) (1/4,3/4,-z+1/2) (3/4,3/4,-z) (3/4,1/4,z+1/2)"
I 2/b 2/m 2/m,345,8.0,f,2..,"(0,y,0) (0,-y,1/2) (0,-y,0) (0,y,1/2)"
I 2/b 2/m 2/m,345,4.0,e,mm2,"(x,0,1/4) (-x,0,3/4)"
I 2/b 2/m 2/m,345,4.0,d,.2/m.,"(3/4,1/4,1/4) (3/4,3/4,1/4)"
I 2/b 2/m 2/m,345,4.0,c,.2/m.,"(1/4,1/4,1/4) (1/4,3/4,1/4)"
I 2/b 2/m 2/m,345,4.0,b,2/m..,"(1/2,0,0) (1/2,0,1/2)"
I 2/b 2/m 2/m,345,4.0,a,2/m..,"(0,0,0) (0,0,1/2)"
I 2/c 2/m 2/m,346,16.0,j,1,"(x,y,z) (x,-y+1/2,-z) (-x,y+1/2,-z) (-x,-y,z) (-x,-y,-z) (-x,y+1/2,z) (x,-y+1/2,z) (x,y,-z)"
I 2/c 2/m 2/m,346,8.0,i,.m.,"(x,1/4,z) (x,1/4,-z) (-x,3/4,-z) (-x,3/4,z)"
I 2/c 2/m 2/m,346,8.0,h,m..,"(x,y,0) (x,-y+1/2,0) (-x,y+1/2,0) (-x,-y,0)"
I 2/c 2/m 2/m,346,8.0,g,.2.,"(3/4,y,1/4) (3/4,-y+1/2,3/4) (1/4,-y,3/4) (1/4,y+1/2,1/4)"
I 2/c 2/m 2/m,346,8.0,f,2..,"(0,0,z) (0,1/2,-z) (0,0,-z) (0,1/2,z)"
I 2/c 2/m 2/m,346,4.0,e,mm2,"(x,1/4,0) (-x,3/4,0)"
I 2/c 2/m 2/m,346,4.0,d,.2/m.,"(1/4,1/4,1/4) (1/4,1/4,3/4)"
I 2/c 2/m 2/m,346,4.0,c,.2/m.,"(3/4,1/4,1/4) (3/4,1/4,3/4)"
I 2/c 2/m 2/m,346,4.0,b,2/m..,"(1/2,0,0) (1/2,1/2,0)"
I 2/c 2/m 2/m,346,4.0,a,2/m..,"(0,0,0) (0,1/2,0)"
I 2/m 2/c 2/m,347,16.0,j,1,"(x,y,z) (-x+1/2,y,-z) (x+1/2,-y,-z) (-x,-y,z) (-x,-y,-z) (x+1/2,-y,z) (-x+1/2,y,z) (x,y,-z)"
I 2/m 2/c 2/m,347,8.0,i,.m.,"(1/4,y,z) (1/4,y,-z) (3/4,-y,-z) (3/4,-y,z)"
I 2/m 2/c 2/m,347,8.0,h,m..,"(x,y,0) (-x+1/2,y,0) (x+1/2,-y,0) (-x,-y,0)"
I 2/m 2/c 2/m,347,8.0,g,.2.,"(x,1/4,1/4) (-x+1/2,1/4,3/4) (-x,3/4,3/4) (x+1/2,3/4,1/4)"
I 2/m 2/c 2/m,347,8.0,f,2..,"(0,0,z) (1/2,0,-z) (0,0,-z) (1/2,0,z)"
I 2/m 2/c 2/m,347,4.0,e,mm2,"(1/4,y,0) (3/4,-y,0)"
I 2/m 2/c 2/m,347,4.0,d,.2/m.,"(1/4,3/4,1/4) (1/4,3/4,3/4)"
I 2/m 2/c 2/m,347,4.0,c,.2/m.,"(1/4,1/4,1/4) (1/4,1/4,3/4)"
I 2/m 2/c 2/m,347,4.0,b,2/m..,"(0,1/2,0) (1/2,1/2,0)"
I 2/m 2/c 2/m,347,4.0,a,2/m..,"(0,0,0) (1/2,0,0)"
I 2/m 2/a 2/m,348,16.0,j,1,"(x,y,z) (-x,y,-z+1/2) (-x,-y,z+1/2) (x,-y,-z) (-x,-y,-z) (x,-y,z+1/2) (x,y,-z+1/2) (-x,y,z)"
I 2/m 2/a 2/m,348,8.0,i,.m.,"(x,y,1/4) (-x,y,1/4) (-x,-y,3/4) (x,-y,3/4)"
I 2/m 2/a 2/m,348,8.0,h,m..,"(0,y,z) (0,y,-z+1/2) (0,-y,z+1/2) (0,-y,-z)"
I 2/m 2/a 2/m,348,8.0,g,.2.,"(1/4,3/4,z) (3/4,3/4,-z+1/2) (3/4,1/4,-z) (1/4,1/4,z+1/2)"
I 2/m 2/a 2/m,348,8.0,f,2..,"(x,0,0) (-x,0,1/2) (-x,0,0) (x,0,1/2)"
I 2/m 2/a 2/m,348,4.0,e,mm2,"(0,y,1/4) (0,-y,3/4)"
I 2/m 2/a 2/m,348,4.0,d,.2/m.,"(1/4,1/4,1/4) (3/4,1/4,1/4)"
I 2/m 2/a 2/m,348,4.0,c,.2/m.,"(1/4,3/4,1/4) (3/4,3/4,1/4)"
I 2/m 2/a 2/m,348,4.0,b,2/m..,"(0,1/2,0) (0,1/2,1/2)"
I 2/m 2/a 2/m,348,4.0,a,2/m..,"(0,0,0) (0,0,1/2)"
P 4,349,4.0,d,1,"(x,y,z) (-x,-y,z) (-y,x,z) (y,-x,z)"
P 4,349,2.0,c,2..,"(0,1/2,z) (1/2,0,z)"
P 4,349,1.0,b,4..,"(1/2,1/2,z)"
P 4,349,1.0,a,4..,"(0,0,z)"
P 41,350,4.0,a,1,"(x,y,z) (-x,-y,z+1/2) (-y,x,z+1/4) (y,-x,z+3/4)"
P 42,351,4.0,d,1,"(x,y,z) (-x,-y,z) (-y,x,z+1/2) (y,-x,z+1/2)"
P 42,351,2.0,c,2..,"(0,1/2,z) (1/2,0,z+1/2)"
P 42,351,2.0,b,2..,"(1/2,1/2,z) (1/2,1/2,z+1/2)"
P 42,351,2.0,a,2..,"(0,0,z) (0,0,z+1/2)"
P 43,352,4.0,a,1,"(x,y,z) (-x,-y,z+1/2) (-y,x,z+3/4) (y,-x,z+1/4)"
I 4,353,8.0,c,1,"(x,y,z) (-x,-y,z) (-y,x,z) (y,-x,z)"
I 4,353,4.0,b,2..,"(0,1/2,z) (1/2,0,z)"
I 4,353,2.0,a,4..,"(0,0,z)"
I 41,354,8.0,b,1,"(x,y,z) (-x+1/2,-y+1/2,z+1/2) (-y,x+1/2,z+1/4) (y+1/2,-x,z+3/4)"
I 41,354,4.0,a,2..,"(0,0,z) (0,1/2,z+1/4)"
P -4,355,4.0,h,1,"(x,y,z) (-x,-y,z) (y,-x,-z) (-y,x,-z)"
P -4,355,2.0,g,2..,"(0,1/2,z) (1/2,0,-z)"
P -4,355,2.0,f,2..,"(1/2,1/2,z) (1/2,1/2,-z)"
P -4,355,2.0,e,2..,"(0,0,z) (0,0,-z)"
P -4,355,1.0,d,-4..,"(1/2,1/2,1/2)"
P -4,355,1.0,c,-4..,"(1/2,1/2,0)"
P -4,355,1.0,b,-4..,"(0,0,1/2)"
P -4,355,1.0,a,-4..,"(0,0,0)"
I -4,356,8.0,g,1,"(x,y,z) (-x,-y,z) (y,-x,-z) (-y,x,-z)"
I -4,356,4.0,f,2..,"(0,1/2,z) (1/2,0,-z)"
I -4,356,4.0,e,2..,"(0,0,z) (0,0,-z)"
I -4,356,2.0,d,-4..,"(0,1/2,3/4)"
I -4,356,2.0,c,-4..,"(0,1/2,1/4)"
I -4,356,2.0,b,-4..,"(0,0,1/2)"
I -4,356,2.0,a,-4..,"(0,0,0)"
P 4/m,357,8.0,l,1,"(x,y,z) (-x,-y,z) (-y,x,z) (y,-x,z) (-x,-y,-z) (x,y,-z) (y,-x,-z) (-y,x,-z)"
P 4/m,357,4.0,k,m..,"(x,y,1/2) (-x,-y,1/2) (-y,x,1/2) (y,-x,1/2)"
P 4/m,357,4.0,j,m..,"(x,y,0) (-x,-y,0) (-y,x,0) (y,-x,0)"
P 4/m,357,4.0,i,2..,"(0,1/2,z) (1/2,0,z) (0,1/2,-z) (1/2,0,-z)"
P 4/m,357,2.0,h,4..,"(1/2,1/2,z) (1/2,1/2,-z)"
P 4/m,357,2.0,g,4..,"(0,0,z) (0,0,-z)"
P 4/m,357,2.0,f,2/m..,"(0,1/2,1/2) (1/2,0,1/2)"
P 4/m,357,2.0,e,2/m..,"(0,1/2,0) (1/2,0,0)"
P 4/m,357,1.0,d,4/m..,"(1/2,1/2,1/2)"
P 4/m,357,1.0,c,4/m..,"(1/2,1/2,0)"
P 4/m,357,1.0,b,4/m..,"(0,0,1/2)"
P 4/m,357,1.0,a,4/m..,"(0,0,0)"
P 42/m,358,8.0,k,1,"(x,y,z) (-x,-y,z) (-y,x,z+1/2) (y,-x,z+1/2) (-x,-y,-z) (x,y,-z) (y,-x,-z+1/2) (-y,x,-z+1/2)"
P 42/m,358,4.0,j,m..,"(x,y,0) (-x,-y,0) (-y,x,1/2) (y,-x,1/2)"
P 42/m,358,4.0,i,2..,"(0,1/2,z) (1/2,0,z+1/2) (0,1/2,-z) (1/2,0,-z+1/2)"
P 42/m,358,4.0,h,2..,"(1/2,1/2,z) (1/2,1/2,z+1/2) (1/2,1/2,-z) (1/2,1/2,-z+1/2)"
P 42/m,358,4.0,g,2..,"(0,0,z) (0,0,z+1/2) (0,0,-z) (0,0,-z+1/2)"
P 42/m,358,2.0,f,-4..,"(1/2,1/2,1/4) (1/2,1/2,3/4)"
P 42/m,358,2.0,e,-4..,"(0,0,1/4) (0,0,3/4)"
P 42/m,358,2.0,d,2/m..,"(0,1/2,1/2) (1/2,0,0)"
P 42/m,358,2.0,c,2/m..,"(0,1/2,0) (1/2,0,1/2)"
P 42/m,358,2.0,b,2/m..,"(1/2,1/2,0) (1/2,1/2,1/2)"
P 42/m,358,2.0,a,2/m..,"(0,0,0) (0,0,1/2)"
P 4/n,359,8.0,g,1,"(x,y,z) (-x,-y,z) (-y+1/2,x+1/2,z) (y+1/2,-x+1/2,z) (-x+1/2,-y+1/2,-z) (x+1/2,y+1/2,-z) (y,-x,-z) (-y,x,-z)"
P 4/n,359,4.0,f,2..,"(0,0,z) (1/2,1/2,z) (1/2,1/2,-z) (0,0,-z)"
P 4/n,359,4.0,e,-1,"(1/4,1/4,1/2) (3/4,3/4,1/2) (1/4,3/4,1/2) (3/4,1/4,1/2)"
P 4/n,359,4.0,d,-1,"(1/4,1/4,0) (3/4,3/4,0) (1/4,3/4,0) (3/4,1/4,0)"
P 4/n,359,2.0,c,4..,"(0,1/2,z) (1/2,0,-z)"
P 4/n,359,2.0,b,-4..,"(0,0,1/2) (1/2,1/2,1/2)"
P 4/n,359,2.0,a,-4..,"(0,0,0) (1/2,1/2,0)"
P 4/n,360,8.0,g,1,"(x,y,z) (-x+1/2,-y+1/2,z) (-y+1/2,x,z) (y,-x+1/2,z) (-x,-y,-z) (x+1/2,y+1/2,-z) (y+1/2,-x,-z) (-y,x+1/2,-z)"
P 4/n,360,4.0,f,2..,"(1/4,3/4,z) (3/4,1/4,z) (3/4,1/4,-z) (1/4,3/4,-z)"
P 4/n,360,4.0,e,-1,"(0,0,1/2) (1/2,1/2,1/2) (1/2,0,1/2) (0,1/2,1/2)"
P 4/n,360,4.0,d,-1,"(0,0,0) (1/2,1/2,0) (1/2,0,0) (0,1/2,0)"
P 4/n,360,2.0,c,4..,"(1/4,1/4,z) (3/4,3/4,-z)"
P 4/n,360,2.0,b,-4..,"(1/4,3/4,1/2) (3/4,1/4,1/2)"
P 4/n,360,2.0,a,-4..,"(1/4,3/4,0) (3/4,1/4,0)"
P 42/n,361,8.0,g,1,"(x,y,z) (-x,-y,z) (-y+1/2,x+1/2,z+1/2) (y+1/2,-x+1/2,z+1/2) (-x+1/2,-y+1/2,-z+1/2) (x+1/2,y+1/2,-z+1/2) (y,-x,-z) (-y,x,-z)"
P 42/n,361,4.0,f,2..,"(0,0,z) (1/2,1/2,z+1/2) (1/2,1/2,-z+1/2) (0,0,-z)"
P 42/n,361,4.0,e,2..,"(0,1/2,z) (0,1/2,z+1/2) (1/2,0,-z+1/2) (1/2,0,-z)"
P 42/n,361,4.0,d,-1,"(1/4,1/4,3/4) (3/4,3/4,3/4) (1/4,3/4,1/4) (3/4,1/4,1/4)"
P 42/n,361,4.0,c,-1,"(1/4,1/4,1/4) (3/4,3/4,1/4) (1/4,3/4,3/4) (3/4,1/4,3/4)"
P 42/n,361,2.0,b,-4..,"(0,0,1/2) (1/2,1/2,0)"
P 42/n,361,2.0,a,-4..,"(0,0,0) (1/2,1/2,1/2)"
P 42/n,362,8.0,g,1,"(x,y,z) (-x+1/2,-y+1/2,z) (-y,x+1/2,z+1/2) (y+1/2,-x,z+1/2) (-x,-y,-z) (x+1/2,y+1/2,-z) (y,-x+1/2,-z+1/2) (-y+1/2,x,-z+1/2)"
P 42/n,362,4.0,f,2..,"(1/4,1/4,z) (3/4,3/4,z+1/2) (3/4,3/4,-z) (1/4,1/4,-z+1/2)"
P 42/n,362,4.0,e,2..,"(3/4,1/4,z) (3/4,1/4,z+1/2) (1/4,3/4,-z) (1/4,3/4,-z+1/2)"
P 42/n,362,4.0,d,-1,"(0,0,1/2) (1/2,1/2,1/2) (0,1/2,0) (1/2,0,0)"
P 42/n,362,4.0,c,-1,"(0,0,0) (1/2,1/2,0) (0,1/2,1/2) (1/2,0,1/2)"
P 42/n,362,2.0,b,-4..,"(1/4,1/4,3/4) (3/4,3/4,1/4)"
P 42/n,362,2.0,a,-4..,"(1/4,1/4,1/4) (3/4,3/4,3/4)"
I 4/m,363,16.0,i,1,"(x,y,z) (-x,-y,z) (-y,x,z) (y,-x,z) (-x,-y,-z) (x,y,-z) (y,-x,-z) (-y,x,-z)"
I 4/m,363,8.0,h,m..,"(x,y,0) (-x,-y,0) (-y,x,0) (y,-x,0)"
I 4/m,363,8.0,g,2..,"(0,1/2,z) (1/2,0,z) (0,1/2,-z) (1/2,0,-z)"
I 4/m,363,8.0,f,-1,"(1/4,1/4,1/4) (3/4,3/4,1/4) (3/4,1/4,1/4) (1/4,3/4,1/4)"
I 4/m,363,4.0,e,4..,"(0,0,z) (0,0,-z)"
I 4/m,363,4.0,d,-4..,"(0,1/2,1/4) (1/2,0,1/4)"
I 4/m,363,4.0,c,2/m..,"(0,1/2,0) (1/2,0,0)"
I 4/m,363,2.0,b,4/m..,"(0,0,1/2)"
I 4/m,363,2.0,a,4/m..,"(0,0,0)"
I 41/a,364,16.0,f,1,"(x,y,z) (-x+1/2,-y+1/2,z+1/2) (-y,x+1/2,z+1/4) (y+1/2,-x,z+3/4) (-x,-y+1/2,-z+1/4) (x+1/2,y,-z+3/4) (y,-x,-z) (-y+1/2,x+1/2,-z+1/2)"
I 41/a,364,8.0,e,2..,"(0,0,z) (0,1/2,z+1/4) (0,1/2,-z+1/4) (0,0,-z)"
I 41/a,364,8.0,d,-1,"(0,1/4,5/8) (1/2,1/4,1/8) (3/4,1/2,7/8) (3/4,0,3/8)"
I 41/a,364,8.0,c,-1,"(0,1/4,1/8) (1/2,1/4,5/8) (3/4,1/2,3/8) (3/4,0,7/8)"
I 41/a,364,4.0,b,-4..,"(0,0,1/2) (0,1/2,3/4)"
I 41/a,364,4.0,a,-4..,"(0,0,0) (0,1/2,1/4)"
I 41/a,365,16.0,f,1,"(x,y,z) (-x+1/2,-y,z+1/2) (-y+3/4,x+1/4,z+1/4) (y+3/4,-x+3/4,z+3/4) (-x,-y,-z) (x+1/2,y,-z+1/2) (y+1/4,-x+3/4,-z+3/4) (-y+1/4,x+1/4,-z+1/4)"
I 41/a,365,8.0,e,2..,"(0,1/4,z) (1/2,1/4,z+1/4) (0,3/4,-z) (1/2,3/4,-z+3/4)"
I 41/a,365,8.0,d,-1,"(0,0,1/2) (1/2,0,0) (3/4,1/4,3/4) (3/4,3/4,1/4)"
I 41/a,365,8.0,c,-1,"(0,0,0) (1/2,0,1/2) (3/4,1/4,1/4) (3/4,3/4,3/4)"
I 41/a,365,4.0,b,-4..,"(0,1/4,5/8) (1/2,1/4,7/8)"
I 41/a,365,4.0,a,-4..,"(0,1/4,1/8) (1/2,1/4,3/8)"
P 4 2 2,366,8.0,p,1,"(x,y,z) (-x,-y,z) (-y,x,z) (y,-x,z) (-x,y,-z) (x,-y,-z) (y,x,-z) (-y,-x,-z)"
P 4 2 2,366,4.0,o,.2.,"(x,1/2,0) (-x,1/2,0) (1/2,x,0) (1/2,-x,0)"
P 4 2 2,366,4.0,n,.2.,"(x,0,1/2) (-x,0,1/2) (0,x,1/2) (0,-x,1/2)"
P 4 2 2,366,4.0,m,.2.,"(x,1/2,1/2) (-x,1/2,1/2) (1/2,x,1/2) (1/2,-x,1/2)"
P 4 2 2,366,4.0,l,.2.,"(x,0,0) (-x,0,0) (0,x,0) (0,-x,0)"
P 4 2 2,366,4.0,k,..2,"(x,x,1/2) (-x,-x,1/2) (-x,x,1/2) (x,-x,1/2)"
P 4 2 2,366,4.0,j,..2,"(x,x,0) (-x,-x,0) (-x,x,0) (x,-x,0)"
P 4 2 2,366,4.0,i,2..,"(0,1/2,z) (1/2,0,z) (0,1/2,-z) (1/2,0,-z)"
P 4 2 2,366,2.0,h,4..,"(1/2,1/2,z) (1/2,1/2,-z)"
P 4 2 2,366,2.0,g,4..,"(0,0,z) (0,0,-z)"
P 4 2 2,366,2.0,f,222,"(1/2,0,1/2) (0,1/2,1/2)"
P 4 2 2,366,2.0,e,222,"(1/2,0,0) (0,1/2,0)"
P 4 2 2,366,1.0,d,422,"(1/2,1/2,1/2)"
P 4 2 2,366,1.0,c,422,"(1/2,1/2,0)"
P 4 2 2,366,1.0,b,422,"(0,0,1/2)"
P 4 2 2,366,1.0,a,422,"(0,0,0)"
P 4 21 2,367,8.0,g,1,"(x,y,z) (-x,-y,z) (-y+1/2,x+1/2,z) (y+1/2,-x+1/2,z) (-x+1/2,y+1/2,-z) (x+1/2,-y+1/2,-z) (y,x,-z) (-y,-x,-z)"
P 4 21 2,367,4.0,f,..2,"(x,x,1/2) (-x,-x,1/2) (-x+1/2,x+1/2,1/2) (x+1/2,-x+1/2,1/2)"
P 4 21 2,367,4.0,e,..2,"(x,x,0) (-x,-x,0) (-x+1/2,x+1/2,0) (x+1/2,-x+1/2,0)"
P 4 21 2,367,4.0,d,2..,"(0,0,z) (1/2,1/2,z) (1/2,1/2,-z) (0,0,-z)"
P 4 21 2,367,2.0,c,4..,"(0,1/2,z) (1/2,0,-z)"
P 4 21 2,367,2.0,b,2.22,"(0,0,1/2) (1/2,1/2,1/2)"
P 4 21 2,367,2.0,a,2.22,"(0,0,0) (1/2,1/2,0)"
P 41 2 2,368,8.0,d,1,"(x,y,z) (-x,-y,z+1/2) (-y,x,z+1/4) (y,-x,z+3/4) (-x,y,-z) (x,-y,-z+1/2) (y,x,-z+3/4) (-y,-x,-z+1/4)"
P 41 2 2,368,4.0,c,..2,"(x,x,3/8) (-x,-x,7/8) (-x,x,5/8) (x,-x,1/8)"
P 41 2 2,368,4.0,b,.2.,"(1/2,y,0) (1/2,-y,1/2) (-y,1/2,1/4) (y,1/2,3/4)"
P 41 2 2,368,4.0,a,.2.,"(0,y,0) (0,-y,1/2) (-y,0,1/4) (y,0,3/4)"
P 41 21 2,369,8.0,b,1,"(x,y,z) (-x,-y,z+1/2) (-y+1/2,x+1/2,z+1/4) (y+1/2,-x+1/2,z+3/4) (-x+1/2,y+1/2,-z+1/4) (x+1/2,-y+1/2,-z+3/4) (y,x,-z) (-y,-x,-z+1/2)"
P 41 21 2,369,4.0,a,..2,"(x,x,0) (-x,-x,1/2) (-x+1/2,x+1/2,1/4) (x+1/2,-x+1/2,3/4)"
P 42 2 2,370,8.0,p,1,"(x,y,z) (-x,-y,z) (-y,x,z+1/2) (y,-x,z+1/2) (-x,y,-z) (x,-y,-z) (y,x,-z+1/2) (-y,-x,-z+1/2)"
P 42 2 2,370,4.0,o,..2,"(x,x,3/4) (-x,-x,3/4) (-x,x,1/4) (x,-x,1/4)"
P 42 2 2,370,4.0,n,..2,"(x,x,1/4) (-x,-x,1/4) (-x,x,3/4) (x,-x,3/4)"
P 42 2 2,370,4.0,m,.2.,"(x,1/2,0) (-x,1/2,0) (1/2,x,1/2) (1/2,-x,1/2)"
P 42 2 2,370,4.0,l,.2.,"(x,0,1/2) (-x,0,1/2) (0,x,0) (0,-x,0)"
P 42 2 2,370,4.0,k,.2.,"(x,1/2,1/2) (-x,1/2,1/2) (1/2,x,0) (1/2,-x,0)"
P 42 2 2,370,4.0,j,.2.,"(x,0,0) (-x,0,0) (0,x,1/2) (0,-x,1/2)"
P 42 2 2,370,4.0,i,2..,"(0,1/2,z) (1/2,0,z+1/2) (0,1/2,-z) (1/2,0,-z+1/2)"
P 42 2 2,370,4.0,h,2..,"(1/2,1/2,z) (1/2,1/2,z+1/2) (1/2,1/2,-z) (1/2,1/2,-z+1/2)"
P 42 2 2,370,4.0,g,2..,"(0,0,z) (0,0,z+1/2) (0,0,-z) (0,0,-z+1/2)"
P 42 2 2,370,2.0,f,2.22,"(1/2,1/2,1/4) (1/2,1/2,3/4)"
P 42 2 2,370,2.0,e,2.22,"(0,0,1/4) (0,0,3/4)"
P 42 2 2,370,2.0,d,222,"(0,1/2,1/2) (1/2,0,0)"
P 42 2 2,370,2.0,c,222,"(0,1/2,0) (1/2,0,1/2)"
P 42 2 2,370,2.0,b,222,"(1/2,1/2,0) (1/2,1/2,1/2)"
P 42 2 2,370,2.0,a,222,"(0,0,0) (0,0,1/2)"
P 42 21 2,371,8.0,g,1,"(x,y,z) (-x,-y,z) (-y+1/2,x+1/2,z+1/2) (y+1/2,-x+1/2,z+1/2) (-x+1/2,y+1/2,-z+1/2) (x+1/2,-y+1/2,-z+1/2) (y,x,-z) (-y,-x,-z)"
P 42 21 2,371,4.0,f,..2,"(x,x,1/2) (-x,-x,1/2) (-x+1/2,x+1/2,0) (x+1/2,-x+1/2,0)"
P 42 21 2,371,4.0,e,..2,"(x,x,0) (-x,-x,0) (-x+1/2,x+1/2,1/2) (x+1/2,-x+1/2,1/2)"
P 42 21 2,371,4.0,d,2..,"(0,1/2,z) (0,1/2,z+1/2) (1/2,0,-z+1/2) (1/2,0,-z)"
P 42 21 2,371,4.0,c,2..,"(0,0,z) (1/2,1/2,z+1/2) (1/2,1/2,-z+1/2) (0,0,-z)"
P 42 21 2,371,2.0,b,2.22,"(0,0,1/2) (1/2,1/2,0)"
P 42 21 2,371,2.0,a,2.22,"(0,0,0) (1/2,1/2,1/2)"
P 43 2 2,372,8.0,d,1,"(x,y,z) (-x,-y,z+1/2) (-y,x,z+3/4) (y,-x,z+1/4) (-x,y,-z) (x,-y,-z+1/2) (y,x,-z+1/4) (-y,-x,-z+3/4)"
P 43 2 2,372,4.0,c,..2,"(x,x,5/8) (-x,-x,1/8) (-x,x,3/8) (x,-x,7/8)"
P 43 2 2,372,4.0,b,.2.,"(1/2,y,0) (1/2,-y,1/2) (-y,1/2,3/4) (y,1/2,1/4)"
P 43 2 2,372,4.0,a,.2.,"(0,y,0) (0,-y,1/2) (-y,0,3/4) (y,0,1/4)"
P 43 21 2,373,8.0,b,1,"(x,y,z) (-x,-y,z+1/2) (-y+1/2,x+1/2,z+3/4) (y+1/2,-x+1/2,z+1/4) (-x+1/2,y+1/2,-z+3/4) (x+1/2,-y+1/2,-z+1/4) (y,x,-z) (-y,-x,-z+1/2)"
P 43 21 2,373,4.0,a,..2,"(x,x,0) (-x,-x,1/2) (-x+1/2,x+1/2,3/4) (x+1/2,-x+1/2,1/4)"
I 4 2 2,374,16.0,k,1,"(x,y,z) (-x,-y,z) (-y,x,z) (y,-x,z) (-x,y,-z) (x,-y,-z) (y,x,-z) (-y,-x,-z)"
I 4 2 2,374,8.0,j,..2,"(x,x+1/2,1/4) (-x,-x+1/2,1/4) (-x+1/2,x,1/4) (x+1/2,-x,1/4)"
I 4 2 2,374,8.0,i,.2.,"(x,0,1/2) (-x,0,1/2) (0,x,1/2) (0,-x,1/2)"
I 4 2 2,374,8.0,h,.2.,"(x,0,0) (-x,0,0) (0,x,0) (0,-x,0)"
I 4 2 2,374,8.0,g,..2,"(x,x,0) (-x,-x,0) (-x,x,0) (x,-x,0)"
I 4 2 2,374,8.0,f,2..,"(0,1/2,z) (1/2,0,z) (0,1/2,-z) (1/2,0,-z)"
I 4 2 2,374,4.0,e,4..,"(0,0,z) (0,0,-z)"
I 4 2 2,374,4.0,d,2.22,"(0,1/2,1/4) (1/2,0,1/4)"
I 4 2 2,374,4.0,c,222,"(0,1/2,0) (1/2,0,0)"
I 4 2 2,374,2.0,b,422,"(0,0,1/2)"
I 4 2 2,374,2.0,a,422,"(0,0,0)"
I 41 2 2,375,16.0,g,1,"(x,y,z) (-x+1/2,-y+1/2,z+1/2) (-y,x+1/2,z+1/4) (y+1/2,-x,z+3/4) (-x+1/2,y,-z+3/4) (x,-y+1/2,-z+1/4) (y+1/2,x+1/2,-z+1/2) (-y,-x,-z)"
I 41 2 2,375,8.0,f,.2.,"(x,1/4,1/8) (-x+1/2,1/4,5/8) (3/4,x+1/2,3/8) (3/4,-x,7/8)"
I 41 2 2,375,8.0,e,..2,"(x,-x,0) (-x+1/2,x+1/2,1/2) (x,x+1/2,1/4) (-x+1/2,-x,3/4)"
I 41 2 2,375,8.0,d,..2,"(x,x,0) (-x+1/2,-x+1/2,1/2) (-x,x+1/2,1/4) (x+1/2,-x,3/4)"
I 41 2 2,375,8.0,c,2..,"(0,0,z) (0,1/2,z+1/4) (1/2,0,-z+3/4) (1/2,1/2,-z+1/2)"
I 41 2 2,375,4.0,b,2.22,"(0,0,1/2) (0,1/2,3/4)"
I 41 2 2,375,4.0,a,2.22,"(0,0,0) (0,1/2,1/4)"
P 4 m m,376,8.0,g,1,"(x,y,z) (-x,-y,z) (-y,x,z) (y,-x,z) (x,-y,z) (-x,y,z) (-y,-x,z) (y,x,z)"
P 4 m m,376,4.0,f,.m.,"(x,1/2,z) (-x,1/2,z) (1/2,x,z) (1/2,-x,z)"
P 4 m m,376,4.0,e,.m.,"(x,0,z) (-x,0,z) (0,x,z) (0,-x,z)"
P 4 m m,376,4.0,d,..m,"(x,x,z) (-x,-x,z) (-x,x,z) (x,-x,z)"
P 4 m m,376,2.0,c,2mm.,"(1/2,0,z) (0,1/2,z)"
P 4 m m,376,1.0,b,4mm,"(1/2,1/2,z)"
P 4 m m,376,1.0,a,4mm,"(0,0,z)"
P 4 b m,377,8.0,d,1,"(x,y,z) (-x,-y,z) (-y,x,z) (y,-x,z) (x+1/2,-y+1/2,z) (-x+1/2,y+1/2,z) (-y+1/2,-x+1/2,z) (y+1/2,x+1/2,z)"
P 4 b m,377,4.0,c,..m,"(x,x+1/2,z) (-x,-x+1/2,z) (-x+1/2,x,z) (x+1/2,-x,z)"
P 4 b m,377,2.0,b,2.mm,"(1/2,0,z) (0,1/2,z)"
P 4 b m,377,2.0,a,4..,"(0,0,z) (1/2,1/2,z)"
P 42 c m,378,8.0,e,1,"(x,y,z) (-x,-y,z) (-y,x,z+1/2) (y,-x,z+1/2) (x,-y,z+1/2) (-x,y,z+1/2) (-y,-x,z) (y,x,z)"
P 42 c m,378,4.0,d,..m,"(x,x,z) (-x,-x,z) (-x,x,z+1/2) (x,-x,z+1/2)"
P 42 c m,378,4.0,c,2..,"(0,1/2,z) (1/2,0,z+1/2) (0,1/2,z+1/2) (1/2,0,z)"
P 42 c m,378,2.0,b,2.mm,"(1/2,1/2,z) (1/2,1/2,z+1/2)"
P 42 c m,378,2.0,a,2.mm,"(0,0,z) (0,0,z+1/2)"
P 42 n m,379,8.0,d,1,"(x,y,z) (-x,-y,z) (-y+1/2,x+1/2,z+1/2) (y+1/2,-x+1/2,z+1/2) (x+1/2,-y+1/2,z+1/2) (-x+1/2,y+1/2,z+1/2) (-y,-x,z) (y,x,z)"
P 42 n m,379,4.0,c,..m,"(x,x,z) (-x,-x,z) (-x+1/2,x+1/2,z+1/2) (x+1/2,-x+1/2,z+1/2)"
P 42 n m,379,4.0,b,2..,"(0,1/2,z) (0,1/2,z+1/2) (1/2,0,z+1/2) (1/2,0,z)"
P 42 n m,379,2.0,a,2.mm,"(0,0,z) (1/2,1/2,z+1/2)"
P 4 c c,380,8.0,d,1,"(x,y,z) (-x,-y,z) (-y,x,z) (y,-x,z) (x,-y,z+1/2) (-x,y,z+1/2) (-y,-x,z+1/2) (y,x,z+1/2)"
P 4 c c,380,4.0,c,2..,"(0,1/2,z) (1/2,0,z) (0,1/2,z+1/2) (1/2,0,z+1/2)"
P 4 c c,380,2.0,b,4..,"(1/2,1/2,z) (1/2,1/2,z+1/2)"
P 4 c c,380,2.0,a,4..,"(0,0,z) (0,0,z+1/2)"
P 4 n c,381,8.0,c,1,"(x,y,z) (-x,-y,z) (-y,x,z) (y,-x,z) (x+1/2,-y+1/2,z+1/2) (-x+1/2,y+1/2,z+1/2) (-y+1/2,-x+1/2,z+1/2) (y+1/2,x+1/2,z+1/2)"
P 4 n c,381,4.0,b,2..,"(0,1/2,z) (1/2,0,z) (1/2,0,z+1/2) (0,1/2,z+1/2)"
P 4 n c,381,2.0,a,4..,"(0,0,z) (1/2,1/2,z+1/2)"
P 42 m c,382,8.0,f,1,"(x,y,z) (-x,-y,z) (-y,x,z+1/2) (y,-x,z+1/2) (x,-y,z) (-x,y,z) (-y,-x,z+1/2) (y,x,z+1/2)"
P 42 m c,382,4.0,e,.m.,"(x,1/2,z) (-x,1/2,z) (1/2,x,z+1/2) (1/2,-x,z+1/2)"
P 42 m c,382,4.0,d,.m.,"(x,0,z) (-x,0,z) (0,x,z+1/2) (0,-x,z+1/2)"
P 42 m c,382,2.0,c,2mm.,"(0,1/2,z) (1/2,0,z+1/2)"
P 42 m c,382,2.0,b,2mm.,"(1/2,1/2,z) (1/2,1/2,z+1/2)"
P 42 m c,382,2.0,a,2mm.,"(0,0,z) (0,0,z+1/2)"
P 42 b c,383,8.0,c,1,"(x,y,z) (-x,-y,z) (-y,x,z+1/2) (y,-x,z+1/2) (x+1/2,-y+1/2,z) (-x+1/2,y+1/2,z) (-y+1/2,-x+1/2,z+1/2) (y+1/2,x+1/2,z+1/2)"
P 42 b c,383,4.0,b,2..,"(0,1/2,z) (1/2,0,z+1/2) (1/2,0,z) (0,1/2,z+1/2)"
P 42 b c,383,4.0,a,2..,"(0,0,z) (0,0,z+1/2) (1/2,1/2,z) (1/2,1/2,z+1/2)"
I 4 m m,384,16.0,e,1,"(x,y,z) (-x,-y,z) (-y,x,z) (y,-x,z) (x,-y,z) (-x,y,z) (-y,-x,z) (y,x,z)"
I 4 m m,384,8.0,d,.m.,"(x,0,z) (-x,0,z) (0,x,z) (0,-x,z)"
I 4 m m,384,8.0,c,..m,"(x,x,z) (-x,-x,z) (-x,x,z) (x,-x,z)"
I 4 m m,384,4.0,b,2mm.,"(0,1/2,z) (1/2,0,z)"
I 4 m m,384,2.0,a,4mm,"(0,0,z)"
I 4 c m,385,16.0,d,1,"(x,y,z) (-x,-y,z) (-y,x,z) (y,-x,z) (x,-y,z+1/2) (-x,y,z+1/2) (-y,-x,z+1/2) (y,x,z+1/2)"
I 4 c m,385,8.0,c,..m,"(x,x+1/2,z) (-x,-x+1/2,z) (-x+1/2,x,z) (x+1/2,-x,z)"
I 4 c m,385,4.0,b,2.mm,"(1/2,0,z) (0,1/2,z)"
I 4 c m,385,4.0,a,4..,"(0,0,z) (0,0,z+1/2)"
I 41 m d,386,16.0,c,1,"(x,y,z) (-x+1/2,-y+1/2,z+1/2) (-y,x+1/2,z+1/4) (y+1/2,-x,z+3/4) (x,-y,z) (-x+1/2,y+1/2,z+1/2) (-y,-x+1/2,z+1/4) (y+1/2,x,z+3/4)"
I 41 m d,386,8.0,b,.m.,"(0,y,z) (1/2,-y+1/2,z+1/2) (-y,1/2,z+1/4) (y+1/2,0,z+3/4)"
I 41 m d,386,4.0,a,2mm.,"(0,0,z) (0,1/2,z+1/4)"
I 41 c d,387,16.0,b,1,"(x,y,z) (-x+1/2,-y+1/2,z+1/2) (-y,x+1/2,z+1/4) (y+1/2,-x,z+3/4) (x,-y,z+1/2) (-x+1/2,y+1/2,z) (-y,-x+1/2,z+3/4) (y+1/2,x,z+1/4)"
I 41 c d,387,8.0,a,2..,"(0,0,z) (0,1/2,z+1/4) (0,0,z+1/2) (0,1/2,z+3/4)"
P -4 2 m,388,8.0,o,1,"(x,y,z) (-x,-y,z) (y,-x,-z) (-y,x,-z) (-x,y,-z) (x,-y,-z) (-y,-x,z) (y,x,z)"
P -4 2 m,388,4.0,n,..m,"(x,x,z) (-x,-x,z) (x,-x,-z) (-x,x,-z)"
P -4 2 m,388,4.0,m,2..,"(0,1/2,z) (1/2,0,-z) (0,1/2,-z) (1/2,0,z)"
P -4 2 m,388,4.0,l,.2.,"(x,1/2,0) (-x,1/2,0) (1/2,-x,0) (1/2,x,0)"
P -4 2 m,388,4.0,k,.2.,"(x,0,1/2) (-x,0,1/2) (0,-x,1/2) (0,x,1/2)"
P -4 2 m,388,4.0,j,.2.,"(x,1/2,1/2) (-x,1/2,1/2) (1/2,-x,1/2) (1/2,x,1/2)"
P -4 2 m,388,4.0,i,.2.,"(x,0,0) (-x,0,0) (0,-x,0) (0,x,0)"
P -4 2 m,388,2.0,h,2.mm,"(1/2,1/2,z) (1/2,1/2,-z)"
P -4 2 m,388,2.0,g,2.mm,"(0,0,z) (0,0,-z)"
P -4 2 m,388,2.0,f,222,"(1/2,0,1/2) (0,1/2,1/2)"
P -4 2 m,388,2.0,e,222,"(1/2,0,0) (0,1/2,0)"
P -4 2 m,388,1.0,d,-42m,"(1/2,1/2,0)"
P -4 2 m,388,1.0,c,-42m,"(0,0,1/2)"
P -4 2 m,388,1.0,b,-42m,"(1/2,1/2,1/2)"
P -4 2 m,388,1.0,a,-42m,"(0,0,0)"
P -4 2 c,389,8.0,n,1,"(x,y,z) (-x,-y,z) (y,-x,-z) (-y,x,-z) (-x,y,-z+1/2) (x,-y,-z+1/2) (-y,-x,z+1/2) (y,x,z+1/2)"
P -4 2 c,389,4.0,m,2..,"(0,1/2,z) (1/2,0,-z) (0,1/2,-z+1/2) (1/2,0,z+1/2)"
P -4 2 c,389,4.0,l,2..,"(1/2,1/2,z) (1/2,1/2,-z) (1/2,1/2,-z+1/2) (1/2,1/2,z+1/2)"
P -4 2 c,389,4.0,k,2..,"(0,0,z) (0,0,-z) (0,0,-z+1/2) (0,0,z+1/2)"
P -4 2 c,389,4.0,j,.2.,"(0,y,1/4) (0,-y,1/4) (y,0,3/4) (-y,0,3/4)"
P -4 2 c,389,4.0,i,.2.,"(x,1/2,1/4) (-x,1/2,1/4) (1/2,-x,3/4) (1/2,x,3/4)"
P -4 2 c,389,4.0,h,.2.,"(1/2,y,1/4) (1/2,-y,1/4) (y,1/2,3/4) (-y,1/2,3/4)"
P -4 2 c,389,4.0,g,.2.,"(x,0,1/4) (-x,0,1/4) (0,-x,3/4) (0,x,3/4)"
P -4 2 c,389,2.0,f,-4..,"(1/2,1/2,0) (1/2,1/2,1/2)"
P -4 2 c,389,2.0,e,-4..,"(0,0,0) (0,0,1/2)"
P -4 2 c,389,2.0,d,222,"(0,1/2,1/4) (1/2,0,3/4)"
P -4 2 c,389,2.0,c,222,"(1/2,1/2,1/4) (1/2,1/2,3/4)"
P -4 2 c,389,2.0,b,222,"(1/2,0,1/4) (0,1/2,3/4)"
P -4 2 c,389,2.0,a,222,"(0,0,1/4) (0,0,3/4)"
P -4 21 m,390,8.0,f,1,"(x,y,z) (-x,-y,z) (y,-x,-z) (-y,x,-z) (-x+1/2,y+1/2,-z) (x+1/2,-y+1/2,-z) (-y+1/2,-x+1/2,z) (y+1/2,x+1/2,z)"
P -4 21 m,390,4.0,e,..m,"(x,x+1/2,z) (-x,-x+1/2,z) (x+1/2,-x,-z) (-x+1/2,x,-z)"
P -4 21 m,390,4.0,d,2..,"(0,0,z) (0,0,-z) (1/2,1/2,-z) (1/2,1/2,z)"
P -4 21 m,390,2.0,c,2.mm,"(0,1/2,z) (1/2,0,-z)"
P -4 21 m,390,2.0,b,-4..,"(0,0,1/2) (1/2,1/2,1/2)"
P -4 21 m,390,2.0,a,-4..,"(0,0,0) (1/2,1/2,0)"
P -4 21 c,391,8.0,e,1,"(x,y,z) (-x,-y,z) (y,-x,-z) (-y,x,-z) (-x+1/2,y+1/2,-z+1/2) (x+1/2,-y+1/2,-z+1/2) (-y+1/2,-x+1/2,z+1/2) (y+1/2,x+1/2,z+1/2)"
P -4 21 c,391,4.0,d,2..,"(0,1/2,z) (1/2,0,-z) (1/2,0,-z+1/2) (0,1/2,z+1/2)"
P -4 21 c,391,4.0,c,2..,"(0,0,z) (0,0,-z) (1/2,1/2,-z+1/2) (1/2,1/2,z+1/2)"
P -4 21 c,391,2.0,b,-4..,"(0,0,1/2) (1/2,1/2,0)"
P -4 21 c,391,2.0,a,-4..,"(0,0,0) (1/2,1/2,1/2)"
P -4 m 2,392,8.0,l,1,"(x,y,z) (-x,-y,z) (y,-x,-z) (-y,x,-z) (x,-y,z) (-x,y,z) (y,x,-z) (-y,-x,-z)"
P -4 m 2,392,4.0,k,.m.,"(x,1/2,z) (-x,1/2,z) (1/2,-x,-z) (1/2,x,-z)"
P -4 m 2,392,4.0,j,.m.,"(x,0,z) (-x,0,z) (0,-x,-z) (0,x,-z)"
P -4 m 2,392,4.0,i,..2,"(x,x,1/2) (-x,-x,1/2) (x,-x,1/2) (-x,x,1/2)"
P -4 m 2,392,4.0,h,..2,"(x,x,0) (-x,-x,0) (x,-x,0) (-x,x,0)"
P -4 m 2,392,2.0,g,2mm.,"(0,1/2,z) (1/2,0,-z)"
P -4 m 2,392,2.0,f,2mm.,"(1/2,1/2,z) (1/2,1/2,-z)"
P -4 m 2,392,2.0,e,2mm.,"(0,0,z) (0,0,-z)"
P -4 m 2,392,1.0,d,-4m2,"(0,0,1/2)"
P -4 m 2,392,1.0,c,-4m2,"(1/2,1/2,1/2)"
P -4 m 2,392,1.0,b,-4m2,"(1/2,1/2,0)"
P -4 m 2,392,1.0,a,-4m2,"(0,0,0)"
P -4 c 2,393,8.0,j,1,"(x,y,z) (-x,-y,z) (y,-x,-z) (-y,x,-z) (x,-y,z+1/2) (-x,y,z+1/2) (y,x,-z+1/2) (-y,-x,-z+1/2)"
P -4 c 2,393,4.0,i,2..,"(0,1/2,z) (1/2,0,-z) (0,1/2,z+1/2) (1/2,0,-z+1/2)"
P -4 c 2,393,4.0,h,2..,"(1/2,1/2,z) (1/2,1/2,-z) (1/2,1/2,z+1/2) (1/2,1/2,-z+1/2)"
P -4 c 2,393,4.0,g,2..,"(0,0,z) (0,0,-z) (0,0,z+1/2) (0,0,-z+1/2)"
P -4 c 2,393,4.0,f,..2,"(x,x,3/4) (-x,-x,3/4) (x,-x,1/4) (-x,x,1/4)"
P -4 c 2,393,4.0,e,..2,"(x,x,1/4) (-x,-x,1/4) (x,-x,3/4) (-x,x,3/4)"
P -4 c 2,393,2.0,d,-4..,"(1/2,1/2,0) (1/2,1/2,1/2)"
P -4 c 2,393,2.0,c,-4..,"(0,0,0) (0,0,1/2)"
P -4 c 2,393,2.0,b,2.22,"(1/2,1/2,1/4) (1/2,1/2,3/4)"
P -4 c 2,393,2.0,a,2.22,"(0,0,1/4) (0,0,3/4)"
P -4 b 2,394,8.0,i,1,"(x,y,z) (-x,-y,z) (y,-x,-z) (-y,x,-z) (x+1/2,-y+1/2,z) (-x+1/2,y+1/2,z) (y+1/2,x+1/2,-z) (-y+1/2,-x+1/2,-z)"
P -4 b 2,394,4.0,h,..2,"(x,x+1/2,1/2) (-x,-x+1/2,1/2) (x+1/2,-x,1/2) (-x+1/2,x,1/2)"
P -4 b 2,394,4.0,g,..2,"(x,x+1/2,0) (-x,-x+1/2,0) (x+1/2,-x,0) (-x+1/2,x,0)"
P -4 b 2,394,4.0,f,2..,"(0,1/2,z) (1/2,0,-z) (1/2,0,z) (0,1/2,-z)"
P -4 b 2,394,4.0,e,2..,"(0,0,z) (0,0,-z) (1/2,1/2,z) (1/2,1/2,-z)"
P -4 b 2,394,2.0,d,2.22,"(0,1/2,1/2) (1/2,0,1/2)"
P -4 b 2,394,2.0,c,2.22,"(0,1/2,0) (1/2,0,0)"
P -4 b 2,394,2.0,b,-4..,"(0,0,1/2) (1/2,1/2,1/2)"
P -4 b 2,394,2.0,a,-4..,"(0,0,0) (1/2,1/2,0)"
P -4 n 2,395,8.0,i,1,"(x,y,z) (-x,-y,z) (y,-x,-z) (-y,x,-z) (x+1/2,-y+1/2,z+1/2) (-x+1/2,y+1/2,z+1/2) (y+1/2,x+1/2,-z+1/2) (-y+1/2,-x+1/2,-z+1/2)"
P -4 n 2,395,4.0,h,2..,"(0,1/2,z) (1/2,0,-z) (1/2,0,z+1/2) (0,1/2,-z+1/2)"
P -4 n 2,395,4.0,g,..2,"(x,x+1/2,1/4) (-x,-x+1/2,1/4) (x+1/2,-x,3/4) (-x+1/2,x,3/4)"
P -4 n 2,395,4.0,f,..2,"(x,-x+1/2,1/4) (-x,x+1/2,1/4) (-x+1/2,-x,3/4) (x+1/2,x,3/4)"
P -4 n 2,395,4.0,e,2..,"(0,0,z) (0,0,-z) (1/2,1/2,z+1/2) (1/2,1/2,-z+1/2)"
P -4 n 2,395,2.0,d,2.22,"(0,1/2,3/4) (1/2,0,1/4)"
P -4 n 2,395,2.0,c,2.22,"(0,1/2,1/4) (1/2,0,3/4)"
P -4 n 2,395,2.0,b,-4..,"(0,0,1/2) (1/2,1/2,0)"
P -4 n 2,395,2.0,a,-4..,"(0,0,0) (1/2,1/2,1/2)"
I -4 m 2,396,16.0,j,1,"(x,y,z) (-x,-y,z) (y,-x,-z) (-y,x,-z) (x,-y,z) (-x,y,z) (y,x,-z) (-y,-x,-z)"
I -4 m 2,396,8.0,i,.m.,"(x,0,z) (-x,0,z) (0,-x,-z) (0,x,-z)"
I -4 m 2,396,8.0,h,..2,"(x,x+1/2,1/4) (-x,-x+1/2,1/4) (x+1/2,-x,3/4) (-x+1/2,x,3/4)"
I -4 m 2,396,8.0,g,..2,"(x,x,0) (-x,-x,0) (x,-x,0) (-x,x,0)"
I -4 m 2,396,4.0,f,2mm.,"(0,1/2,z) (1/2,0,-z)"
I -4 m 2,396,4.0,e,2mm.,"(0,0,z) (0,0,-z)"
I -4 m 2,396,2.0,d,-4m2,"(0,1/2,3/4)"
I -4 m 2,396,2.0,c,-4m2,"(0,1/2,1/4)"
I -4 m 2,396,2.0,b,-4m2,"(0,0,1/2)"
I -4 m 2,396,2.0,a,-4m2,"(0,0,0)"
I -4 c 2,397,16.0,i,1,"(x,y,z) (-x,-y,z) (y,-x,-z) (-y,x,-z) (x,-y,z+1/2) (-x,y,z+1/2) (y,x,-z+1/2) (-y,-x,-z+1/2)"
I -4 c 2,397,8.0,h,..2,"(x,x+1/2,0) (-x,-x+1/2,0) (x+1/2,-x,0) (-x+1/2,x,0)"
I -4 c 2,397,8.0,g,2..,"(0,1/2,z) (1/2,0,-z) (0,1/2,z+1/2) (1/2,0,-z+1/2)"
I -4 c 2,397,8.0,f,2..,"(0,0,z) (0,0,-z) (0,0,z+1/2) (0,0,-z+1/2)"
I -4 c 2,397,8.0,e,..2,"(x,x,1/4) (-x,-x,1/4) (x,-x,3/4) (-x,x,3/4)"
I -4 c 2,397,4.0,d,2.22,"(0,1/2,0) (1/2,0,0)"
I -4 c 2,397,4.0,c,-4..,"(0,1/2,1/4) (0,1/2,3/4)"
I -4 c 2,397,4.0,b,-4..,"(0,0,0) (0,0,1/2)"
I -4 c 2,397,4.0,a,2.22,"(0,0,1/4) (0,0,3/4)"
I -4 2 m,398,16.0,j,1,"(x,y,z) (-x,-y,z) (y,-x,-z) (-y,x,-z) (-x,y,-z) (x,-y,-z) (-y,-x,z) (y,x,z)"
I -4 2 m,398,8.0,i,..m,"(x,x,z) (-x,-x,z) (x,-x,-z) (-x,x,-z)"
I -4 2 m,398,8.0,h,2..,"(0,1/2,z) (1/2,0,-z) (0,1/2,-z) (1/2,0,z)"
I -4 2 m,398,8.0,g,.2.,"(x,0,1/2) (-x,0,1/2) (0,-x,1/2) (0,x,1/2)"
I -4 2 m,398,8.0,f,.2.,"(x,0,0) (-x,0,0) (0,-x,0) (0,x,0)"
I -4 2 m,398,4.0,e,2.mm,"(0,0,z) (0,0,-z)"
I -4 2 m,398,4.0,d,-4..,"(0,1/2,1/4) (0,1/2,3/4)"
I -4 2 m,398,4.0,c,222,"(0,1/2,0) (1/2,0,0)"
I -4 2 m,398,2.0,b,-42m,"(0,0,1/2)"
I -4 2 m,398,2.0,a,-42m,"(0,0,0)"
I -4 2 d,399,16.0,e,1,"(x,y,z) (-x,-y,z) (y,-x,-z) (-y,x,-z) (-x+1/2,y,-z+3/4) (x+1/2,-y,-z+3/4) (-y+1/2,-x,z+3/4) (y+1/2,x,z+3/4)"
I -4 2 d,399,8.0,d,.2.,"(x,1/4,1/8) (-x,3/4,1/8) (1/4,-x,7/8) (3/4,x,7/8)"
I -4 2 d,399,8.0,c,2..,"(0,0,z) (0,0,-z) (1/2,0,-z+3/4) (1/2,0,z+3/4)"
I -4 2 d,399,4.0,b,-4..,"(0,0,1/2) (1/2,0,1/4)"
I -4 2 d,399,4.0,a,-4..,"(0,0,0) (1/2,0,3/4)"
P 4/m 2/m 2/m,400,16.0,u,1,"(x,y,z) (-x,-y,z) (-y,x,z) (y,-x,z) (-x,y,-z) (x,-y,-z) (y,x,-z) (-y,-x,-z) (-x,-y,-z) (x,y,-z) (y,-x,-z) (-y,x,-z) (x,-y,z) (-x,y,z) (-y,-x,z) (y,x,z)"
P 4/m 2/m 2/m,400,8.0,t,.m.,"(x,1/2,z) (-x,1/2,z) (1/2,x,z) (1/2,-x,z) (-x,1/2,-z) (x,1/2,-z) (1/2,x,-z) (1/2,-x,-z)"
P 4/m 2/m 2/m,400,8.0,s,.m.,"(x,0,z) (-x,0,z) (0,x,z) (0,-x,z) (-x,0,-z) (x,0,-z) (0,x,-z) (0,-x,-z)"
P 4/m 2/m 2/m,400,8.0,r,..m,"(x,x,z) (-x,-x,z) (-x,x,z) (x,-x,z) (-x,x,-z) (x,-x,-z) (x,x,-z) (-x,-x,-z)"
P 4/m 2/m 2/m,400,8.0,q,m..,"(x,y,1/2) (-x,-y,1/2) (-y,x,1/2) (y,-x,1/2) (-x,y,1/2) (x,-y,1/2) (y,x,1/2) (-y,-x,1/2)"
P 4/m 2/m 2/m,400,8.0,p,m..,"(x,y,0) (-x,-y,0) (-y,x,0) (y,-x,0) (-x,y,0) (x,-y,0) (y,x,0) (-y,-x,0)"
P 4/m 2/m 2/m,400,4.0,o,m2m.,"(x,1/2,1/2) (-x,1/2,1/2) (1/2,x,1/2) (1/2,-x,1/2)"
P 4/m 2/m 2/m,400,4.0,n,m2m.,"(x,1/2,0) (-x,1/2,0) (1/2,x,0) (1/2,-x,0)"
P 4/m 2/m 2/m,400,4.0,m,m2m.,"(x,0,1/2) (-x,0,1/2) (0,x,1/2) (0,-x,1/2)"
P 4/m 2/m 2/m,400,4.0,l,m2m.,"(x,0,0) (-x,0,0) (0,x,0) (0,-x,0)"
P 4/m 2/m 2/m,400,4.0,k,m.2m,"(x,x,1/2) (-x,-x,1/2) (-x,x,1/2) (x,-x,1/2)"
P 4/m 2/m 2/m,400,4.0,j,m.2m,"(x,x,0) (-x,-x,0) (-x,x,0) (x,-x,0)"
P 4/m 2/m 2/m,400,4.0,i,2mm.,"(0,1/2,z) (1/2,0,z) (0,1/2,-z) (1/2,0,-z)"
P 4/m 2/m 2/m,400,2.0,h,4mm,"(1/2,1/2,z) (1/2,1/2,-z)"
P 4/m 2/m 2/m,400,2.0,g,4mm,"(0,0,z) (0,0,-z)"
P 4/m 2/m 2/m,400,2.0,f,mmm.,"(0,1/2,0) (1/2,0,0)"
P 4/m 2/m 2/m,400,2.0,e,mmm.,"(0,1/2,1/2) (1/2,0,1/2)"
P 4/m 2/m 2/m,400,1.0,d,4/mmm,"(1/2,1/2,1/2)"
P 4/m 2/m 2/m,400,1.0,c,4/mmm,"(1/2,1/2,0)"
P 4/m 2/m 2/m,400,1.0,b,4/mmm,"(0,0,1/2)"
P 4/m 2/m 2/m,400,1.0,a,4/mmm,"(0,0,0)"
P 4/m 2/c 2/c,401,16.0,n,1,"(x,y,z) (-x,-y,z) (-y,x,z) (y,-x,z) (-x,y,-z+1/2) (x,-y,-z+1/2) (y,x,-z+1/2) (-y,-x,-z+1/2) (-x,-y,-z) (x,y,-z) (y,-x,-z) (-y,x,-z) (x,-y,z+1/2) (-x,y,z+1/2) (-y,-x,z+1/2) (y,x,z+1/2)"
P 4/m 2/c 2/c,401,8.0,m,m..,"(x,y,0) (-x,-y,0) (-y,x,0) (y,-x,0) (-x,y,1/2) (x,-y,1/2) (y,x,1/2) (-y,-x,1/2)"
P 4/m 2/c 2/c,401,8.0,l,.2.,"(x,1/2,1/4) (-x,1/2,1/4) (1/2,x,1/4) (1/2,-x,1/4) (-x,1/2,3/4) (x,1/2,3/4) (1/2,-x,3/4) (1/2,x,3/4)"
P 4/m 2/c 2/c,401,8.0,k,.2.,"(x,0,1/4) (-x,0,1/4) (0,x,1/4) (0,-x,1/4) (-x,0,3/4) (x,0,3/4) (0,-x,3/4) (0,x,3/4)"
P 4/m 2/c 2/c,401,8.0,j,..2,"(x,x,1/4) (-x,-x,1/4) (-x,x,1/4) (x,-x,1/4) (-x,-x,3/4) (x,x,3/4) (x,-x,3/4) (-x,x,3/4)"
P 4/m 2/c 2/c,401,8.0,i,2..,"(0,1/2,z) (1/2,0,z) (0,1/2,-z+1/2) (1/2,0,-z+1/2) (0,1/2,-z) (1/2,0,-z) (0,1/2,z+1/2) (1/2,0,z+1/2)"
P 4/m 2/c 2/c,401,4.0,h,4..,"(1/2,1/2,z) (1/2,1/2,-z+1/2) (1/2,1/2,-z) (1/2,1/2,z+1/2)"
P 4/m 2/c 2/c,401,4.0,g,4..,"(0,0,z) (0,0,-z+1/2) (0,0,-z) (0,0,z+1/2)"
P 4/m 2/c 2/c,401,4.0,f,222,"(0,1/2,1/4) (1/2,0,1/4) (0,1/2,3/4) (1/2,0,3/4)"
P 4/m 2/c 2/c,401,4.0,e,2/m..,"(0,1/2,0) (1/2,0,0) (0,1/2,1/2) (1/2,0,1/2)"
P 4/m 2/c 2/c,401,2.0,d,4/m..,"(1/2,1/2,0) (1/2,1/2,1/2)"
P 4/m 2/c 2/c,401,2.0,c,422,"(1/2,1/2,1/4) (1/2,1/2,3/4)"
P 4/m 2/c 2/c,401,2.0,b,4/m..,"(0,0,0) (0,0,1/2)"
P 4/m 2/c 2/c,401,2.0,a,422,"(0,0,1/4) (0,0,3/4)"
P 4/n 2/b 2/m,402,16.0,n,1,"(x,y,z) (-x,-y,z) (-y,x,z) (y,-x,z) (-x,y,-z) (x,-y,-z) (y,x,-z) (-y,-x,-z) (-x+1/2,-y+1/2,-z) (x+1/2,y+1/2,-z) (y+1/2,-x+1/2,-z) (-y+1/2,x+1/2,-z) (x+1/2,-y+1/2,z) (-x+1/2,y+1/2,z) (-y+1/2,-x+1/2,z) (y+1/2,x+1/2,z)"
P 4/n 2/b 2/m,402,8.0,m,..m,"(x,x+1/2,z) (-x,-x+1/2,z) (-x+1/2,x,z) (x+1/2,-x,z) (-x,x+1/2,-z) (x,-x+1/2,-z) (x+1/2,x,-z) (-x+1/2,-x,-z)"
P 4/n 2/b 2/m,402,8.0,l,.2.,"(x,0,1/2) (-x,0,1/2) (0,x,1/2) (0,-x,1/2) (-x+1/2,1/2,1/2) (x+1/2,1/2,1/2) (1/2,-x+1/2,1/2) (1/2,x+1/2,1/2)"
P 4/n 2/b 2/m,402,8.0,k,.2.,"(x,0,0) (-x,0,0) (0,x,0) (0,-x,0) (-x+1/2,1/2,0) (x+1/2,1/2,0) (1/2,-x+1/2,0) (1/2,x+1/2,0)"
P 4/n 2/b 2/m,402,8.0,j,..2,"(x,x,1/2) (-x,-x,1/2) (-x,x,1/2) (x,-x,1/2) (-x+1/2,-x+1/2,1/2) (x+1/2,x+1/2,1/2) (x+1/2,-x+1/2,1/2) (-x+1/2,x+1/2,1/2)"
P 4/n 2/b 2/m,402,8.0,i,..2,"(x,x,0) (-x,-x,0) (-x,x,0) (x,-x,0) (-x+1/2,-x+1/2,0) (x+1/2,x+1/2,0) (x+1/2,-x+1/2,0) (-x+1/2,x+1/2,0)"
P 4/n 2/b 2/m,402,4.0,h,2.mm,"(0,1/2,z) (1/2,0,z) (0,1/2,-z) (1/2,0,-z)"
P 4/n 2/b 2/m,402,4.0,g,4..,"(0,0,z) (0,0,-z) (1/2,1/2,-z) (1/2,1/2,z)"
P 4/n 2/b 2/m,402,4.0,f,..2/m,"(1/4,1/4,1/2) (3/4,3/4,1/2) (3/4,1/4,1/2) (1/4,3/4,1/2)"
P 4/n 2/b 2/m,402,4.0,e,..2/m,"(1/4,1/4,0) (3/4,3/4,0) (3/4,1/4,0) (1/4,3/4,0)"
P 4/n 2/b 2/m,402,2.0,d,-42m,"(0,1/2,1/2) (1/2,0,1/2)"
P 4/n 2/b 2/m,402,2.0,c,-42m,"(0,1/2,0) (1/2,0,0)"
P 4/n 2/b 2/m,402,2.0,b,422,"(0,0,1/2) (1/2,1/2,1/2)"
P 4/n 2/b 2/m,402,2.0,a,422,"(0,0,0) (1/2,1/2,0)"
P 4/n 2/b 2/m,403,16.0,n,1,"(x,y,z) (-x+1/2,-y+1/2,z) (-y+1/2,x,z) (y,-x+1/2,z) (-x+1/2,y,-z) (x,-y+1/2,-z) (y,x,-z) (-y+1/2,-x+1/2,-z) (-x,-y,-z) (x+1/2,y+1/2,-z) (y+1/2,-x,-z) (-y,x+1/2,-z) (x+1/2,-y,z) (-x,y+1/2,z) (-y,-x,z) (y+1/2,x+1/2,z)"
P 4/n 2/b 2/m,403,8.0,m,..m,"(x,-x,z) (-x+1/2,x+1/2,z) (x+1/2,x,z) (-x,-x+1/2,z) (-x+1/2,-x,-z) (x,x+1/2,-z) (-x,x,-z) (x+1/2,-x+1/2,-z)"
P 4/n 2/b 2/m,403,8.0,l,.2.,"(x,1/4,1/2) (-x+1/2,1/4,1/2) (1/4,x,1/2) (1/4,-x+1/2,1/2) (-x,3/4,1/2) (x+1/2,3/4,1/2) (3/4,-x,1/2) (3/4,x+1/2,1/2)"
P 4/n 2/b 2/m,403,8.0,k,.2.,"(x,1/4,0) (-x+1/2,1/4,0) (1/4,x,0) (1/4,-x+1/2,0) (-x,3/4,0) (x+1/2,3/4,0) (3/4,-x,0) (3/4,x+1/2,0)"
P 4/n 2/b 2/m,403,8.0,j,..2,"(x,x,1/2) (-x+1/2,-x+1/2,1/2) (-x+1/2,x,1/2) (x,-x+1/2,1/2) (-x,-x,1/2) (x+1/2,x+1/2,1/2) (x+1/2,-x,1/2) (-x,x+1/2,1/2)"
P 4/n 2/b 2/m,403,8.0,i,..2,"(x,x,0) (-x+1/2,-x+1/2,0) (-x+1/2,x,0) (x,-x+1/2,0) (-x,-x,0) (x+1/2,x+1/2,0) (x+1/2,-x,0) (-x,x+1/2,0)"
P 4/n 2/b 2/m,403,4.0,h,2.mm,"(3/4,1/4,z) (1/4,3/4,z) (3/4,1/4,-z) (1/4,3/4,-z)"
P 4/n 2/b 2/m,403,4.0,g,4..,"(1/4,1/4,z) (1/4,1/4,-z) (3/4,3/4,-z) (3/4,3/4,z)"
P 4/n 2/b 2/m,403,4.0,f,..2/m,"(0,0,1/2) (1/2,1/2,1/2) (1/2,0,1/2) (0,1/2,1/2)"
P 4/n 2/b 2/m,403,4.0,e,..2/m,"(0,0,0) (1/2,1/2,0) (1/2,0,0) (0,1/2,0)"
P 4/n 2/b 2/m,403,2.0,d,-42m,"(3/4,1/4,1/2) (1/4,3/4,1/2)"
P 4/n 2/b 2/m,403,2.0,c,-42m,"(3/4,1/4,0) (1/4,3/4,0)"
P 4/n 2/b 2/m,403,2.0,b,422,"(1/4,1/4,1/2) (3/4,3/4,1/2)"
P 4/n 2/b 2/m,403,2.0,a,422,"(1/4,1/4,0) (3/4,3/4,0)"
P 4/n 2/n 2/c,404,16.0,k,1,"(x,y,z) (-x,-y,z) (-y,x,z) (y,-x,z) (-x,y,-z) (x,-y,-z) (y,x,-z) (-y,-x,-z) (-x+1/2,-y+1/2,-z+1/2) (x+1/2,y+1/2,-z+1/2) (y+1/2,-x+1/2,-z+1/2) (-y+1/2,x+1/2,-z+1/2) (x+1/2,-y+1/2,z+1/2) (-x+1/2,y+1/2,z+1/2) (-y+1/2,-x+1/2,z+1/2) (y+1/2,x+1/2,z+1/2)"
P 4/n 2/n 2/c,404,8.0,j,.2.,"(x,0,1/2) (-x,0,1/2) (0,x,1/2) (0,-x,1/2) (-x+1/2,1/2,0) (x+1/2,1/2,0) (1/2,-x+1/2,0) (1/2,x+1/2,0)"
P 4/n 2/n 2/c,404,8.0,i,.2.,"(x,0,0) (-x,0,0) (0,x,0) (0,-x,0) (-x+1/2,1/2,1/2) (x+1/2,1/2,1/2) (1/2,-x+1/2,1/2) (1/2,x+1/2,1/2)"
P 4/n 2/n 2/c,404,8.0,h,..2,"(x,x,0) (-x,-x,0) (-x,x,0) (x,-x,0) (-x+1/2,-x+1/2,1/2) (x+1/2,x+1/2,1/2) (x+1/2,-x+1/2,1/2) (-x+1/2,x+1/2,1/2)"
P 4/n 2/n 2/c,404,8.0,g,2..,"(1/2,0,z) (0,1/2,z) (1/2,0,-z) (0,1/2,-z) (0,1/2,-z+1/2) (1/2,0,-z+1/2) (0,1/2,z+1/2) (1/2,0,z+1/2)"
P 4/n 2/n 2/c,404,8.0,f,-1,"(1/4,1/4,1/4) (3/4,3/4,1/4) (3/4,1/4,1/4) (1/4,3/4,1/4) (3/4,1/4,3/4) (1/4,3/4,3/4) (1/4,1/4,3/4) (3/4,3/4,3/4)"
P 4/n 2/n 2/c,404,4.0,e,4..,"(0,0,z) (0,0,-z) (1/2,1/2,-z+1/2) (1/2,1/2,z+1/2)"
P 4/n 2/n 2/c,404,4.0,d,-4..,"(1/2,0,1/4) (0,1/2,1/4) (1/2,0,3/4) (0,1/2,3/4)"
P 4/n 2/n 2/c,404,4.0,c,222,"(1/2,0,0) (0,1/2,0) (0,1/2,1/2) (1/2,0,1/2)"
P 4/n 2/n 2/c,404,2.0,b,422,"(0,0,1/2) (1/2,1/2,0)"
P 4/n 2/n 2/c,404,2.0,a,422,"(0,0,0) (1/2,1/2,1/2)"
P 4/n 2/n 2/c,405,16.0,k,1,"(x,y,z) (-x+1/2,-y+1/2,z) (-y+1/2,x,z) (y,-x+1/2,z) (-x+1/2,y,-z+1/2) (x,-y+1/2,-z+1/2) (y,x,-z+1/2) (-y+1/2,-x+1/2,-z+1/2) (-x,-y,-z) (x+1/2,y+1/2,-z) (y+1/2,-x,-z) (-y,x+1/2,-z) (x+1/2,-y,z+1/2) (-x,y+1/2,z+1/2) (-y,-x,z+1/2) (y+1/2,x+1/2,z+1/2)"
P 4/n 2/n 2/c,405,8.0,j,.2.,"(x,3/4,1/4) (-x+1/2,3/4,1/4) (3/4,x,1/4) (3/4,-x+1/2,1/4) (-x,1/4,3/4) (x+1/2,1/4,3/4) (1/4,-x,3/4) (1/4,x+1/2,3/4)"
P 4/n 2/n 2/c,405,8.0,i,.2.,"(x,1/4,1/4) (-x+1/2,1/4,1/4) (1/4,x,1/4) (1/4,-x+1/2,1/4) (-x,3/4,3/4) (x+1/2,3/4,3/4) (3/4,-x,3/4) (3/4,x+1/2,3/4)"
P 4/n 2/n 2/c,405,8.0,h,..2,"(x,x,1/4) (-x+1/2,-x+1/2,1/4) (-x+1/2,x,1/4) (x,-x+1/2,1/4) (-x,-x,3/4) (x+1/2,x+1/2,3/4) (x+1/2,-x,3/4) (-x,x+1/2,3/4)"
P 4/n 2/n 2/c,405,8.0,g,2..,"(1/4,3/4,z) (3/4,1/4,z) (1/4,3/4,-z+1/2) (3/4,1/4,-z+1/2) (3/4,1/4,-z) (1/4,3/4,-z) (3/4,1/4,z+1/2) (1/4,3/4,z+1/2)"
P 4/n 2/n 2/c,405,8.0,f,-1,"(0,0,0) (1/2,1/2,0) (1/2,0,0) (0,1/2,0) (1/2,0,1/2) (0,1/2,1/2) (0,0,1/2) (1/2,1/2,1/2)"
P 4/n 2/n 2/c,405,4.0,e,4..,"(1/4,1/4,z) (1/4,1/4,-z+1/2) (3/4,3/4,-z) (3/4,3/4,z+1/2)"
P 4/n 2/n 2/c,405,4.0,d,-4..,"(1/4,3/4,0) (3/4,1/4,0) (1/4,3/4,1/2) (3/4,1/4,1/2)"
P 4/n 2/n 2/c,405,4.0,c,222,"(1/4,3/4,3/4) (3/4,1/4,3/4) (3/4,1/4,1/4) (1/4,3/4,1/4)"
P 4/n 2/n 2/c,405,2.0,b,422,"(1/4,1/4,3/4) (3/4,3/4,1/4)"
P 4/n 2/n 2/c,405,2.0,a,422,"(1/4,1/4,1/4) (3/4,3/4,3/4)"
P 4/m 21/b m,406,16.0,l,1,"(x,y,z) (-x,-y,z) (-y,x,z) (y,-x,z) (-x+1/2,y+1/2,-z) (x+1/2,-y+1/2,-z) (y+1/2,x+1/2,-z) (-y+1/2,-x+1/2,-z) (-x,-y,-z) (x,y,-z) (y,-x,-z) (-y,x,-z) (x+1/2,-y+1/2,z) (-x+1/2,y+1/2,z) (-y+1/2,-x+1/2,z) (y+1/2,x+1/2,z)"
P 4/m 21/b m,406,8.0,k,..m,"(x,x+1/2,z) (-x,-x+1/2,z) (-x+1/2,x,z) (x+1/2,-x,z) (-x+1/2,x,-z) (x+1/2,-x,-z) (x,x+1/2,-z) (-x,-x+1/2,-z)"
P 4/m 21/b m,406,8.0,j,m..,"(x,y,1/2) (-x,-y,1/2) (-y,x,1/2) (y,-x,1/2) (-x+1/2,y+1/2,1/2) (x+1/2,-y+1/2,1/2) (y+1/2,x+1/2,1/2) (-y+1/2,-x+1/2,1/2)"
P 4/m 21/b m,406,8.0,i,m..,"(x,y,0) (-x,-y,0) (-y,x,0) (y,-x,0) (-x+1/2,y+1/2,0) (x+1/2,-y+1/2,0) (y+1/2,x+1/2,0) (-y+1/2,-x+1/2,0)"
P 4/m 21/b m,406,4.0,h,m.2m,"(x,x+1/2,1/2) (-x,-x+1/2,1/2) (-x+1/2,x,1/2) (x+1/2,-x,1/2)"
P 4/m 21/b m,406,4.0,g,m.2m,"(x,x+1/2,0) (-x,-x+1/2,0) (-x+1/2,x,0) (x+1/2,-x,0)"
P 4/m 21/b m,406,4.0,f,2.mm,"(0,1/2,z) (1/2,0,z) (1/2,0,-z) (0,1/2,-z)"
P 4/m 21/b m,406,4.0,e,4..,"(0,0,z) (1/2,1/2,-z) (0,0,-z) (1/2,1/2,z)"
P 4/m 21/b m,406,2.0,d,m.mm,"(0,1/2,0) (1/2,0,0)"
P 4/m 21/b m,406,2.0,c,m.mm,"(0,1/2,1/2) (1/2,0,1/2)"
P 4/m 21/b m,406,2.0,b,4/m..,"(0,0,1/2) (1/2,1/2,1/2)"
P 4/m 21/b m,406,2.0,a,4/m..,"(0,0,0) (1/2,1/2,0)"
P 4/m 21/n c,407,16.0,i,1,"(x,y,z) (-x,-y,z) (-y,x,z) (y,-x,z) (-x+1/2,y+1/2,-z+1/2) (x+1/2,-y+1/2,-z+1/2) (y+1/2,x+1/2,-z+1/2) (-y+1/2,-x+1/2,-z+1/2) (-x,-y,-z) (x,y,-z) (y,-x,-z) (-y,x,-z) (x+1/2,-y+1/2,z+1/2) (-x+1/2,y+1/2,z+1/2) (-y+1/2,-x+1/2,z+1/2) (y+1/2,x+1/2,z+1/2)"
P 4/m 21/n c,407,8.0,h,m..,"(x,y,0) (-x,-y,0) (-y,x,0) (y,-x,0) (-x+1/2,y+1/2,1/2) (x+1/2,-y+1/2,1/2) (y+1/2,x+1/2,1/2) (-y+1/2,-x+1/2,1/2)"
P 4/m 21/n c,407,8.0,g,..2,"(x,x+1/2,1/4) (-x,-x+1/2,1/4) (-x+1/2,x,1/4) (x+1/2,-x,1/4) (-x,-x+1/2,3/4) (x,x+1/2,3/4) (x+1/2,-x,3/4) (-x+1/2,x,3/4)"
P 4/m 21/n c,407,8.0,f,2..,"(0,1/2,z) (1/2,0,z) (1/2,0,-z+1/2) (0,1/2,-z+1/2) (0,1/2,-z) (1/2,0,-z) (1/2,0,z+1/2) (0,1/2,z+1/2)"
P 4/m 21/n c,407,4.0,e,4..,"(0,0,z) (1/2,1/2,-z+1/2) (0,0,-z) (1/2,1/2,z+1/2)"
P 4/m 21/n c,407,4.0,d,2.22,"(0,1/2,1/4) (1/2,0,1/4) (0,1/2,3/4) (1/2,0,3/4)"
P 4/m 21/n c,407,4.0,c,2/m..,"(0,1/2,0) (1/2,0,0) (1/2,0,1/2) (0,1/2,1/2)"
P 4/m 21/n c,407,2.0,b,4/m..,"(0,0,1/2) (1/2,1/2,0)"
P 4/m 21/n c,407,2.0,a,4/m..,"(0,0,0) (1/2,1/2,1/2)"
P 4/n 21/m m,408,16.0,k,1,"(x,y,z) (-x,-y,z) (-y+1/2,x+1/2,z) (y+1/2,-x+1/2,z) (-x+1/2,y+1/2,-z) (x+1/2,-y+1/2,-z) (y,x,-z) (-y,-x,-z) (-x+1/2,-y+1/2,-z) (x+1/2,y+1/2,-z) (y,-x,-z) (-y,x,-z) (x,-y,z) (-x,y,z) (-y+1/2,-x+1/2,z) (y+1/2,x+1/2,z)"
P 4/n 21/m m,408,8.0,j,..m,"(x,x+1/2,z) (-x,-x+1/2,z) (-x,x+1/2,z) (x,-x+1/2,z) (-x+1/2,x,-z) (x+1/2,-x,-z) (x+1/2,x,-z) (-x+1/2,-x,-z)"
P 4/n 21/m m,408,8.0,i,.m.,"(0,y,z) (0,-y,z) (-y+1/2,1/2,z) (y+1/2,1/2,z) (1/2,y+1/2,-z) (1/2,-y+1/2,-z) (y,0,-z) (-y,0,-z)"
P 4/n 21/m m,408,8.0,h,..2,"(x,x,1/2) (-x,-x,1/2) (-x+1/2,x+1/2,1/2) (x+1/2,-x+1/2,1/2) (-x+1/2,-x+1/2,1/2) (x+1/2,x+1/2,1/2) (x,-x,1/2) (-x,x,1/2)"
P 4/n 21/m m,408,8.0,g,..2,"(x,x,0) (-x,-x,0) (-x+1/2,x+1/2,0) (x+1/2,-x+1/2,0) (-x+1/2,-x+1/2,0) (x+1/2,x+1/2,0) (x,-x,0) (-x,x,0)"
P 4/n 21/m m,408,4.0,f,2mm.,"(0,0,z) (1/2,1/2,z) (1/2,1/2,-z) (0,0,-z)"
P 4/n 21/m m,408,4.0,e,..2/m,"(1/4,1/4,1/2) (3/4,3/4,1/2) (1/4,3/4,1/2) (3/4,1/4,1/2)"
P 4/n 21/m m,408,4.0,d,..2/m,"(1/4,1/4,0) (3/4,3/4,0) (1/4,3/4,0) (3/4,1/4,0)"
P 4/n 21/m m,408,2.0,c,4mm,"(0,1/2,z) (1/2,0,-z)"
P 4/n 21/m m,408,2.0,b,-4m2,"(0,0,1/2) (1/2,1/2,1/2)"
P 4/n 21/m m,408,2.0,a,-4m2,"(0,0,0) (1/2,1/2,0)"
P 4/n 21/m m,409,16.0,k,1,"(x,y,z) (-x+1/2,-y+1/2,z) (-y+1/2,x,z) (y,-x+1/2,z) (-x,y+1/2,-z) (x+1/2,-y,-z) (y+1/2,x+1/2,-z) (-y,-x,-z) (-x,-y,-z) (x+1/2,y+1/2,-z) (y+1/2,-x,-z) (-y,x+1/2,-z) (x,-y+1/2,z) (-x+1/2,y,z) (-y+1/2,-x+1/2,z) (y,x,z)"
P 4/n 21/m m,409,8.0,j,..m,"(x,x,z) (-x+1/2,-x+1/2,z) (-x+1/2,x,z) (x,-x+1/2,z) (-x,x+1/2,-z) (x+1/2,-x,-z) (x+1/2,x+1/2,-z) (-x,-x,-z)"
P 4/n 21/m m,409,8.0,i,.m.,"(1/4,y,z) (1/4,-y+1/2,z) (-y+1/2,1/4,z) (y,1/4,z) (3/4,y+1/2,-z) (3/4,-y,-z) (y+1/2,3/4,-z) (-y,3/4,-z)"
P 4/n 21/m m,409,8.0,h,..2,"(x,-x,1/2) (-x+1/2,x+1/2,1/2) (x+1/2,x,1/2) (-x,-x+1/2,1/2) (-x,x,1/2) (x+1/2,-x+1/2,1/2) (-x+1/2,-x,1/2) (x,x+1/2,1/2)"
P 4/n 21/m m,409,8.0,g,..2,"(x,-x,0) (-x+1/2,x+1/2,0) (x+1/2,x,0) (-x,-x+1/2,0) (-x,x,0) (x+1/2,-x+1/2,0) (-x+1/2,-x,0) (x,x+1/2,0)"
P 4/n 21/m m,409,4.0,f,2mm.,"(3/4,1/4,z) (1/4,3/4,z) (1/4,3/4,-z) (3/4,1/4,-z)"
P 4/n 21/m m,409,4.0,e,..2/m,"(0,0,1/2) (1/2,1/2,1/2) (1/2,0,1/2) (0,1/2,1/2)"
P 4/n 21/m m,409,4.0,d,..2/m,"(0,0,0) (1/2,1/2,0) (1/2,0,0) (0,1/2,0)"
P 4/n 21/m m,409,2.0,c,4mm,"(1/4,1/4,z) (3/4,3/4,-z)"
P 4/n 21/m m,409,2.0,b,-4m2,"(3/4,1/4,1/2) (1/4,3/4,1/2)"
P 4/n 21/m m,409,2.0,a,-4m2,"(3/4,1/4,0) (1/4,3/4,0)"
P 4/n 21/c c,410,16.0,g,1,"(x,y,z) (-x,-y,z) (-y+1/2,x+1/2,z) (y+1/2,-x+1/2,z) (-x+1/2,y+1/2,-z+1/2) (x+1/2,-y+1/2,-z+1/2) (y,x,-z+1/2) (-y,-x,-z+1/2) (-x+1/2,-y+1/2,-z) (x+1/2,y+1/2,-z) (y,-x,-z) (-y,x,-z) (x,-y,z+1/2) (-x,y,z+1/2) (-y+1/2,-x+1/2,z+1/2) (y+1/2,x+1/2,z+1/2)"
P 4/n 21/c c,410,8.0,f,..2,"(x,x,1/4) (-x,-x,1/4) (-x+1/2,x+1/2,1/4) (x+1/2,-x+1/2,1/4) (-x+1/2,-x+1/2,3/4) (x+1/2,x+1/2,3/4) (x,-x,3/4) (-x,x,3/4)"
P 4/n 21/c c,410,8.0,e,2..,"(0,0,z) (1/2,1/2,z) (1/2,1/2,-z+1/2) (0,0,-z+1/2) (1/2,1/2,-z) (0,0,-z) (0,0,z+1/2) (1/2,1/2,z+1/2)"
P 4/n 21/c c,410,8.0,d,-1,"(1/4,1/4,0) (3/4,3/4,0) (1/4,3/4,0) (3/4,1/4,0) (1/4,3/4,1/2) (3/4,1/4,1/2) (1/4,1/4,1/2) (3/4,3/4,1/2)"
P 4/n 21/c c,410,4.0,c,4..,"(0,1/2,z) (1/2,0,-z+1/2) (1/2,0,-z) (0,1/2,z+1/2)"
P 4/n 21/c c,410,4.0,b,-4..,"(0,0,0) (1/2,1/2,0) (1/2,1/2,1/2) (0,0,1/2)"
P 4/n 21/c c,410,4.0,a,2.22,"(0,0,1/4) (1/2,1/2,1/4) (1/2,1/2,3/4) (0,0,3/4)"
P 4/n 21/c c,411,16.0,g,1,"(x,y,z) (-x+1/2,-y+1/2,z) (-y+1/2,x,z) (y,-x+1/2,z) (-x,y+1/2,-z+1/2) (x+1/2,-y,-z+1/2) (y+1/2,x+1/2,-z+1/2) (-y,-x,-z+1/2) (-x,-y,-z) (x+1/2,y+1/2,-z) (y+1/2,-x,-z) (-y,x+1/2,-z) (x,-y+1/2,z+1/2) (-x+1/2,y,z+1/2) (-y+1/2,-x+1/2,z+1/2) (y,x,z+1/2)"
P 4/n 21/c c,411,8.0,f,..2,"(x,-x,1/4) (-x+1/2,x+1/2,1/4) (x+1/2,x,1/4) (-x,-x+1/2,1/4) (-x,x,3/4) (x+1/2,-x+1/2,3/4) (-x+1/2,-x,3/4) (x,x+1/2,3/4)"
P 4/n 21/c c,411,8.0,e,2..,"(3/4,1/4,z) (1/4,3/4,z) (1/4,3/4,-z+1/2) (3/4,1/4,-z+1/2) (1/4,3/4,-z) (3/4,1/4,-z) (3/4,1/4,z+1/2) (1/4,3/4,z+1/2)"
P 4/n 21/c c,411,8.0,d,-1,"(0,0,0) (1/2,1/2,0) (1/2,0,0) (0,1/2,0) (0,1/2,1/2) (1/2,0,1/2) (1/2,1/2,1/2) (0,0,1/2)"
P 4/n 21/c c,411,4.0,c,4..,"(1/4,1/4,z) (3/4,3/4,-z+1/2) (3/4,3/4,-z) (1/4,1/4,z+1/2)"
P 4/n 21/c c,411,4.0,b,-4..,"(3/4,1/4,0) (1/4,3/4,0) (1/4,3/4,1/2) (3/4,1/4,1/2)"
P 4/n 21/c c,411,4.0,a,2.22,"(3/4,1/4,1/4) (1/4,3/4,1/4) (1/4,3/4,3/4) (3/4,1/4,3/4)"
P 42/m 2/m 2/c,412,16.0,r,1,"(x,y,z) (-x,-y,z) (-y,x,z+1/2) (y,-x,z+1/2) (-x,y,-z) (x,-y,-z) (y,x,-z+1/2) (-y,-x,-z+1/2) (-x,-y,-z) (x,y,-z) (y,-x,-z+1/2) (-y,x,-z+1/2) (x,-y,z) (-x,y,z) (-y,-x,z+1/2) (y,x,z+1/2)"
P 42/m 2/m 2/c,412,8.0,q,m..,"(x,y,0) (-x,-y,0) (-y,x,1/2) (y,-x,1/2) (-x,y,0) (x,-y,0) (y,x,1/2) (-y,-x,1/2)"
P 42/m 2/m 2/c,412,8.0,p,.m.,"(1/2,y,z) (1/2,-y,z) (-y,1/2,z+1/2) (y,1/2,z+1/2) (1/2,y,-z) (1/2,-y,-z) (y,1/2,-z+1/2) (-y,1/2,-z+1/2)"
P 42/m 2/m 2/c,412,8.0,o,.m.,"(0,y,z) (0,-y,z) (-y,0,z+1/2) (y,0,z+1/2) (0,y,-z) (0,-y,-z) (y,0,-z+1/2) (-y,0,-z+1/2)"
P 42/m 2/m 2/c,412,8.0,n,..2,"(x,x,1/4) (-x,-x,1/4) (-x,x,3/4) (x,-x,3/4) (-x,-x,3/4) (x,x,3/4) (x,-x,1/4) (-x,x,1/4)"
P 42/m 2/m 2/c,412,4.0,m,m2m.,"(x,1/2,0) (-x,1/2,0) (1/2,x,1/2) (1/2,-x,1/2)"
P 42/m 2/m 2/c,412,4.0,l,m2m.,"(x,0,1/2) (-x,0,1/2) (0,x,0) (0,-x,0)"
P 42/m 2/m 2/c,412,4.0,k,m2m.,"(x,1/2,1/2) (-x,1/2,1/2) (1/2,x,0) (1/2,-x,0)"
P 42/m 2/m 2/c,412,4.0,j,m2m.,"(x,0,0) (-x,0,0) (0,x,1/2) (0,-x,1/2)"
P 42/m 2/m 2/c,412,4.0,i,2mm.,"(0,1/2,z) (1/2,0,z+1/2) (0,1/2,-z) (1/2,0,-z+1/2)"
P 42/m 2/m 2/c,412,4.0,h,2mm.,"(1/2,1/2,z) (1/2,1/2,z+1/2) (1/2,1/2,-z) (1/2,1/2,-z+1/2)"
P 42/m 2/m 2/c,412,4.0,g,2mm.,"(0,0,z) (0,0,z+1/2) (0,0,-z) (0,0,-z+1/2)"
P 42/m 2/m 2/c,412,2.0,f,-4m2,"(1/2,1/2,1/4) (1/2,1/2,3/4)"
P 42/m 2/m 2/c,412,2.0,e,-4m2,"(0,0,1/4) (0,0,3/4)"
P 42/m 2/m 2/c,412,2.0,d,mmm.,"(0,1/2,1/2) (1/2,0,0)"
P 42/m 2/m 2/c,412,2.0,c,mmm.,"(0,1/2,0) (1/2,0,1/2)"
P 42/m 2/m 2/c,412,2.0,b,mmm.,"(1/2,1/2,0) (1/2,1/2,1/2)"
P 42/m 2/m 2/c,412,2.0,a,mmm.,"(0,0,0) (0,0,1/2)"
P 42/m 2/c 2/m,413,16.0,p,1,"(x,y,z) (-x,-y,z) (-y,x,z+1/2) (y,-x,z+1/2) (-x,y,-z+1/2) (x,-y,-z+1/2) (y,x,-z) (-y,-x,-z) (-x,-y,-z) (x,y,-z) (y,-x,-z+1/2) (-y,x,-z+1/2) (x,-y,z+1/2) (-x,y,z+1/2) (-y,-x,z) (y,x,z)"
P 42/m 2/c 2/m,413,8.0,o,..m,"(x,x,z) (-x,-x,z) (-x,x,z+1/2) (x,-x,z+1/2) (-x,x,-z+1/2) (x,-x,-z+1/2) (x,x,-z) (-x,-x,-z)"
P 42/m 2/c 2/m,413,8.0,n,m..,"(x,y,0) (-x,-y,0) (-y,x,1/2) (y,-x,1/2) (-x,y,1/2) (x,-y,1/2) (y,x,0) (-y,-x,0)"
P 42/m 2/c 2/m,413,8.0,m,.2.,"(x,1/2,1/4) (-x,1/2,1/4) (1/2,x,3/4) (1/2,-x,3/4) (-x,1/2,3/4) (x,1/2,3/4) (1/2,-x,1/4) (1/2,x,1/4)"
P 42/m 2/c 2/m,413,8.0,l,.2.,"(x,0,1/4) (-x,0,1/4) (0,x,3/4) (0,-x,3/4) (-x,0,3/4) (x,0,3/4) (0,-x,1/4) (0,x,1/4)"
P 42/m 2/c 2/m,413,8.0,k,2..,"(0,1/2,z) (1/2,0,z+1/2) (0,1/2,-z+1/2) (1/2,0,-z) (0,1/2,-z) (1/2,0,-z+1/2) (0,1/2,z+1/2) (1/2,0,z)"
P 42/m 2/c 2/m,413,4.0,j,m.2m,"(x,x,1/2) (-x,-x,1/2) (-x,x,0) (x,-x,0)"
P 42/m 2/c 2/m,413,4.0,i,m.2m,"(x,x,0) (-x,-x,0) (-x,x,1/2) (x,-x,1/2)"
P 42/m 2/c 2/m,413,4.0,h,2.mm,"(1/2,1/2,z) (1/2,1/2,z+1/2) (1/2,1/2,-z+1/2) (1/2,1/2,-z)"
P 42/m 2/c 2/m,413,4.0,g,2.mm,"(0,0,z) (0,0,z+1/2) (0,0,-z+1/2) (0,0,-z)"
P 42/m 2/c 2/m,413,4.0,f,2/m..,"(0,1/2,0) (1/2,0,1/2) (0,1/2,1/2) (1/2,0,0)"
P 42/m 2/c 2/m,413,4.0,e,222,"(0,1/2,1/4) (1/2,0,3/4) (0,1/2,3/4) (1/2,0,1/4)"
P 42/m 2/c 2/m,413,2.0,d,-42m,"(1/2,1/2,1/4) (1/2,1/2,3/4)"
P 42/m 2/c 2/m,413,2.0,c,m.mm,"(1/2,1/2,0) (1/2,1/2,1/2)"
P 42/m 2/c 2/m,413,2.0,b,-42m,"(0,0,1/4) (0,0,3/4)"
P 42/m 2/c 2/m,413,2.0,a,m.mm,"(0,0,0) (0,0,1/2)"
P 42/n 2/b 2/c,414,16.0,k,1,"(x,y,z) (-x,-y,z) (-y+1/2,x+1/2,z+1/2) (y+1/2,-x+1/2,z+1/2) (-x,y,-z+1/2) (x,-y,-z+1/2) (y+1/2,x+1/2,-z) (-y+1/2,-x+1/2,-z) (-x+1/2,-y+1/2,-z+1/2) (x+1/2,y+1/2,-z+1/2) (y,-x,-z) (-y,x,-z) (x+1/2,-y+1/2,z) (-x+1/2,y+1/2,z) (-y,-x,z+1/2) (y,x,z+1/2)"
P 42/n 2/b 2/c,414,8.0,j,..2,"(x,x+1/2,0) (-x,-x+1/2,0) (-x,x+1/2,1/2) (x,-x+1/2,1/2) (-x+1/2,-x,1/2) (x+1/2,x,1/2) (x+1/2,-x,0) (-x+1/2,x,0)"
P 42/n 2/b 2/c,414,8.0,i,.2.,"(x,0,3/4) (-x,0,3/4) (1/2,x+1/2,1/4) (1/2,-x+1/2,1/4) (-x+1/2,1/2,3/4) (x+1/2,1/2,3/4) (0,-x,1/4) (0,x,1/4)"
P 42/n 2/b 2/c,414,8.0,h,.2.,"(x,0,1/4) (-x,0,1/4) (1/2,x+1/2,3/4) (1/2,-x+1/2,3/4) (-x+1/2,1/2,1/4) (x+1/2,1/2,1/4) (0,-x,3/4) (0,x,3/4)"
P 42/n 2/b 2/c,414,8.0,g,2..,"(0,0,z) (1/2,1/2,z+1/2) (0,0,-z+1/2) (1/2,1/2,-z) (1/2,1/2,-z+1/2) (0,0,-z) (1/2,1/2,z) (0,0,z+1/2)"
P 42/n 2/b 2/c,414,8.0,f,2..,"(0,1/2,z) (0,1/2,z+1/2) (0,1/2,-z+1/2) (0,1/2,-z) (1/2,0,-z+1/2) (1/2,0,-z) (1/2,0,z) (1/2,0,z+1/2)"
P 42/n 2/b 2/c,414,8.0,e,-1,"(1/4,1/4,1/4) (3/4,3/4,1/4) (1/4,3/4,3/4) (3/4,1/4,3/4) (3/4,1/4,1/4) (1/4,3/4,1/4) (3/4,3/4,3/4) (1/4,1/4,3/4)"
P 42/n 2/b 2/c,414,4.0,d,-4..,"(0,0,0) (1/2,1/2,1/2) (0,0,1/2) (1/2,1/2,0)"
P 42/n 2/b 2/c,414,4.0,c,2.22,"(0,1/2,0) (0,1/2,1/2) (1/2,0,1/2) (1/2,0,0)"
P 42/n 2/b 2/c,414,4.0,b,222,"(0,0,1/4) (1/2,1/2,3/4) (1/2,1/2,1/4) (0,0,3/4)"
P 42/n 2/b 2/c,414,4.0,a,222,"(0,1/2,1/4) (0,1/2,3/4) (1/2,0,1/4) (1/2,0,3/4)"
P 42/n 2/b 2/c,415,16.0,k,1,"(x,y,z) (-x+1/2,-y+1/2,z) (-y+1/2,x,z+1/2) (y,-x+1/2,z+1/2) (-x+1/2,y,-z) (x,-y+1/2,-z) (y,x,-z+1/2) (-y+1/2,-x+1/2,-z+1/2) (-x,-y,-z) (x+1/2,y+1/2,-z) (y+1/2,-x,-z+1/2) (-y,x+1/2,-z+1/2) (x+1/2,-y,z) (-x,y+1/2,z) (-y,-x,z+1/2) (y+1/2,x+1/2,z+1/2)"
P 42/n 2/b 2/c,415,8.0,j,..2,"(x,x,1/4) (-x+1/2,-x+1/2,1/4) (-x+1/2,x,3/4) (x,-x+1/2,3/4) (-x,-x,3/4) (x+1/2,x+1/2,3/4) (x+1/2,-x,1/4) (-x,x+1/2,1/4)"
P 42/n 2/b 2/c,415,8.0,i,.2.,"(x,1/4,1/2) (-x+1/2,1/4,1/2) (1/4,x,0) (1/4,-x+1/2,0) (-x,3/4,1/2) (x+1/2,3/4,1/2) (3/4,-x,0) (3/4,x+1/2,0)"
P 42/n 2/b 2/c,415,8.0,h,.2.,"(x,1/4,0) (-x+1/2,1/4,0) (1/4,x,1/2) (1/4,-x+1/2,1/2) (-x,3/4,0) (x+1/2,3/4,0) (3/4,-x,1/2) (3/4,x+1/2,1/2)"
P 42/n 2/b 2/c,415,8.0,g,2..,"(3/4,1/4,z) (1/4,3/4,z+1/2) (3/4,1/4,-z) (1/4,3/4,-z+1/2) (1/4,3/4,-z) (3/4,1/4,-z+1/2) (1/4,3/4,z) (3/4,1/4,z+1/2)"
P 42/n 2/b 2/c,415,8.0,f,2..,"(1/4,1/4,z) (1/4,1/4,z+1/2) (1/4,1/4,-z) (1/4,1/4,-z+1/2) (3/4,3/4,-z) (3/4,3/4,-z+1/2) (3/4,3/4,z) (3/4,3/4,z+1/2)"
P 42/n 2/b 2/c,415,8.0,e,-1,"(0,0,0) (1/2,1/2,0) (1/2,0,1/2) (0,1/2,1/2) (1/2,0,0) (0,1/2,0) (0,0,1/2) (1/2,1/2,1/2)"
P 42/n 2/b 2/c,415,4.0,d,-4..,"(3/4,1/4,3/4) (1/4,3/4,1/4) (3/4,1/4,1/4) (1/4,3/4,3/4)"
P 42/n 2/b 2/c,415,4.0,c,2.22,"(1/4,1/4,1/4) (1/4,1/4,3/4) (3/4,3/4,3/4) (3/4,3/4,1/4)"
P 42/n 2/b 2/c,415,4.0,b,222,"(3/4,1/4,0) (1/4,3/4,1/2) (1/4,3/4,0) (3/4,1/4,1/2)"
P 42/n 2/b 2/c,415,4.0,a,222,"(1/4,1/4,0) (1/4,1/4,1/2) (3/4,3/4,0) (3/4,3/4,1/2)"
P 42/n 2/n 2/m,416,16.0,n,1,"(x,y,z) (-x,-y,z) (-y+1/2,x+1/2,z+1/2) (y+1/2,-x+1/2,z+1/2) (-x,y,-z) (x,-y,-z) (y+1/2,x+1/2,-z+1/2) (-y+1/2,-x+1/2,-z+1/2) (-x+1/2,-y+1/2,-z+1/2) (x+1/2,y+1/2,-z+1/2) (y,-x,-z) (-y,x,-z) (x+1/2,-y+1/2,z+1/2) (-x+1/2,y+1/2,z+1/2) (-y,-x,z) (y,x,z)"
P 42/n 2/n 2/m,416,8.0,m,..m,"(x,x,z) (-x,-x,z) (-x+1/2,x+1/2,z+1/2) (x+1/2,-x+1/2,z+1/2) (-x,x,-z) (x,-x,-z) (x+1/2,x+1/2,-z+1/2) (-x+1/2,-x+1/2,-z+1/2)"
P 42/n 2/n 2/m,416,8.0,l,..2,"(x,x+1/2,3/4) (-x,-x+1/2,3/4) (-x,x+1/2,1/4) (x,-x+1/2,1/4) (-x+1/2,-x,3/4) (x+1/2,x,3/4) (x+1/2,-x,1/4) (-x+1/2,x,1/4)"
P 42/n 2/n 2/m,416,8.0,k,..2,"(x,x+1/2,1/4) (-x,-x+1/2,1/4) (-x,x+1/2,3/4) (x,-x+1/2,3/4) (-x+1/2,-x,1/4) (x+1/2,x,1/4) (x+1/2,-x,3/4) (-x+1/2,x,3/4)"
P 42/n 2/n 2/m,416,8.0,j,.2.,"(x,0,1/2) (-x,0,1/2) (1/2,x+1/2,0) (1/2,-x+1/2,0) (-x+1/2,1/2,0) (x+1/2,1/2,0) (0,-x,1/2) (0,x,1/2)"
P 42/n 2/n 2/m,416,8.0,i,.2.,"(x,0,0) (-x,0,0) (1/2,x+1/2,1/2) (1/2,-x+1/2,1/2) (-x+1/2,1/2,1/2) (x+1/2,1/2,1/2) (0,-x,0) (0,x,0)"
P 42/n 2/n 2/m,416,8.0,h,2..,"(0,1/2,z) (0,1/2,z+1/2) (0,1/2,-z) (0,1/2,-z+1/2) (1/2,0,-z+1/2) (1/2,0,-z) (1/2,0,z+1/2) (1/2,0,z)"
P 42/n 2/n 2/m,416,4.0,g,2.mm,"(0,0,z) (1/2,1/2,z+1/2) (0,0,-z) (1/2,1/2,-z+1/2)"
P 42/n 2/n 2/m,416,4.0,f,..2/m,"(3/4,3/4,3/4) (1/4,1/4,3/4) (3/4,1/4,1/4) (1/4,3/4,1/4)"
P 42/n 2/n 2/m,416,4.0,e,..2/m,"(1/4,1/4,1/4) (3/4,3/4,1/4) (1/4,3/4,3/4) (3/4,1/4,3/4)"
P 42/n 2/n 2/m,416,4.0,d,2.22,"(0,1/2,1/4) (0,1/2,3/4) (1/2,0,1/4) (1/2,0,3/4)"
P 42/n 2/n 2/m,416,4.0,c,222,"(0,1/2,0) (0,1/2,1/2) (1/2,0,1/2) (1/2,0,0)"
P 42/n 2/n 2/m,416,2.0,b,-42m,"(0,0,1/2) (1/2,1/2,0)"
P 42/n 2/n 2/m,416,2.0,a,-42m,"(0,0,0) (1/2,1/2,1/2)"
P 42/n 2/n 2/m,417,16.0,n,1,"(x,y,z) (-x+1/2,-y+1/2,z) (-y+1/2,x,z+1/2) (y,-x+1/2,z+1/2) (-x+1/2,y,-z+1/2) (x,-y+1/2,-z+1/2) (y,x,-z) (-y+1/2,-x+1/2,-z) (-x,-y,-z) (x+1/2,y+1/2,-z) (y+1/2,-x,-z+1/2) (-y,x+1/2,-z+1/2) (x+1/2,-y,z+1/2) (-x,y+1/2,z+1/2) (-y,-x,z) (y+1/2,x+1/2,z)"
P 42/n 2/n 2/m,417,8.0,m,..m,"(x,-x,z) (-x+1/2,x+1/2,z) (x+1/2,x,z+1/2) (-x,-x+1/2,z+1/2) (-x+1/2,-x,-z+1/2) (x,x+1/2,-z+1/2) (-x,x,-z) (x+1/2,-x+1/2,-z)"
P 42/n 2/n 2/m,417,8.0,l,..2,"(x,x,1/2) (-x+1/2,-x+1/2,1/2) (-x+1/2,x,0) (x,-x+1/2,0) (-x,-x,1/2) (x+1/2,x+1/2,1/2) (x+1/2,-x,0) (-x,x+1/2,0)"
P 42/n 2/n 2/m,417,8.0,k,..2,"(x,x,0) (-x+1/2,-x+1/2,0) (-x+1/2,x,1/2) (x,-x+1/2,1/2) (-x,-x,0) (x+1/2,x+1/2,0) (x+1/2,-x,1/2) (-x,x+1/2,1/2)"
P 42/n 2/n 2/m,417,8.0,j,.2.,"(x,1/4,1/4) (-x+1/2,1/4,1/4) (1/4,x,3/4) (1/4,-x+1/2,3/4) (-x,3/4,3/4) (x+1/2,3/4,3/4) (3/4,-x,1/4) (3/4,x+1/2,1/4)"
P 42/n 2/n 2/m,417,8.0,i,.2.,"(x,1/4,3/4) (-x+1/2,1/4,3/4) (1/4,x,1/4) (1/4,-x+1/2,1/4) (-x,3/4,1/4) (x+1/2,3/4,1/4) (3/4,-x,3/4) (3/4,x+1/2,3/4)"
P 42/n 2/n 2/m,417,8.0,h,2..,"(1/4,1/4,z) (1/4,1/4,z+1/2) (1/4,1/4,-z+1/2) (1/4,1/4,-z) (3/4,3/4,-z) (3/4,3/4,-z+1/2) (3/4,3/4,z+1/2) (3/4,3/4,z)"
P 42/n 2/n 2/m,417,4.0,g,2.mm,"(3/4,1/4,z) (1/4,3/4,z+1/2) (3/4,1/4,-z+1/2) (1/4,3/4,-z)"
P 42/n 2/n 2/m,417,4.0,f,..2/m,"(0,0,0) (1/2,1/2,0) (1/2,0,1/2) (0,1/2,1/2)"
P 42/n 2/n 2/m,417,4.0,e,..2/m,"(0,0,1/2) (1/2,1/2,1/2) (1/2,0,0) (0,1/2,0)"
P 42/n 2/n 2/m,417,4.0,d,2.22,"(1/4,1/4,0) (1/4,1/4,1/2) (3/4,3/4,0) (3/4,3/4,1/2)"
P 42/n 2/n 2/m,417,4.0,c,222,"(1/4,1/4,1/4) (1/4,1/4,3/4) (3/4,3/4,3/4) (3/4,3/4,1/4)"
P 42/n 2/n 2/m,417,2.0,b,-42m,"(3/4,1/4,1/4) (1/4,3/4,3/4)"
P 42/n 2/n 2/m,417,2.0,a,-42m,"(1/4,3/4,1/4) (3/4,1/4,3/4)"
P 42/m 21/b 2/c,418,16.0,i,1,"(x,y,z) (-x,-y,z) (-y,x,z+1/2) (y,-x,z+1/2) (-x+1/2,y+1/2,-z) (x+1/2,-y+1/2,-z) (y+1/2,x+1/2,-z+1/2) (-y+1/2,-x+1/2,-z+1/2) (-x,-y,-z) (x,y,-z) (y,-x,-z+1/2) (-y,x,-z+1/2) (x+1/2,-y+1/2,z) (-x+1/2,y+1/2,z) (-y+1/2,-x+1/2,z+1/2) (y+1/2,x+1/2,z+1/2)"
P 42/m 21/b 2/c,418,8.0,h,m..,"(x,y,0) (-x,-y,0) (-y,x,1/2) (y,-x,1/2) (-x+1/2,y+1/2,0) (x+1/2,-y+1/2,0) (y+1/2,x+1/2,1/2) (-y+1/2,-x+1/2,1/2)"
P 42/m 21/b 2/c,418,8.0,g,..2,"(x,x+1/2,1/4) (-x,-x+1/2,1/4) (-x+1/2,x,3/4) (x+1/2,-x,3/4) (-x,-x+1/2,3/4) (x,x+1/2,3/4) (x+1/2,-x,1/4) (-x+1/2,x,1/4)"
P 42/m 21/b 2/c,418,8.0,f,2..,"(0,1/2,z) (1/2,0,z+1/2) (1/2,0,-z) (0,1/2,-z+1/2) (0,1/2,-z) (1/2,0,-z+1/2) (1/2,0,z) (0,1/2,z+1/2)"
P 42/m 21/b 2/c,418,8.0,e,2..,"(0,0,z) (0,0,z+1/2) (1/2,1/2,-z) (1/2,1/2,-z+1/2) (0,0,-z) (0,0,-z+1/2) (1/2,1/2,z) (1/2,1/2,z+1/2)"
P 42/m 21/b 2/c,418,4.0,d,2.22,"(0,1/2,1/4) (1/2,0,3/4) (0,1/2,3/4) (1/2,0,1/4)"
P 42/m 21/b 2/c,418,4.0,c,2/m..,"(0,1/2,0) (1/2,0,1/2) (1/2,0,0) (0,1/2,1/2)"
P 42/m 21/b 2/c,418,4.0,b,-4..,"(0,0,1/4) (0,0,3/4) (1/2,1/2,3/4) (1/2,1/2,1/4)"
P 42/m 21/b 2/c,418,4.0,a,2/m..,"(0,0,0) (0,0,1/2) (1/2,1/2,0) (1/2,1/2,1/2)"
P 42/m 21/n 2/m,419,16.0,k,1,"(x,y,z) (-x,-y,z) (-y+1/2,x+1/2,z+1/2) (y+1/2,-x+1/2,z+1/2) (-x+1/2,y+1/2,-z+1/2) (x+1/2,-y+1/2,-z+1/2) (y,x,-z) (-y,-x,-z) (-x,-y,-z) (x,y,-z) (y+1/2,-x+1/2,-z+1/2) (-y+1/2,x+1/2,-z+1/2) (x+1/2,-y+1/2,z+1/2) (-x+1/2,y+1/2,z+1/2) (-y,-x,z) (y,x,z)"
P 42/m 21/n 2/m,419,8.0,j,..m,"(x,x,z) (-x,-x,z) (-x+1/2,x+1/2,z+1/2) (x+1/2,-x+1/2,z+1/2) (-x+1/2,x+1/2,-z+1/2) (x+1/2,-x+1/2,-z+1/2) (x,x,-z) (-x,-x,-z)"
P 42/m 21/n 2/m,419,8.0,i,m..,"(x,y,0) (-x,-y,0) (-y+1/2,x+1/2,1/2) (y+1/2,-x+1/2,1/2) (-x+1/2,y+1/2,1/2) (x+1/2,-y+1/2,1/2) (y,x,0) (-y,-x,0)"
P 42/m 21/n 2/m,419,8.0,h,2..,"(0,1/2,z) (0,1/2,z+1/2) (1/2,0,-z+1/2) (1/2,0,-z) (0,1/2,-z) (0,1/2,-z+1/2) (1/2,0,z+1/2) (1/2,0,z)"
P 42/m 21/n 2/m,419,4.0,g,m.2m,"(x,-x,0) (-x,x,0) (x+1/2,x+1/2,1/2) (-x+1/2,-x+1/2,1/2)"
P 42/m 21/n 2/m,419,4.0,f,m.2m,"(x,x,0) (-x,-x,0) (-x+1/2,x+1/2,1/2) (x+1/2,-x+1/2,1/2)"
P 42/m 21/n 2/m,419,4.0,e,2.mm,"(0,0,z) (1/2,1/2,z+1/2) (1/2,1/2,-z+1/2) (0,0,-z)"
P 42/m 21/n 2/m,419,4.0,d,-4..,"(0,1/2,1/4) (0,1/2,3/4) (1/2,0,1/4) (1/2,0,3/4)"
P 42/m 21/n 2/m,419,4.0,c,2/m..,"(0,1/2,0) (0,1/2,1/2) (1/2,0,1/2) (1/2,0,0)"
P 42/m 21/n 2/m,419,2.0,b,m.mm,"(0,0,1/2) (1/2,1/2,0)"
P 42/m 21/n 2/m,419,2.0,a,m.mm,"(0,0,0) (1/2,1/2,1/2)"
P 42/n 21/m 2/c,420,16.0,h,1,"(x,y,z) (-x,-y,z) (-y+1/2,x+1/2,z+1/2) (y+1/2,-x+1/2,z+1/2) (-x+1/2,y+1/2,-z+1/2) (x+1/2,-y+1/2,-z+1/2) (y,x,-z) (-y,-x,-z) (-x+1/2,-y+1/2,-z+1/2) (x+1/2,y+1/2,-z+1/2) (y,-x,-z) (-y,x,-z) (x,-y,z) (-x,y,z) (-y+1/2,-x+1/2,z+1/2) (y+1/2,x+1/2,z+1/2)"
P 42/n 21/m 2/c,420,8.0,g,.m.,"(0,y,z) (0,-y,z) (-y+1/2,1/2,z+1/2) (y+1/2,1/2,z+1/2) (1/2,y+1/2,-z+1/2) (1/2,-y+1/2,-z+1/2) (y,0,-z) (-y,0,-z)"
P 42/n 21/m 2/c,420,8.0,f,..2,"(x,x,0) (-x,-x,0) (-x+1/2,x+1/2,1/2) (x+1/2,-x+1/2,1/2) (-x+1/2,-x+1/2,1/2) (x+1/2,x+1/2,1/2) (x,-x,0) (-x,x,0)"
P 42/n 21/m 2/c,420,8.0,e,-1,"(1/4,1/4,1/4) (3/4,3/4,1/4) (1/4,3/4,3/4) (3/4,1/4,3/4) (1/4,3/4,1/4) (3/4,1/4,1/4) (1/4,1/4,3/4) (3/4,3/4,3/4)"
P 42/n 21/m 2/c,420,4.0,d,2mm.,"(0,1/2,z) (0,1/2,z+1/2) (1/2,0,-z+1/2) (1/2,0,-z)"
P 42/n 21/m 2/c,420,4.0,c,2mm.,"(0,0,z) (1/2,1/2,z+1/2) (1/2,1/2,-z+1/2) (0,0,-z)"
P 42/n 21/m 2/c,420,2.0,b,-4m2,"(0,0,1/2) (1/2,1/2,0)"
P 42/n 21/m 2/c,420,2.0,a,-4m2,"(0,0,0) (1/2,1/2,1/2)"
P 42/n 21/m 2/c,421,16.0,h,1,"(x,y,z) (-x+1/2,-y+1/2,z) (-y+1/2,x,z+1/2) (y,-x+1/2,z+1/2) (-x,y+1/2,-z) (x+1/2,-y,-z) (y+1/2,x+1/2,-z+1/2) (-y,-x,-z+1/2) (-x,-y,-z) (x+1/2,y+1/2,-z) (y+1/2,-x,-z+1/2) (-y,x+1/2,-z+1/2) (x,-y+1/2,z) (-x+1/2,y,z) (-y+1/2,-x+1/2,z+1/2) (y,x,z+1/2)"
P 42/n 21/m 2/c,421,8.0,g,.m.,"(1/4,y,z) (1/4,-y+1/2,z) (-y+1/2,1/4,z+1/2) (y,1/4,z+1/2) (3/4,y+1/2,-z) (3/4,-y,-z) (y+1/2,3/4,-z+1/2) (-y,3/4,-z+1/2)"
P 42/n 21/m 2/c,421,8.0,f,..2,"(x,-x,1/4) (-x+1/2,x+1/2,1/4) (x+1/2,x,3/4) (-x,-x+1/2,3/4) (-x,x,3/4) (x+1/2,-x+1/2,3/4) (-x+1/2,-x,1/4) (x,x+1/2,1/4)"
P 42/n 21/m 2/c,421,8.0,e,-1,"(0,0,0) (1/2,1/2,0) (1/2,0,1/2) (0,1/2,1/2) (0,1/2,0) (1/2,0,0) (1/2,1/2,1/2) (0,0,1/2)"
P 42/n 21/m 2/c,421,4.0,d,2mm.,"(1/4,1/4,z) (1/4,1/4,z+1/2) (3/4,3/4,-z) (3/4,3/4,-z+1/2)"
P 42/n 21/m 2/c,421,4.0,c,2mm.,"(3/4,1/4,z) (1/4,3/4,z+1/2) (1/4,3/4,-z) (3/4,1/4,-z+1/2)"
P 42/n 21/m 2/c,421,2.0,b,-4m2,"(3/4,1/4,1/4) (1/4,3/4,3/4)"
P 42/n 21/m 2/c,421,2.0,a,-4m2,"(3/4,1/4,3/4) (1/4,3/4,1/4)"
P 42/n 21/c 2/m,422,16.0,j,1,"(x,y,z) (-x,-y,z) (-y+1/2,x+1/2,z+1/2) (y+1/2,-x+1/2,z+1/2) (-x+1/2,y+1/2,-z) (x+1/2,-y+1/2,-z) (y,x,-z+1/2) (-y,-x,-z+1/2) (-x+1/2,-y+1/2,-z+1/2) (x+1/2,y+1/2,-z+1/2) (y,-x,-z) (-y,x,-z) (x,-y,z+1/2) (-x,y,z+1/2) (-y+1/2,-x+1/2,z) (y+1/2,x+1/2,z)"
P 42/n 21/c 2/m,422,8.0,i,..m,"(x,x+1/2,z) (-x,-x+1/2,z) (-x,x+1/2,z+1/2) (x,-x+1/2,z+1/2) (-x+1/2,x,-z) (x+1/2,-x,-z) (x+1/2,x,-z+1/2) (-x+1/2,-x,-z+1/2)"
P 42/n 21/c 2/m,422,8.0,h,..2,"(x,x,3/4) (-x,-x,3/4) (-x+1/2,x+1/2,1/4) (x+1/2,-x+1/2,1/4) (-x+1/2,-x+1/2,3/4) (x+1/2,x+1/2,3/4) (x,-x,1/4) (-x,x,1/4)"
P 42/n 21/c 2/m,422,8.0,g,..2,"(x,x,1/4) (-x,-x,1/4) (-x+1/2,x+1/2,3/4) (x+1/2,-x+1/2,3/4) (-x+1/2,-x+1/2,1/4) (x+1/2,x+1/2,1/4) (x,-x,3/4) (-x,x,3/4)"
P 42/n 21/c 2/m,422,8.0,f,2..,"(0,0,z) (1/2,1/2,z+1/2) (1/2,1/2,-z) (0,0,-z+1/2) (1/2,1/2,-z+1/2) (0,0,-z) (0,0,z+1/2) (1/2,1/2,z)"
P 42/n 21/c 2/m,422,4.0,e,2.mm,"(0,1/2,z) (0,1/2,z+1/2) (1/2,0,-z) (1/2,0,-z+1/2)"
P 42/n 21/c 2/m,422,4.0,d,..2/m,"(1/4,1/4,3/4) (3/4,3/4,3/4) (1/4,3/4,1/4) (3/4,1/4,1/4)"
P 42/n 21/c 2/m,422,4.0,c,..2/m,"(1/4,1/4,1/4) (3/4,3/4,1/4) (1/4,3/4,3/4) (3/4,1/4,3/4)"
P 42/n 21/c 2/m,422,4.0,b,-4..,"(0,0,0) (1/2,1/2,1/2) (1/2,1/2,0) (0,0,1/2)"
P 42/n 21/c 2/m,422,4.0,a,2.22,"(0,0,1/4) (1/2,1/2,3/4) (1/2,1/2,1/4) (0,0,3/4)"
P 42/n 21/c 2/m,423,16.0,j,1,"(x,y,z) (-x+1/2,-y+1/2,z) (-y+1/2,x,z+1/2) (y,-x+1/2,z+1/2) (-x,y+1/2,-z+1/2) (x+1/2,-y,-z+1/2) (y+1/2,x+1/2,-z) (-y,-x,-z) (-x,-y,-z) (x+1/2,y+1/2,-z) (y+1/2,-x,-z+1/2) (-y,x+1/2,-z+1/2) (x,-y+1/2,z+1/2) (-x+1/2,y,z+1/2) (-y+1/2,-x+1/2,z) (y,x,z)"
P 42/n 21/c 2/m,423,8.0,i,..m,"(x,x,z) (-x+1/2,-x+1/2,z) (-x+1/2,x,z+1/2) (x,-x+1/2,z+1/2) (-x,x+1/2,-z+1/2) (x+1/2,-x,-z+1/2) (x+1/2,x+1/2,-z) (-x,-x,-z)"
P 42/n 21/c 2/m,423,8.0,h,..2,"(x,-x,0) (-x+1/2,x+1/2,0) (x+1/2,x,1/2) (-x,-x+1/2,1/2) (-x,x,0) (x+1/2,-x+1/2,0) (-x+1/2,-x,1/2) (x,x+1/2,1/2)"
P 42/n 21/c 2/m,423,8.0,g,..2,"(x,-x,1/2) (-x+1/2,x+1/2,1/2) (x+1/2,x,0) (-x,-x+1/2,0) (-x,x,1/2) (x+1/2,-x+1/2,1/2) (-x+1/2,-x,0) (x,x+1/2,0)"
P 42/n 21/c 2/m,423,8.0,f,2..,"(3/4,1/4,z) (1/4,3/4,z+1/2) (1/4,3/4,-z+1/2) (3/4,1/4,-z) (1/4,3/4,-z) (3/4,1/4,-z+1/2) (3/4,1/4,z+1/2) (1/4,3/4,z)"
P 42/n 21/c 2/m,423,4.0,e,2.mm,"(1/4,1/4,z) (1/4,1/4,z+1/2) (3/4,3/4,-z+1/2) (3/4,3/4,-z)"
P 42/n 21/c 2/m,423,4.0,d,..2/m,"(0,0,0) (1/2,1/2,0) (1/2,0,1/2) (0,1/2,1/2)"
P 42/n 21/c 2/m,423,4.0,c,..2/m,"(0,0,1/2) (1/2,1/2,1/2) (1/2,0,0) (0,1/2,0)"
P 42/n 21/c 2/m,423,4.0,b,-4..,"(3/4,1/4,3/4) (1/4,3/4,1/4) (1/4,3/4,3/4) (3/4,1/4,1/4)"
P 42/n 21/c 2/m,423,4.0,a,2.22,"(3/4,1/4,0) (1/4,3/4,1/2) (1/4,3/4,0) (3/4,1/4,1/2)"
I 4/m 2/m 2/m,424,32.0,o,1,"(x,y,z) (-x,-y,z) (-y,x,z) (y,-x,z) (-x,y,-z) (x,-y,-z) (y,x,-z) (-y,-x,-z) (-x,-y,-z) (x,y,-z) (y,-x,-z) (-y,x,-z) (x,-y,z) (-x,y,z) (-y,-x,z) (y,x,z)"
I 4/m 2/m 2/m,424,16.0,n,.m.,"(0,y,z) (0,-y,z) (-y,0,z) (y,0,z) (0,y,-z) (0,-y,-z) (y,0,-z) (-y,0,-z)"
I 4/m 2/m 2/m,424,16.0,m,..m,"(x,x,z) (-x,-x,z) (-x,x,z) (x,-x,z) (-x,x,-z) (x,-x,-z) (x,x,-z) (-x,-x,-z)"
I 4/m 2/m 2/m,424,16.0,l,m..,"(x,y,0) (-x,-y,0) (-y,x,0) (y,-x,0) (-x,y,0) (x,-y,0) (y,x,0) (-y,-x,0)"
I 4/m 2/m 2/m,424,16.0,k,..2,"(x,x+1/2,1/4) (-x,-x+1/2,1/4) (-x+1/2,x,1/4) (x+1/2,-x,1/4) (-x,-x+1/2,3/4) (x,x+1/2,3/4) (x+1/2,-x,3/4) (-x+1/2,x,3/4)"
I 4/m 2/m 2/m,424,8.0,j,m2m.,"(x,1/2,0) (-x,1/2,0) (1/2,x,0) (1/2,-x,0)"
I 4/m 2/m 2/m,424,8.0,i,m2m.,"(x,0,0) (-x,0,0) (0,x,0) (0,-x,0)"
I 4/m 2/m 2/m,424,8.0,h,m.2m,"(x,x,0) (-x,-x,0) (-x,x,0) (x,-x,0)"
I 4/m 2/m 2/m,424,8.0,g,2mm.,"(0,1/2,z) (1/2,0,z) (0,1/2,-z) (1/2,0,-z)"
I 4/m 2/m 2/m,424,8.0,f,..2/m,"(1/4,1/4,1/4) (3/4,3/4,1/4) (3/4,1/4,1/4) (1/4,3/4,1/4)"
I 4/m 2/m 2/m,424,4.0,e,4mm,"(0,0,z) (0,0,-z)"
I 4/m 2/m 2/m,424,4.0,d,-4m2,"(0,1/2,1/4) (1/2,0,1/4)"
I 4/m 2/m 2/m,424,4.0,c,mmm.,"(0,1/2,0) (1/2,0,0)"
I 4/m 2/m 2/m,424,2.0,b,4/mmm,"(0,0,1/2)"
I 4/m 2/m 2/m,424,2.0,a,4/mmm,"(0,0,0)"
I 4/m 2/c 2/m,425,32.0,m,1,"(x,y,z) (-x,-y,z) (-y,x,z) (y,-x,z) (-x,y,-z+1/2) (x,-y,-z+1/2) (y,x,-z+1/2) (-y,-x,-z+1/2) (-x,-y,-z) (x,y,-z) (y,-x,-z) (-y,x,-z) (x,-y,z+1/2) (-x,y,z+1/2) (-y,-x,z+1/2) (y,x,z+1/2)"
I 4/m 2/c 2/m,425,16.0,l,..m,"(x,x+1/2,z) (-x,-x+1/2,z) (-x+1/2,x,z) (x+1/2,-x,z) (-x,x+1/2,-z+1/2) (x,-x+1/2,-z+1/2) (x+1/2,x,-z+1/2) (-x+1/2,-x,-z+1/2)"
I 4/m 2/c 2/m,425,16.0,k,m..,"(x,y,0) (-x,-y,0) (-y,x,0) (y,-x,0) (-x,y,1/2) (x,-y,1/2) (y,x,1/2) (-y,-x,1/2)"
I 4/m 2/c 2/m,425,16.0,j,.2.,"(x,0,1/4) (-x,0,1/4) (0,x,1/4) (0,-x,1/4) (-x,0,3/4) (x,0,3/4) (0,-x,3/4) (0,x,3/4)"
I 4/m 2/c 2/m,425,16.0,i,..2,"(x,x,1/4) (-x,-x,1/4) (-x,x,1/4) (x,-x,1/4) (-x,-x,3/4) (x,x,3/4) (x,-x,3/4) (-x,x,3/4)"
I 4/m 2/c 2/m,425,8.0,h,m.2m,"(x,x+1/2,0) (-x,-x+1/2,0) (-x+1/2,x,0) (x+1/2,-x,0)"
I 4/m 2/c 2/m,425,8.0,g,2.mm,"(0,1/2,z) (1/2,0,z) (0,1/2,-z+1/2) (1/2,0,-z+1/2)"
I 4/m 2/c 2/m,425,8.0,f,4..,"(0,0,z) (0,0,-z+1/2) (0,0,-z) (0,0,z+1/2)"
I 4/m 2/c 2/m,425,8.0,e,..2/m,"(1/4,1/4,1/4) (3/4,3/4,1/4) (3/4,1/4,1/4) (1/4,3/4,1/4)"
I 4/m 2/c 2/m,425,4.0,d,m.mm,"(0,1/2,0) (1/2,0,0)"
I 4/m 2/c 2/m,425,4.0,c,4/m..,"(0,0,0) (0,0,1/2)"
I 4/m 2/c 2/m,425,4.0,b,-42m,"(0,1/2,1/4) (1/2,0,1/4)"
I 4/m 2/c 2/m,425,4.0,a,422,"(0,0,1/4) (0,0,3/4)"
I 41/a 2/m 2/d,426,32.0,i,1,"(x,y,z) (-x+1/2,-y+1/2,z+1/2) (-y,x+1/2,z+1/4) (y+1/2,-x,z+3/4) (-x+1/2,y,-z+3/4) (x,-y+1/2,-z+1/4) (y+1/2,x+1/2,-z+1/2) (-y,-x,-z) (-x,-y+1/2,-z+1/4) (x+1/2,y,-z+3/4) (y,-x,-z) (-y+1/2,x+1/2,-z+1/2) (x+1/2,-y+1/2,z+1/2) (-x,y,z) (-y+1/2,-x,z+3/4) (y,x+1/2,z+1/4)"
I 41/a 2/m 2/d,426,16.0,h,.m.,"(0,y,z) (1/2,-y+1/2,z+1/2) (-y,1/2,z+1/4) (y+1/2,0,z+3/4) (1/2,y,-z+3/4) (0,-y+1/2,-z+1/4) (y+1/2,1/2,-z+1/2) (-y,0,-z)"
I 41/a 2/m 2/d,426,16.0,g,..2,"(x,x,0) (-x+1/2,-x+1/2,1/2) (-x,x+1/2,1/4) (x+1/2,-x,3/4) (-x,-x+1/2,1/4) (x+1/2,x,3/4) (x,-x,0) (-x+1/2,x+1/2,1/2)"
I 41/a 2/m 2/d,426,16.0,f,.2.,"(x,1/4,1/8) (-x+1/2,1/4,5/8) (3/4,x+1/2,3/8) (3/4,-x,7/8) (-x,1/4,1/8) (x+1/2,1/4,5/8) (1/4,-x,7/8) (1/4,x+1/2,3/8)"
I 41/a 2/m 2/d,426,8.0,e,2mm.,"(0,0,z) (0,1/2,z+1/4) (1/2,0,-z+3/4) (1/2,1/2,-z+1/2)"
I 41/a 2/m 2/d,426,8.0,d,.2/m.,"(0,1/4,5/8) (1/2,1/4,1/8) (3/4,1/2,7/8) (3/4,0,3/8)"
I 41/a 2/m 2/d,426,8.0,c,.2/m.,"(0,1/4,1/8) (1/2,1/4,5/8) (3/4,1/2,3/8) (3/4,0,7/8)"
I 41/a 2/m 2/d,426,4.0,b,-4m2,"(0,0,1/2) (0,1/2,3/4)"
I 41/a 2/m 2/d,426,4.0,a,-4m2,"(0,0,0) (0,1/2,1/4)"
I 41/a 2/m 2/d,427,32.0,i,1,"(x,y,z) (-x+1/2,-y,z+1/2) (-y+1/4,x+3/4,z+1/4) (y+1/4,-x+1/4,z+3/4) (-x+1/2,y,-z+1/2) (x,-y,-z) (y+1/4,x+3/4,-z+1/4) (-y+1/4,-x+1/4,-z+3/4) (-x,-y,-z) (x+1/2,y,-z+1/2) (y+3/4,-x+1/4,-z+3/4) (-y+3/4,x+3/4,-z+1/4) (x+1/2,-y,z+1/2) (-x,y,z) (-y+3/4,-x+1/4,z+3/4) (y+3/4,x+3/4,z+1/4)"
I 41/a 2/m 2/d,427,16.0,h,.m.,"(0,y,z) (1/2,-y,z+1/2) (-y+1/4,3/4,z+1/4) (y+1/4,1/4,z+3/4) (1/2,y,-z+1/2) (0,-y,-z) (y+1/4,3/4,-z+1/4) (-y+1/4,1/4,-z+3/4)"
I 41/a 2/m 2/d,427,16.0,g,..2,"(x,x+1/4,7/8) (-x+1/2,-x+3/4,3/8) (-x,x+3/4,1/8) (x+1/2,-x+1/4,5/8) (-x,-x+3/4,1/8) (x+1/2,x+1/4,5/8) (x,-x+1/4,7/8) (-x+1/2,x+3/4,3/8)"
I 41/a 2/m 2/d,427,16.0,f,.2.,"(x,0,0) (-x+1/2,0,1/2) (1/4,x+3/4,1/4) (1/4,-x+1/4,3/4) (-x,0,0) (x+1/2,0,1/2) (3/4,-x+1/4,3/4) (3/4,x+3/4,1/4)"
I 41/a 2/m 2/d,427,8.0,e,2mm.,"(0,1/4,z) (0,3/4,z+1/4) (1/2,1/4,-z+1/2) (1/2,3/4,-z+1/4)"
I 41/a 2/m 2/d,427,8.0,d,.2/m.,"(0,0,1/2) (1/2,0,0) (1/4,3/4,3/4) (1/4,1/4,1/4)"
I 41/a 2/m 2/d,427,8.0,c,.2/m.,"(0,0,0) (1/2,0,1/2) (1/4,3/4,1/4) (1/4,1/4,3/4)"
I 41/a 2/m 2/d,427,4.0,b,-4m2,"(0,1/4,3/8) (0,3/4,5/8)"
I 41/a 2/m 2/d,427,4.0,a,-4m2,"(0,3/4,1/8) (1/2,3/4,3/8)"
I 41/a 2/c 2/d,428,32.0,g,1,"(x,y,z) (-x+1/2,-y+1/2,z+1/2) (-y,x+1/2,z+1/4) (y+1/2,-x,z+3/4) (-x+1/2,y,-z+1/4) (x,-y+1/2,-z+3/4) (y+1/2,x+1/2,-z) (-y,-x,-z+1/2) (-x,-y+1/2,-z+1/4) (x+1/2,y,-z+3/4) (y,-x,-z) (-y+1/2,x+1/2,-z+1/2) (x+1/2,-y+1/2,z) (-x,y,z+1/2) (-y+1/2,-x,z+1/4) (y,x+1/2,z+3/4)"
I 41/a 2/c 2/d,428,16.0,f,..2,"(x,x,1/4) (-x+1/2,-x+1/2,3/4) (-x,x+1/2,1/2) (x+1/2,-x,0) (-x,-x+1/2,0) (x+1/2,x,1/2) (x,-x,3/4) (-x+1/2,x+1/2,1/4)"
I 41/a 2/c 2/d,428,16.0,e,.2.,"(1/4,y,1/8) (1/4,-y+1/2,5/8) (-y,3/4,3/8) (y+1/2,3/4,7/8) (3/4,-y+1/2,1/8) (3/4,y,5/8) (y,3/4,7/8) (-y+1/2,3/4,3/8)"
I 41/a 2/c 2/d,428,16.0,d,2..,"(0,0,z) (0,1/2,z+1/4) (1/2,0,-z+1/4) (1/2,1/2,-z) (0,1/2,-z+1/4) (0,0,-z) (1/2,1/2,z) (1/2,0,z+1/4)"
I 41/a 2/c 2/d,428,16.0,c,-1,"(0,1/4,1/8) (1/2,1/4,5/8) (3/4,1/2,3/8) (3/4,0,7/8) (1/2,1/4,1/8) (0,1/4,5/8) (3/4,1/2,7/8) (3/4,0,3/8)"
I 41/a 2/c 2/d,428,8.0,b,2.22,"(0,0,1/4) (0,1/2,1/2) (0,1/2,0) (0,0,3/4)"
I 41/a 2/c 2/d,428,8.0,a,-4..,"(0,0,0) (0,1/2,1/4) (1/2,0,1/4) (1/2,1/2,0)"
I 41/a 2/c 2/d,429,32.0,g,1,"(x,y,z) (-x+1/2,-y,z+1/2) (-y+1/4,x+3/4,z+1/4) (y+1/4,-x+1/4,z+3/4) (-x+1/2,y,-z) (x,-y,-z+1/2) (y+1/4,x+3/4,-z+3/4) (-y+1/4,-x+1/4,-z+1/4) (-x,-y,-z) (x+1/2,y,-z+1/2) (y+3/4,-x+1/4,-z+3/4) (-y+3/4,x+3/4,-z+1/4) (x+1/2,-y,z) (-x,y,z+1/2) (-y+3/4,-x+1/4,z+1/4) (y+3/4,x+3/4,z+3/4)"
I 41/a 2/c 2/d,429,16.0,f,..2,"(x,x+1/4,1/8) (-x+1/2,-x+3/4,5/8) (-x,x+3/4,3/8) (x+1/2,-x+1/4,7/8) (-x,-x+3/4,7/8) (x+1/2,x+1/4,3/8) (x,-x+1/4,5/8) (-x+1/2,x+3/4,1/8)"
I 41/a 2/c 2/d,429,16.0,e,.2.,"(x,0,1/4) (-x+1/2,0,3/4) (1/4,x+3/4,1/2) (1/4,-x+1/4,0) (-x,0,3/4) (x+1/2,0,1/4) (3/4,-x+1/4,1/2) (3/4,x+3/4,0)"
I 41/a 2/c 2/d,429,16.0,d,2..,"(0,1/4,z) (0,3/4,z+1/4) (1/2,1/4,-z) (1/2,3/4,-z+3/4) (0,3/4,-z) (0,1/4,-z+3/4) (1/2,3/4,z) (1/2,1/4,z+1/4)"
I 41/a 2/c 2/d,429,16.0,c,-1,"(0,0,0) (1/2,0,1/2) (1/4,3/4,1/4) (1/4,1/4,3/4) (1/2,0,0) (0,0,1/2) (1/4,3/4,3/4) (1/4,1/4,1/4)"
I 41/a 2/c 2/d,429,8.0,b,2.22,"(0,1/4,1/8) (0,3/4,3/8) (0,3/4,7/8) (0,1/4,5/8)"
I 41/a 2/c 2/d,429,8.0,a,-4..,"(0,1/4,3/8) (0,3/4,5/8) (1/2,1/4,5/8) (1/2,3/4,3/8)"
P 3,430,3.0,d,1,"(x,y,z) (-y,x-y,z) (-x+y,-x,z)"
P 3,430,1.0,c,3..,"(2/3,1/3,z)"
P 3,430,1.0,b,3..,"(1/3,2/3,z)"
P 3,430,1.0,a,3..,"(0,0,z)"
P 31,431,3.0,a,1,"(x,y,z) (-y,x-y,z+1/3) (-x+y,-x,z+2/3)"
P 32,432,3.0,a,1,"(x,y,z) (-y,x-y,z+2/3) (-x+y,-x,z+1/3)"
R 3,433,9.0,b,1,"(x,y,z) (-y,x-y,z) (-x+y,-x,z)"
R 3,433,3.0,a,3,"(0,0,z)"
R 3,434,3.0,b,1,"(x,y,z) (z,x,y) (y,z,x)"
R 3,434,1.0,a,3,"(x,x,x)"
P -3,435,6.0,g,1,"(x,y,z) (-y,x-y,z) (-x+y,-x,z) (-x,-y,-z) (y,-x+y,-z) (x-y,x,-z)"
P -3,435,3.0,f,-1,"(1/2,0,1/2) (0,1/2,1/2) (1/2,1/2,1/2)"
P -3,435,3.0,e,-1,"(1/2,0,0) (0,1/2,0) (1/2,1/2,0)"
P -3,435,2.0,d,3..,"(1/3,2/3,z) (2/3,1/3,-z)"
P -3,435,2.0,c,3..,"(0,0,z) (0,0,-z)"
P -3,435,1.0,b,-3..,"(0,0,1/2)"
P -3,435,1.0,a,-3..,"(0,0,0)"
R -3,436,18.0,f,1,"(x,y,z) (-y,x-y,z) (-x+y,-x,z) (-x,-y,-z) (y,-x+y,-z) (x-y,x,-z)"
R -3,436,9.0,e,-1,"(1/2,0,0) (0,1/2,0) (1/2,1/2,0)"
R -3,436,9.0,d,-1,"(1/2,0,1/2) (0,1/2,1/2) (1/2,1/2,1/2)"
R -3,436,6.0,c,3,"(0,0,z) (0,0,-z)"
R -3,436,3.0,b,-3,"(0,0,1/2)"
R -3,436,3.0,a,-3,"(0,0,0)"
R -3,437,6.0,f,1,"(x,y,z) (z,x,y) (y,z,x) (-x,-y,-z) (-z,-x,-y) (-y,-z,-x)"
R -3,437,3.0,e,-1,"(0,1/2,1/2) (1/2,0,1/2) (1/2,1/2,0)"
R -3,437,3.0,d,-1,"(1/2,0,0) (0,1/2,0) (0,0,1/2)"
R -3,437,2.0,c,3,"(x,x,x) (-x,-x,-x)"
R -3,437,1.0,b,-3,"(1/2,1/2,1/2)"
R -3,437,1.0,a,-3,"(0,0,0)"
P 3 1 2,438,6.0,l,1,"(x,y,z) (-y,x-y,z) (-x+y,-x,z) (-y,-x,-z) (-x+y,y,-z) (x,x-y,-z)"
P 3 1 2,438,3.0,k,..2,"(x,-x,1/2) (x,2x,1/2) (-2x,-x,1/2)"
P 3 1 2,438,3.0,j,..2,"(x,-x,0) (x,2x,0) (-2x,-x,0)"
P 3 1 2,438,2.0,i,3..,"(2/3,1/3,z) (2/3,1/3,-z)"
P 3 1 2,438,2.0,h,3..,"(1/3,2/3,z) (1/3,2/3,-z)"
P 3 1 2,438,2.0,g,3..,"(0,0,z) (0,0,-z)"
P 3 1 2,438,1.0,f,3.2,"(2/3,1/3,1/2)"
P 3 1 2,438,1.0,e,3.2,"(2/3,1/3,0)"
P 3 1 2,438,1.0,d,3.2,"(1/3,2/3,1/2)"
P 3 1 2,438,1.0,c,3.2,"(1/3,2/3,0)"
P 3 1 2,438,1.0,b,3.2,"(0,0,1/2)"
P 3 1 2,438,1.0,a,3.2,"(0,0,0)"
P 3 2 1,439,6.0,g,1,"(x,y,z) (-y,x-y,z) (-x+y,-x,z) (y,x,-z) (x-y,-y,-z) (-x,-x+y,-z)"
P 3 2 1,439,3.0,f,.2.,"(x,0,1/2) (0,x,1/2) (-x,-x,1/2)"
P 3 2 1,439,3.0,e,.2.,"(x,0,0) (0,x,0) (-x,-x,0)"
P 3 2 1,439,2.0,d,3..,"(1/3,2/3,z) (2/3,1/3,-z)"
P 3 2 1,439,2.0,c,3..,"(0,0,z) (0,0,-z)"
P 3 2 1,439,1.0,b,32,"(0,0,1/2)"
P 3 2 1,439,1.0,a,32,"(0,0,0)"
P 31 1 2,440,6.0,c,1,"(x,y,z) (-y,x-y,z+1/3) (-x+y,-x,z+2/3) (-y,-x,-z+2/3) (-x+y,y,-z+1/3) (x,x-y,-z)"
P 31 1 2,440,3.0,b,..2,"(x,-x,5/6) (x,2x,1/6) (-2x,-x,1/2)"
P 31 1 2,440,3.0,a,..2,"(x,-x,1/3) (x,2x,2/3) (-2x,-x,0)"
P 31 2 1,441,6.0,c,1,"(x,y,z) (-y,x-y,z+1/3) (-x+y,-x,z+2/3) (y,x,-z) (x-y,-y,-z+2/3) (-x,-x+y,-z+1/3)"
P 31 2 1,441,3.0,b,.2.,"(x,0,5/6) (0,x,1/6) (-x,-x,1/2)"
P 31 2 1,441,3.0,a,.2.,"(x,0,1/3) (0,x,2/3) (-x,-x,0)"
P 32 1 2,442,6.0,c,1,"(x,y,z) (-y,x-y,z+2/3) (-x+y,-x,z+1/3) (-y,-x,-z+1/3) (-x+y,y,-z+2/3) (x,x-y,-z)"
P 32 1 2,442,3.0,b,..2,"(x,-x,1/6) (x,2x,5/6) (-2x,-x,1/2)"
P 32 1 2,442,3.0,a,..2,"(x,-x,2/3) (x,2x,1/3) (-2x,-x,0)"
P 32 2 1,443,6.0,c,1,"(x,y,z) (-y,x-y,z+2/3) (-x+y,-x,z+1/3) (y,x,-z) (x-y,-y,-z+1/3) (-x,-x+y,-z+2/3)"
P 32 2 1,443,3.0,b,.2.,"(x,0,1/6) (0,x,5/6) (-x,-x,1/2)"
P 32 2 1,443,3.0,a,.2.,"(x,0,2/3) (0,x,1/3) (-x,-x,0)"
R 3 2,444,18.0,f,1,"(x,y,z) (-y,x-y,z) (-x+y,-x,z) (y,x,-z) (x-y,-y,-z) (-x,-x+y,-z)"
R 3 2,444,9.0,e,0.2,"(x,0,1/2) (0,x,1/2) (-x,-x,1/2)"
R 3 2,444,9.0,d,0.2,"(x,0,0) (0,x,0) (-x,-x,0)"
R 3 2,444,6.0,c,3,"(0,0,z) (0,0,-z)"
R 3 2,444,3.0,b,32,"(0,0,1/2)"
R 3 2,444,3.0,a,32,"(0,0,0)"
R 3 2,445,6.0,f,1,"(x,y,z) (z,x,y) (y,z,x) (-y,-x,-z) (-x,-z,-y) (-z,-y,-x)"
R 3 2,445,3.0,e,0.2,"(1/2,y,-y) (-y,1/2,y) (y,-y,1/2)"
R 3 2,445,3.0,d,0.2,"(0,y,-y) (-y,0,y) (y,-y,0)"
R 3 2,445,2.0,c,3,"(x,x,x) (-x,-x,-x)"
R 3 2,445,1.0,b,32,"(1/2,1/2,1/2)"
R 3 2,445,1.0,a,32,"(0,0,0)"
P 3 m 1,446,6.0,e,1,"(x,y,z) (-y,x-y,z) (-x+y,-x,z) (-y,-x,z) (-x+y,y,z) (x,x-y,z)"
P 3 m 1,446,3.0,d,.m.,"(x,-x,z) (x,2x,z) (-2x,-x,z)"
P 3 m 1,446,1.0,c,3m.,"(2/3,1/3,z)"
P 3 m 1,446,1.0,b,3m.,"(1/3,2/3,z)"
P 3 m 1,446,1.0,a,3m.,"(0,0,z)"
P 3 1 m,447,6.0,d,1,"(x,y,z) (-y,x-y,z) (-x+y,-x,z) (y,x,z) (x-y,-y,z) (-x,-x+y,z)"
P 3 1 m,447,3.0,c,..m,"(x,0,z) (0,x,z) (-x,-x,z)"
P 3 1 m,447,2.0,b,3..,"(1/3,2/3,z) (2/3,1/3,z)"
P 3 1 m,447,1.0,a,3.m,"(0,0,z)"
P 3 c 1,448,6.0,d,1,"(x,y,z) (-y,x-y,z) (-x+y,-x,z) (-y,-x,z+1/2) (-x+y,y,z+1/2) (x,x-y,z+1/2)"
P 3 c 1,448,2.0,c,3..,"(2/3,1/3,z) (2/3,1/3,z+1/2)"
P 3 c 1,448,2.0,b,3..,"(1/3,2/3,z) (1/3,2/3,z+1/2)"
P 3 c 1,448,2.0,a,3..,"(0,0,z) (0,0,z+1/2)"
P 3 1 c,449,6.0,c,1,"(x,y,z) (-y,x-y,z) (-x+y,-x,z) (y,x,z+1/2) (x-y,-y,z+1/2) (-x,-x+y,z+1/2)"
P 3 1 c,449,2.0,b,3..,"(1/3,2/3,z) (2/3,1/3,z+1/2)"
P 3 1 c,449,2.0,a,3..,"(0,0,z) (0,0,z+1/2)"
R 3 m,450,18.0,c,1,"(x,y,z) (-y,x-y,z) (-x+y,-x,z) (-y,-x,z) (-x+y,y,z) (x,x-y,z)"
R 3 m,450,9.0,b,.m,"(x,-x,z) (x,2x,z) (-2x,-x,z)"
R 3 m,450,3.0,a,3m,"(0,0,z)"
R 3 m,451,6.0,c,1,"(x,y,z) (z,x,y) (y,z,x) (y,x,z) (x,z,y) (z,y,x)"
R 3 m,451,3.0,b,.m,"(x,x,z) (z,x,x) (x,z,x)"
R 3 m,451,1.0,a,3m,"(x,x,x)"
R 3 c,452,18.0,b,1,"(x,y,z) (-y,x-y,z) (-x+y,-x,z) (-y,-x,z+1/2) (-x+y,y,z+1/2) (x,x-y,z+1/2)"
R 3 c,452,6.0,a,3,"(0,0,z) (0,0,z+1/2)"
R 3 c,453,6.0,b,1,"(x,y,z) (z,x,y) (y,z,x) (y+1/2,x+1/2,z+1/2) (x+1/2,z+1/2,y+1/2) (z+1/2,y+1/2,x+1/2)"
R 3 c,453,2.0,a,3,"(x,x,x) (x+1/2,x+1/2,x+1/2)"
P -3 1 2/m,454,12.0,l,1,"(x,y,z) (-y,x-y,z) (-x+y,-x,z) (-y,-x,-z) (-x+y,y,-z) (x,x-y,-z) (-x,-y,-z) (y,-x+y,-z) (x-y,x,-z) (y,x,z) (x-y,-y,z) (-x,-x+y,z)"
P -3 1 2/m,454,6.0,k,..m,"(x,0,z) (0,x,z) (-x,-x,z) (0,-x,-z) (-x,0,-z) (x,x,-z)"
P -3 1 2/m,454,6.0,j,..2,"(x,-x,1/2) (x,2x,1/2) (-2x,-x,1/2) (-x,x,1/2) (-x,-2x,1/2) (2x,x,1/2)"
P -3 1 2/m,454,6.0,i,..2,"(x,-x,0) (x,2x,0) (-2x,-x,0) (-x,x,0) (-x,-2x,0) (2x,x,0)"
P -3 1 2/m,454,4.0,h,3..,"(1/3,2/3,z) (1/3,2/3,-z) (2/3,1/3,-z) (2/3,1/3,z)"
P -3 1 2/m,454,3.0,g,..2/m,"(1/2,0,1/2) (0,1/2,1/2) (1/2,1/2,1/2)"
P -3 1 2/m,454,3.0,f,..2/m,"(1/2,0,0) (0,1/2,0) (1/2,1/2,0)"
P -3 1 2/m,454,2.0,e,3.m,"(0,0,z) (0,0,-z)"
P -3 1 2/m,454,2.0,d,3.2,"(1/3,2/3,1/2) (2/3,1/3,1/2)"
P -3 1 2/m,454,2.0,c,3.2,"(1/3,2/3,0) (2/3,1/3,0)"
P -3 1 2/m,454,1.0,b,-3.m,"(0,0,1/2)"
P -3 1 2/m,454,1.0,a,-3.m,"(0,0,0)"
P -3 1 2/c,455,12.0,i,1,"(x,y,z) (-y,x-y,z) (-x+y,-x,z) (-y,-x,-z+1/2) (-x+y,y,-z+1/2) (x,x-y,-z+1/2) (-x,-y,-z) (y,-x+y,-z) (x-y,x,-z) (y,x,z+1/2) (x-y,-y,z+1/2) (-x,-x+y,z+1/2)"
P -3 1 2/c,455,6.0,h,..2,"(x,-x,1/4) (x,2x,1/4) (-2x,-x,1/4) (-x,x,3/4) (-x,-2x,3/4) (2x,x,3/4)"
P -3 1 2/c,455,6.0,g,-1,"(1/2,0,0) (0,1/2,0) (1/2,1/2,0) (0,1/2,1/2) (1/2,0,1/2) (1/2,1/2,1/2)"
P -3 1 2/c,455,4.0,f,3..,"(1/3,2/3,z) (1/3,2/3,-z+1/2) (2/3,1/3,-z) (2/3,1/3,z+1/2)"
P -3 1 2/c,455,4.0,e,3..,"(0,0,z) (0,0,-z+1/2) (0,0,-z) (0,0,z+1/2)"
P -3 1 2/c,455,2.0,d,3.2,"(2/3,1/3,1/4) (1/3,2/3,3/4)"
P -3 1 2/c,455,2.0,c,3.2,"(1/3,2/3,1/4) (2/3,1/3,3/4)"
P -3 1 2/c,455,2.0,b,-3..,"(0,0,0) (0,0,1/2)"
P -3 1 2/c,455,2.0,a,3.2,"(0,0,1/4) (0,0,3/4)"
P -3 2/m 1,456,12.0,j,1,"(x,y,z) (-y,x-y,z) (-x+y,-x,z) (y,x,-z) (x-y,-y,-z) (-x,-x+y,-z) (-x,-y,-z) (y,-x+y,-z) (x-y,x,-z) (-y,-x,z) (-x+y,y,z) (x,x-y,z)"
P -3 2/m 1,456,6.0,i,.m.,"(x,-x,z) (x,2x,z) (-2x,-x,z) (-x,x,-z) (2x,x,-z) (-x,-2x,-z)"
P -3 2/m 1,456,6.0,h,.2.,"(x,0,1/2) (0,x,1/2) (-x,-x,1/2) (-x,0,1/2) (0,-x,1/2) (x,x,1/2)"
P -3 2/m 1,456,6.0,g,.2.,"(x,0,0) (0,x,0) (-x,-x,0) (-x,0,0) (0,-x,0) (x,x,0)"
P -3 2/m 1,456,3.0,f,.2/m.,"(1/2,0,1/2) (0,1/2,1/2) (1/2,1/2,1/2)"
P -3 2/m 1,456,3.0,e,.2/m.,"(1/2,0,0) (0,1/2,0) (1/2,1/2,0)"
P -3 2/m 1,456,2.0,d,3m.,"(1/3,2/3,z) (2/3,1/3,-z)"
P -3 2/m 1,456,2.0,c,3m.,"(0,0,z) (0,0,-z)"
P -3 2/m 1,456,1.0,b,-3m.,"(0,0,1/2)"
P -3 2/m 1,456,1.0,a,-3m.,"(0,0,0)"
P -3 2/c 1,457,12.0,g,1,"(x,y,z) (-y,x-y,z) (-x+y,-x,z) (y,x,-z+1/2) (x-y,-y,-z+1/2) (-x,-x+y,-z+1/2) (-x,-y,-z) (y,-x+y,-z) (x-y,x,-z) (-y,-x,z+1/2) (-x+y,y,z+1/2) (x,x-y,z+1/2)"
P -3 2/c 1,457,6.0,f,.2.,"(x,0,1/4) (0,x,1/4) (-x,-x,1/4) (-x,0,3/4) (0,-x,3/4) (x,x,3/4)"
P -3 2/c 1,457,6.0,e,-1,"(1/2,0,0) (0,1/2,0) (1/2,1/2,0) (0,1/2,1/2) (1/2,0,1/2) (1/2,1/2,1/2)"
P -3 2/c 1,457,4.0,d,3..,"(1/3,2/3,z) (2/3,1/3,-z+1/2) (2/3,1/3,-z) (1/3,2/3,z+1/2)"
P -3 2/c 1,457,4.0,c,3..,"(0,0,z) (0,0,-z+1/2) (0,0,-z) (0,0,z+1/2)"
P -3 2/c 1,457,2.0,b,-3..,"(0,0,0) (0,0,1/2)"
P -3 2/c 1,457,2.0,a,32,"(0,0,1/4) (0,0,3/4)"
R -3 2/m,458,36.0,i,1,"(x,y,z) (-y,x-y,z) (-x+y,-x,z) (y,x,-z) (x-y,-y,-z) (-x,-x+y,-z) (-x,-y,-z) (y,-x+y,-z) (x-y,x,-z) (-y,-x,z) (-x+y,y,z) (x,x-y,z)"
R -3 2/m,458,18.0,h,.m,"(x,-x,z) (x,2x,z) (-2x,-x,z) (-x,x,-z) (2x,x,-z) (-x,-2x,-z)"
R -3 2/m,458,18.0,g,0.2,"(x,0,1/2) (0,x,1/2) (-x,-x,1/2) (-x,0,1/2) (0,-x,1/2) (x,x,1/2)"
R -3 2/m,458,18.0,f,0.2,"(x,0,0) (0,x,0) (-x,-x,0) (-x,0,0) (0,-x,0) (x,x,0)"
R -3 2/m,458,9.0,e,.2/m,"(1/2,0,0) (0,1/2,0) (1/2,1/2,0)"
R -3 2/m,458,9.0,d,.2/m,"(1/2,0,1/2) (0,1/2,1/2) (1/2,1/2,1/2)"
R -3 2/m,458,6.0,c,3m,"(0,0,z) (0,0,-z)"
R -3 2/m,458,3.0,b,-3m,"(0,0,1/2)"
R -3 2/m,458,3.0,a,-3m,"(0,0,0)"
R -3 2/m,459,12.0,i,1,"(x,y,z) (z,x,y) (y,z,x) (-y,-x,-z) (-x,-z,-y) (-z,-y,-x) (-x,-y,-z) (-z,-x,-y) (-y,-z,-x) (y,x,z) (x,z,y) (z,y,x)"
R -3 2/m,459,6.0,h,.m,"(x,x,z) (z,x,x) (x,z,x) (-x,-x,-z) (-x,-z,-x) (-z,-x,-x)"
R -3 2/m,459,6.0,g,0.2,"(x,-x,1/2) (1/2,x,-x) (-x,1/2,x) (-x,x,1/2) (1/2,-x,x) (x,1/2,-x)"
R -3 2/m,459,6.0,f,0.2,"(x,-x,0) (0,x,-x) (-x,0,x) (-x,x,0) (0,-x,x) (x,0,-x)"
R -3 2/m,459,3.0,e,.2/m,"(0,1/2,1/2) (1/2,0,1/2) (1/2,1/2,0)"
R -3 2/m,459,3.0,d,.2/m,"(1/2,0,0) (0,1/2,0) (0,0,1/2)"
R -3 2/m,459,2.0,c,3m,"(x,x,x) (-x,-x,-x)"
R -3 2/m,459,1.0,b,-3m,"(1/2,1/2,1/2)"
R -3 2/m,459,1.0,a,-3m,"(0,0,0)"
R -3 2/c,460,36.0,f,1,"(x,y,z) (-y,x-y,z) (-x+y,-x,z) (y,x,-z+1/2) (x-y,-y,-z+1/2) (-x,-x+y,-z+1/2) (-x,-y,-z) (y,-x+y,-z) (x-y,x,-z) (-y,-x,z+1/2) (-x+y,y,z+1/2) (x,x-y,z+1/2)"
R -3 2/c,460,18.0,e,0.2,"(x,0,1/4) (0,x,1/4) (-x,-x,1/4) (-x,0,3/4) (0,-x,3/4) (x,x,3/4)"
R -3 2/c,460,18.0,d,-1,"(1/2,0,0) (0,1/2,0) (1/2,1/2,0) (0,1/2,1/2) (1/2,0,1/2) (1/2,1/2,1/2)"
R -3 2/c,460,12.0,c,3,"(0,0,z) (0,0,-z+1/2) (0,0,-z) (0,0,z+1/2)"
R -3 2/c,460,6.0,b,-3,"(0,0,0) (0,0,1/2)"
R -3 2/c,460,6.0,a,32,"(0,0,1/4) (0,0,3/4)"
R -3 2/c,461,12.0,f,1,"(x,y,z) (z,x,y) (y,z,x) (-y+1/2,-x+1/2,-z+1/2) (-x+1/2,-z+1/2,-y+1/2) (-z+1/2,-y+1/2,-x+1/2) (-x,-y,-z) (-z,-x,-y) (-y,-z,-x) (y+1/2,x+1/2,z+1/2) (x+1/2,z+1/2,y+1/2) (z+1/2,y+1/2,x+1/2)"
R -3 2/c,461,6.0,e,0.2,"(x,-x+1/2,1/4) (1/4,x,-x+1/2) (-x+1/2,1/4,x) (-x,x+1/2,3/4) (3/4,-x,x+1/2) (x+1/2,3/4,-x)"
R -3 2/c,461,6.0,d,-1,"(1/2,0,0) (0,1/2,0) (0,0,1/2) (1/2,0,1/2) (0,1/2,1/2) (1/2,1/2,0)"
R -3 2/c,461,4.0,c,3,"(x,x,x) (-x+1/2,-x+1/2,-x+1/2) (-x,-x,-x) (x+1/2,x+1/2,x+1/2)"
R -3 2/c,461,2.0,b,-3,"(0,0,0) (1/2,1/2,1/2)"
R -3 2/c,461,2.0,a,32,"(1/4,1/4,1/4) (3/4,3/4,3/4)"
P 6,462,6.0,d,1,"(x,y,z) (-y,x-y,z) (-x+y,-x,z) (-x,-y,z) (y,-x+y,z) (x-y,x,z)"
P 6,462,3.0,c,2..,"(1/2,0,z) (0,1/2,z) (1/2,1/2,z)"
P 6,462,2.0,b,3..,"(1/3,2/3,z) (2/3,1/3,z)"
P 6,462,1.0,a,6..,"(0,0,z)"
P 61,463,6.0,a,1,"(x,y,z) (-y,x-y,z+1/3) (-x+y,-x,z+2/3) (-x,-y,z+1/2) (y,-x+y,z+5/6) (x-y,x,z+1/6)"
P 65,464,6.0,a,1,"(x,y,z) (-y,x-y,z+2/3) (-x+y,-x,z+1/3) (-x,-y,z+1/2) (y,-x+y,z+1/6) (x-y,x,z+5/6)"
P 62,465,6.0,c,1,"(x,y,z) (-y,x-y,z+2/3) (-x+y,-x,z+1/3) (-x,-y,z) (y,-x+y,z+2/3) (x-y,x,z+1/3)"
P 62,465,3.0,b,2..,"(1/2,1/2,z) (1/2,0,z+2/3) (0,1/2,z+1/3)"
P 62,465,3.0,a,2..,"(0,0,z) (0,0,z+2/3) (0,0,z+1/3)"
P 64,466,6.0,c,1,"(x,y,z) (-y,x-y,z+1/3) (-x+y,-x,z+2/3) (-x,-y,z) (y,-x+y,z+1/3) (x-y,x,z+2/3)"
P 64,466,3.0,b,2..,"(1/2,1/2,z) (1/2,0,z+1/3) (0,1/2,z+2/3)"
P 64,466,3.0,a,2..,"(0,0,z) (0,0,z+1/3) (0,0,z+2/3)"
P 63,467,6.0,c,1,"(x,y,z) (-y,x-y,z) (-x+y,-x,z) (-x,-y,z+1/2) (y,-x+y,z+1/2) (x-y,x,z+1/2)"
P 63,467,2.0,b,3..,"(1/3,2/3,z) (2/3,1/3,z+1/2)"
P 63,467,2.0,a,3..,"(0,0,z) (0,0,z+1/2)"
P -6,468,6.0,l,1,"(x,y,z) (-y,x-y,z) (-x+y,-x,z) (x,y,-z) (-y,x-y,-z) (-x+y,-x,-z)"
P -6,468,3.0,k,m..,"(x,y,1/2) (-y,x-y,1/2) (-x+y,-x,1/2)"
P -6,468,3.0,j,m..,"(x,y,0) (-y,x-y,0) (-x+y,-x,0)"
P -6,468,2.0,i,3..,"(2/3,1/3,z) (2/3,1/3,-z)"
P -6,468,2.0,h,3..,"(1/3,2/3,z) (1/3,2/3,-z)"
P -6,468,2.0,g,3..,"(0,0,z) (0,0,-z)"
P -6,468,1.0,f,-6..,"(2/3,1/3,1/2)"
P -6,468,1.0,e,-6..,"(2/3,1/3,0)"
P -6,468,1.0,d,-6..,"(1/3,2/3,1/2)"
P -6,468,1.0,c,-6..,"(1/3,2/3,0)"
P -6,468,1.0,b,-6..,"(0,0,1/2)"
P -6,468,1.0,a,-6..,"(0,0,0)"
P 6/m,469,12.0,l,1,"(x,y,z) (-y,x-y,z) (-x+y,-x,z) (-x,-y,z) (y,-x+y,z) (x-y,x,z) (-x,-y,-z) (y,-x+y,-z) (x-y,x,-z) (x,y,-z) (-y,x-y,-z) (-x+y,-x,-z)"
P 6/m,469,6.0,k,m..,"(x,y,1/2) (-y,x-y,1/2) (-x+y,-x,1/2) (-x,-y,1/2) (y,-x+y,1/2) (x-y,x,1/2)"
P 6/m,469,6.0,j,m..,"(x,y,0) (-y,x-y,0) (-x+y,-x,0) (-x,-y,0) (y,-x+y,0) (x-y,x,0)"
P 6/m,469,6.0,i,2..,"(1/2,0,z) (0,1/2,z) (1/2,1/2,z) (1/2,0,-z) (0,1/2,-z) (1/2,1/2,-z)"
P 6/m,469,4.0,h,3..,"(1/3,2/3,z) (2/3,1/3,z) (2/3,1/3,-z) (1/3,2/3,-z)"
P 6/m,469,3.0,g,2/m..,"(1/2,0,1/2) (0,1/2,1/2) (1/2,1/2,1/2)"
P 6/m,469,3.0,f,2/m..,"(1/2,0,0) (0,1/2,0) (1/2,1/2,0)"
P 6/m,469,2.0,e,6..,"(0,0,z) (0,0,-z)"
P 6/m,469,2.0,d,-6..,"(1/3,2/3,1/2) (2/3,1/3,1/2)"
P 6/m,469,2.0,c,-6..,"(1/3,2/3,0) (2/3,1/3,0)"
P 6/m,469,1.0,b,6/m..,"(0,0,1/2)"
P 6/m,469,1.0,a,6/m..,"(0,0,0)"
P 63/m,470,12.0,i,1,"(x,y,z) (-y,x-y,z) (-x+y,-x,z) (-x,-y,z+1/2) (y,-x+y,z+1/2) (x-y,x,z+1/2) (-x,-y,-z) (y,-x+y,-z) (x-y,x,-z) (x,y,-z+1/2) (-y,x-y,-z+1/2) (-x+y,-x,-z+1/2)"
P 63/m,470,6.0,h,m..,"(x,y,1/4) (-y,x-y,1/4) (-x+y,-x,1/4) (-x,-y,3/4) (y,-x+y,3/4) (x-y,x,3/4)"
P 63/m,470,6.0,g,-1,"(1/2,0,0) (0,1/2,0) (1/2,1/2,0) (1/2,0,1/2) (0,1/2,1/2) (1/2,1/2,1/2)"
P 63/m,470,4.0,f,3..,"(1/3,2/3,z) (2/3,1/3,z+1/2) (2/3,1/3,-z) (1/3,2/3,-z+1/2)"
P 63/m,470,4.0,e,3..,"(0,0,z) (0,0,z+1/2) (0,0,-z) (0,0,-z+1/2)"
P 63/m,470,2.0,d,-6..,"(2/3,1/3,1/4) (1/3,2/3,3/4)"
P 63/m,470,2.0,c,-6..,"(1/3,2/3,1/4) (2/3,1/3,3/4)"
P 63/m,470,2.0,b,-3..,"(0,0,0) (0,0,1/2)"
P 63/m,470,2.0,a,-6..,"(0,0,1/4) (0,0,3/4)"
P 6 2 2,471,12.0,n,1,"(x,y,z) (-y,x-y,z) (-x+y,-x,z) (-x,-y,z) (y,-x+y,z) (x-y,x,z) (y,x,-z) (x-y,-y,-z) (-x,-x+y,-z) (-y,-x,-z) (-x+y,y,-z) (x,x-y,-z)"
P 6 2 2,471,6.0,m,..2,"(x,-x,1/2) (x,2x,1/2) (-2x,-x,1/2) (-x,x,1/2) (-x,-2x,1/2) (2x,x,1/2)"
P 6 2 2,471,6.0,l,..2,"(x,-x,0) (x,2x,0) (-2x,-x,0) (-x,x,0) (-x,-2x,0) (2x,x,0)"
P 6 2 2,471,6.0,k,.2.,"(x,0,1/2) (0,x,1/2) (-x,-x,1/2) (-x,0,1/2) (0,-x,1/2) (x,x,1/2)"
P 6 2 2,471,6.0,j,.2.,"(x,0,0) (0,x,0) (-x,-x,0) (-x,0,0) (0,-x,0) (x,x,0)"
P 6 2 2,471,6.0,i,2..,"(1/2,0,z) (0,1/2,z) (1/2,1/2,z) (0,1/2,-z) (1/2,0,-z) (1/2,1/2,-z)"
P 6 2 2,471,4.0,h,3..,"(1/3,2/3,z) (2/3,1/3,z) (2/3,1/3,-z) (1/3,2/3,-z)"
P 6 2 2,471,3.0,g,222,"(1/2,0,1/2) (0,1/2,1/2) (1/2,1/2,1/2)"
P 6 2 2,471,3.0,f,222,"(1/2,0,0) (0,1/2,0) (1/2,1/2,0)"
P 6 2 2,471,2.0,e,6..,"(0,0,z) (0,0,-z)"
P 6 2 2,471,2.0,d,3.2,"(1/3,2/3,1/2) (2/3,1/3,1/2)"
P 6 2 2,471,2.0,c,3.2,"(1/3,2/3,0) (2/3,1/3,0)"
P 6 2 2,471,1.0,b,622,"(0,0,1/2)"
P 6 2 2,471,1.0,a,622,"(0,0,0)"
P 61 2 2,472,12.0,c,1,"(x,y,z) (-y,x-y,z+1/3) (-x+y,-x,z+2/3) (-x,-y,z+1/2) (y,-x+y,z+5/6) (x-y,x,z+1/6) (y,x,-z+1/3) (x-y,-y,-z) (-x,-x+y,-z+2/3) (-y,-x,-z+5/6) (-x+y,y,-z+1/2) (x,x-y,-z+1/6)"
P 61 2 2,472,6.0,b,..2,"(x,2x,1/4) (-2x,-x,7/12) (x,-x,11/12) (-x,-2x,3/4) (2x,x,1/12) (-x,x,5/12)"
P 61 2 2,472,6.0,a,.2.,"(x,0,0) (0,x,1/3) (-x,-x,2/3) (-x,0,1/2) (0,-x,5/6) (x,x,1/6)"
P 65 2 2,473,12.0,c,1,"(x,y,z) (-y,x-y,z+2/3) (-x+y,-x,z+1/3) (-x,-y,z+1/2) (y,-x+y,z+1/6) (x-y,x,z+5/6) (y,x,-z+2/3) (x-y,-y,-z) (-x,-x+y,-z+1/3) (-y,-x,-z+1/6) (-x+y,y,-z+1/2) (x,x-y,-z+5/6)"
P 65 2 2,473,6.0,b,..2,"(x,2x,3/4) (-2x,-x,5/12) (x,-x,1/12) (-x,-2x,1/4) (2x,x,11/12) (-x,x,7/12)"
P 65 2 2,473,6.0,a,.2.,"(x,0,0) (0,x,2/3) (-x,-x,1/3) (-x,0,1/2) (0,-x,1/6) (x,x,5/6)"
P 62 2 2,474,12.0,k,1,"(x,y,z) (-y,x-y,z+2/3) (-x+y,-x,z+1/3) (-x,-y,z) (y,-x+y,z+2/3) (x-y,x,z+1/3) (y,x,-z+2/3) (x-y,-y,-z) (-x,-x+y,-z+1/3) (-y,-x,-z+2/3) (-x+y,y,-z) (x,x-y,-z+1/3)"
P 62 2 2,474,6.0,j,..2,"(x,2x,1/2) (-2x,-x,1/6) (x,-x,5/6) (-x,-2x,1/2) (2x,x,1/6) (-x,x,5/6)"
P 62 2 2,474,6.0,i,..2,"(x,2x,0) (-2x,-x,2/3) (x,-x,1/3) (-x,-2x,0) (2x,x,2/3) (-x,x,1/3)"
P 62 2 2,474,6.0,h,.2.,"(x,0,1/2) (0,x,1/6) (-x,-x,5/6) (-x,0,1/2) (0,-x,1/6) (x,x,5/6)"
P 62 2 2,474,6.0,g,.2.,"(x,0,0) (0,x,2/3) (-x,-x,1/3) (-x,0,0) (0,-x,2/3) (x,x,1/3)"
P 62 2 2,474,6.0,f,2..,"(1/2,0,z) (0,1/2,z+2/3) (1/2,1/2,z+1/3) (0,1/2,-z+2/3) (1/2,0,-z) (1/2,1/2,-z+1/3)"
P 62 2 2,474,6.0,e,2..,"(0,0,z) (0,0,z+2/3) (0,0,z+1/3) (0,0,-z+2/3) (0,0,-z) (0,0,-z+1/3)"
P 62 2 2,474,3.0,d,222,"(1/2,0,1/2) (0,1/2,1/6) (1/2,1/2,5/6)"
P 62 2 2,474,3.0,c,222,"(1/2,0,0) (0,1/2,2/3) (1/2,1/2,1/3)"
P 62 2 2,474,3.0,b,222,"(0,0,1/2) (0,0,1/6) (0,0,5/6)"
P 62 2 2,474,3.0,a,222,"(0,0,0) (0,0,2/3) (0,0,1/3)"
P 64 2 2,475,12.0,k,1,"(x,y,z) (-y,x-y,z+1/3) (-x+y,-x,z+2/3) (-x,-y,z) (y,-x+y,z+1/3) (x-y,x,z+2/3) (y,x,-z+1/3) (x-y,-y,-z) (-x,-x+y,-z+2/3) (-y,-x,-z+1/3) (-x+y,y,-z) (x,x-y,-z+2/3)"
P 64 2 2,475,6.0,j,..2,"(x,2x,1/2) (-2x,-x,5/6) (x,-x,1/6) (-x,-2x,1/2) (2x,x,5/6) (-x,x,1/6)"
P 64 2 2,475,6.0,i,..2,"(x,2x,0) (-2x,-x,1/3) (x,-x,2/3) (-x,-2x,0) (2x,x,1/3) (-x,x,2/3)"
P 64 2 2,475,6.0,h,.2.,"(x,0,1/2) (0,x,5/6) (-x,-x,1/6) (-x,0,1/2) (0,-x,5/6) (x,x,1/6)"
P 64 2 2,475,6.0,g,.2.,"(x,0,0) (0,x,1/3) (-x,-x,2/3) (-x,0,0) (0,-x,1/3) (x,x,2/3)"
P 64 2 2,475,6.0,f,2..,"(1/2,0,z) (0,1/2,z+1/3) (1/2,1/2,z+2/3) (0,1/2,-z+1/3) (1/2,0,-z) (1/2,1/2,-z+2/3)"
P 64 2 2,475,6.0,e,2..,"(0,0,z) (0,0,z+1/3) (0,0,z+2/3) (0,0,-z+1/3) (0,0,-z) (0,0,-z+2/3)"
P 64 2 2,475,3.0,d,222,"(1/2,0,1/2) (0,1/2,5/6) (1/2,1/2,1/6)"
P 64 2 2,475,3.0,c,222,"(1/2,0,0) (0,1/2,1/3) (1/2,1/2,2/3)"
P 64 2 2,475,3.0,b,222,"(0,0,1/2) (0,0,5/6) (0,0,1/6)"
P 64 2 2,475,3.0,a,222,"(0,0,0) (0,0,1/3) (0,0,2/3)"
P 63 2 2,476,12.0,i,1,"(x,y,z) (-y,x-y,z) (-x+y,-x,z) (-x,-y,z+1/2) (y,-x+y,z+1/2) (x-y,x,z+1/2) (y,x,-z) (x-y,-y,-z) (-x,-x+y,-z) (-y,-x,-z+1/2) (-x+y,y,-z+1/2) (x,x-y,-z+1/2)"
P 63 2 2,476,6.0,h,..2,"(x,2x,1/4) (-2x,-x,1/4) (x,-x,1/4) (-x,-2x,3/4) (2x,x,3/4) (-x,x,3/4)"
P 63 2 2,476,6.0,g,.2.,"(x,0,0) (0,x,0) (-x,-x,0) (-x,0,1/2) (0,-x,1/2) (x,x,1/2)"
P 63 2 2,476,4.0,f,3..,"(1/3,2/3,z) (2/3,1/3,z+1/2) (2/3,1/3,-z) (1/3,2/3,-z+1/2)"
P 63 2 2,476,4.0,e,3..,"(0,0,z) (0,0,z+1/2) (0,0,-z) (0,0,-z+1/2)"
P 63 2 2,476,2.0,d,3.2,"(1/3,2/3,3/4) (2/3,1/3,1/4)"
P 63 2 2,476,2.0,c,3.2,"(1/3,2/3,1/4) (2/3,1/3,3/4)"
P 63 2 2,476,2.0,b,3.2,"(0,0,1/4) (0,0,3/4)"
P 63 2 2,476,2.0,a,32,"(0,0,0) (0,0,1/2)"
P 6 m m,477,12.0,f,1,"(x,y,z) (-y,x-y,z) (-x+y,-x,z) (-x,-y,z) (y,-x+y,z) (x-y,x,z) (-y,-x,z) (-x+y,y,z) (x,x-y,z) (y,x,z) (x-y,-y,z) (-x,-x+y,z)"
P 6 m m,477,6.0,e,.m.,"(x,-x,z) (x,2x,z) (-2x,-x,z) (-x,x,z) (-x,-2x,z) (2x,x,z)"
P 6 m m,477,6.0,d,..m,"(x,0,z) (0,x,z) (-x,-x,z) (-x,0,z) (0,-x,z) (x,x,z)"
P 6 m m,477,3.0,c,2mm,"(1/2,0,z) (0,1/2,z) (1/2,1/2,z)"
P 6 m m,477,2.0,b,3m.,"(1/3,2/3,z) (2/3,1/3,z)"
P 6 m m,477,1.0,a,6mm,"(0,0,z)"
P 6 c c,478,12.0,d,1,"(x,y,z) (-y,x-y,z) (-x+y,-x,z) (-x,-y,z) (y,-x+y,z) (x-y,x,z) (-y,-x,z+1/2) (-x+y,y,z+1/2) (x,x-y,z+1/2) (y,x,z+1/2) (x-y,-y,z+1/2) (-x,-x+y,z+1/2)"
P 6 c c,478,6.0,c,2..,"(1/2,0,z) (0,1/2,z) (1/2,1/2,z) (0,1/2,z+1/2) (1/2,0,z+1/2) (1/2,1/2,z+1/2)"
P 6 c c,478,4.0,b,3..,"(1/3,2/3,z) (2/3,1/3,z) (1/3,2/3,z+1/2) (2/3,1/3,z+1/2)"
P 6 c c,478,2.0,a,6..,"(0,0,z) (0,0,z+1/2)"
P 63 c m,479,12.0,d,1,"(x,y,z) (-y,x-y,z) (-x+y,-x,z) (-x,-y,z+1/2) (y,-x+y,z+1/2) (x-y,x,z+1/2) (-y,-x,z+1/2) (-x+y,y,z+1/2) (x,x-y,z+1/2) (y,x,z) (x-y,-y,z) (-x,-x+y,z)"
P 63 c m,479,6.0,c,..m,"(x,0,z) (0,x,z) (-x,-x,z) (-x,0,z+1/2) (0,-x,z+1/2) (x,x,z+1/2)"
P 63 c m,479,4.0,b,3..,"(1/3,2/3,z) (2/3,1/3,z+1/2) (1/3,2/3,z+1/2) (2/3,1/3,z)"
P 63 c m,479,2.0,a,3.m,"(0,0,z) (0,0,z+1/2)"
P 63 m c,480,12.0,d,1,"(x,y,z) (-y,x-y,z) (-x+y,-x,z) (-x,-y,z+1/2) (y,-x+y,z+1/2) (x-y,x,z+1/2) (-y,-x,z) (-x+y,y,z) (x,x-y,z) (y,x,z+1/2) (x-y,-y,z+1/2) (-x,-x+y,z+1/2)"
P 63 m c,480,6.0,c,.m.,"(x,-x,z) (x,2x,z) (-2x,-x,z) (-x,x,z+1/2) (-x,-2x,z+1/2) (2x,x,z+1/2)"
P 63 m c,480,2.0,b,3m.,"(1/3,2/3,z) (2/3,1/3,z+1/2)"
P 63 m c,480,2.0,a,3m.,"(0,0,z) (0,0,z+1/2)"
P -6 m 2,481,12.0,o,1,"(x,y,z) (-y,x-y,z) (-x+y,-x,z) (x,y,-z) (-y,x-y,-z) (-x+y,-x,-z) (-y,-x,z) (-x+y,y,z) (x,x-y,z) (-y,-x,-z) (-x+y,y,-z) (x,x-y,-z)"
P -6 m 2,481,6.0,n,.m.,"(x,-x,z) (x,2x,z) (-2x,-x,z) (x,-x,-z) (x,2x,-z) (-2x,-x,-z)"
P -6 m 2,481,6.0,m,m..,"(x,y,1/2) (-y,x-y,1/2) (-x+y,-x,1/2) (-y,-x,1/2) (-x+y,y,1/2) (x,x-y,1/2)"
P -6 m 2,481,6.0,l,m..,"(x,y,0) (-y,x-y,0) (-x+y,-x,0) (-y,-x,0) (-x+y,y,0) (x,x-y,0)"
P -6 m 2,481,3.0,k,mm2,"(x,-x,1/2) (x,2x,1/2) (-2x,-x,1/2)"
P -6 m 2,481,3.0,j,mm2,"(x,-x,0) (x,2x,0) (-2x,-x,0)"
P -6 m 2,481,2.0,i,3m.,"(2/3,1/3,z) (2/3,1/3,-z)"
P -6 m 2,481,2.0,h,3m.,"(1/3,2/3,z) (1/3,2/3,-z)"
P -6 m 2,481,2.0,g,3m.,"(0,0,z) (0,0,-z)"
P -6 m 2,481,1.0,f,-6m2,"(2/3,1/3,1/2)"
P -6 m 2,481,1.0,e,-6m2,"(2/3,1/3,0)"
P -6 m 2,481,1.0,d,-6m2,"(1/3,2/3,1/2)"
P -6 m 2,481,1.0,c,-6m2,"(1/3,2/3,0)"
P -6 m 2,481,1.0,b,-6m2,"(0,0,1/2)"
P -6 m 2,481,1.0,a,-6m2,"(0,0,0)"
P -6 c 2,482,12.0,l,1,"(x,y,z) (-y,x-y,z) (-x+y,-x,z) (x,y,-z+1/2) (-y,x-y,-z+1/2) (-x+y,-x,-z+1/2) (-y,-x,z+1/2) (-x+y,y,z+1/2) (x,x-y,z+1/2) (-y,-x,-z) (-x+y,y,-z) (x,x-y,-z)"
P -6 c 2,482,6.0,k,m..,"(x,y,1/4) (-y,x-y,1/4) (-x+y,-x,1/4) (-y,-x,3/4) (-x+y,y,3/4) (x,x-y,3/4)"
P -6 c 2,482,6.0,j,..2,"(x,-x,0) (x,2x,0) (-2x,-x,0) (x,-x,1/2) (x,2x,1/2) (-2x,-x,1/2)"
P -6 c 2,482,4.0,i,3..,"(2/3,1/3,z) (2/3,1/3,-z+1/2) (2/3,1/3,z+1/2) (2/3,1/3,-z)"
P -6 c 2,482,4.0,h,3..,"(1/3,2/3,z) (1/3,2/3,-z+1/2) (1/3,2/3,z+1/2) (1/3,2/3,-z)"
P -6 c 2,482,4.0,g,3..,"(0,0,z) (0,0,-z+1/2) (0,0,z+1/2) (0,0,-z)"
P -6 c 2,482,2.0,f,-6..,"(2/3,1/3,1/4) (2/3,1/3,3/4)"
P -6 c 2,482,2.0,e,3.2,"(2/3,1/3,0) (2/3,1/3,1/2)"
P -6 c 2,482,2.0,d,-6..,"(1/3,2/3,1/4) (1/3,2/3,3/4)"
P -6 c 2,482,2.0,c,3.2,"(1/3,2/3,0) (1/3,2/3,1/2)"
P -6 c 2,482,2.0,b,-6..,"(0,0,1/4) (0,0,3/4)"
P -6 c 2,482,2.0,a,3.2,"(0,0,0) (0,0,1/2)"
P -6 2 m,483,12.0,l,1,"(x,y,z) (-y,x-y,z) (-x+y,-x,z) (x,y,-z) (-y,x-y,-z) (-x+y,-x,-z) (y,x,-z) (x-y,-y,-z) (-x,-x+y,-z) (y,x,z) (x-y,-y,z) (-x,-x+y,z)"
P -6 2 m,483,6.0,k,m..,"(x,y,1/2) (-y,x-y,1/2) (-x+y,-x,1/2) (y,x,1/2) (x-y,-y,1/2) (-x,-x+y,1/2)"
P -6 2 m,483,6.0,j,m..,"(x,y,0) (-y,x-y,0) (-x+y,-x,0) (y,x,0) (x-y,-y,0) (-x,-x+y,0)"
P -6 2 m,483,6.0,i,..m,"(x,0,z) (0,x,z) (-x,-x,z) (x,0,-z) (0,x,-z) (-x,-x,-z)"
P -6 2 m,483,4.0,h,3..,"(1/3,2/3,z) (1/3,2/3,-z) (2/3,1/3,-z) (2/3,1/3,z)"
P -6 2 m,483,3.0,g,m2m,"(x,0,1/2) (0,x,1/2) (-x,-x,1/2)"
P -6 2 m,483,3.0,f,m2m,"(x,0,0) (0,x,0) (-x,-x,0)"
P -6 2 m,483,2.0,e,3.m,"(0,0,z) (0,0,-z)"
P -6 2 m,483,2.0,d,-6..,"(1/3,2/3,1/2) (2/3,1/3,1/2)"
P -6 2 m,483,2.0,c,-6..,"(1/3,2/3,0) (2/3,1/3,0)"
P -6 2 m,483,1.0,b,-62m,"(0,0,1/2)"
P -6 2 m,483,1.0,a,-62m,"(0,0,0)"
P -6 2 c,484,12.0,i,1,"(x,y,z) (-y,x-y,z) (-x+y,-x,z) (x,y,-z+1/2) (-y,x-y,-z+1/2) (-x+y,-x,-z+1/2) (y,x,-z) (x-y,-y,-z) (-x,-x+y,-z) (y,x,z+1/2) (x-y,-y,z+1/2) (-x,-x+y,z+1/2)"
P -6 2 c,484,6.0,h,m..,"(x,y,1/4) (-y,x-y,1/4) (-x+y,-x,1/4) (y,x,3/4) (x-y,-y,3/4) (-x,-x+y,3/4)"
P -6 2 c,484,6.0,g,.2.,"(x,0,0) (0,x,0) (-x,-x,0) (x,0,1/2) (0,x,1/2) (-x,-x,1/2)"
P -6 2 c,484,4.0,f,3..,"(1/3,2/3,z) (1/3,2/3,-z+1/2) (2/3,1/3,-z) (2/3,1/3,z+1/2)"
P -6 2 c,484,4.0,e,3..,"(0,0,z) (0,0,-z+1/2) (0,0,-z) (0,0,z+1/2)"
P -6 2 c,484,2.0,d,-6..,"(2/3,1/3,1/4) (1/3,2/3,3/4)"
P -6 2 c,484,2.0,c,-6..,"(1/3,2/3,1/4) (2/3,1/3,3/4)"
P -6 2 c,484,2.0,b,-6..,"(0,0,1/4) (0,0,3/4)"
P -6 2 c,484,2.0,a,32,"(0,0,0) (0,0,1/2)"
P 6/m 2/m 2/m,485,24.0,r,1,"(x,y,z) (-y,x-y,z) (-x+y,-x,z) (-x,-y,z) (y,-x+y,z) (x-y,x,z) (y,x,-z) (x-y,-y,-z) (-x,-x+y,-z) (-y,-x,-z) (-x+y,y,-z) (x,x-y,-z) (-x,-y,-z) (y,-x+y,-z) (x-y,x,-z) (x,y,-z) (-y,x-y,-z) (-x+y,-x,-z) (-y,-x,z) (-x+y,y,z) (x,x-y,z) (y,x,z) (x-y,-y,z) (-x,-x+y,z)"
P 6/m 2/m 2/m,485,12.0,q,m..,"(x,y,1/2) (-y,x-y,1/2) (-x+y,-x,1/2) (-x,-y,1/2) (y,-x+y,1/2) (x-y,x,1/2) (y,x,1/2) (x-y,-y,1/2) (-x,-x+y,1/2) (-y,-x,1/2) (-x+y,y,1/2) (x,x-y,1/2)"
P 6/m 2/m 2/m,485,12.0,p,m..,"(x,y,0) (-y,x-y,0) (-x+y,-x,0) (-x,-y,0) (y,-x+y,0) (x-y,x,0) (y,x,0) (x-y,-y,0) (-x,-x+y,0) (-y,-x,0) (-x+y,y,0) (x,x-y,0)"
P 6/m 2/m 2/m,485,12.0,o,.m.,"(x,2x,z) (-2x,-x,z) (x,-x,z) (-x,-2x,z) (2x,x,z) (-x,x,z) (2x,x,-z) (-x,-2x,-z) (-x,x,-z) (-2x,-x,-z) (x,2x,-z) (x,-x,-z)"
P 6/m 2/m 2/m,485,12.0,n,..m,"(x,0,z) (0,x,z) (-x,-x,z) (-x,0,z) (0,-x,z) (x,x,z) (0,x,-z) (x,0,-z) (-x,-x,-z) (0,-x,-z) (-x,0,-z) (x,x,-z)"
P 6/m 2/m 2/m,485,6.0,m,mm2,"(x,2x,1/2) (-2x,-x,1/2) (x,-x,1/2) (-x,-2x,1/2) (2x,x,1/2) (-x,x,1/2)"
P 6/m 2/m 2/m,485,6.0,l,mm2,"(x,2x,0) (-2x,-x,0) (x,-x,0) (-x,-2x,0) (2x,x,0) (-x,x,0)"
P 6/m 2/m 2/m,485,6.0,k,m2m,"(x,0,1/2) (0,x,1/2) (-x,-x,1/2) (-x,0,1/2) (0,-x,1/2) (x,x,1/2)"
P 6/m 2/m 2/m,485,6.0,j,m2m,"(x,0,0) (0,x,0) (-x,-x,0) (-x,0,0) (0,-x,0) (x,x,0)"
P 6/m 2/m 2/m,485,6.0,i,2mm,"(1/2,0,z) (0,1/2,z) (1/2,1/2,z) (0,1/2,-z) (1/2,0,-z) (1/2,1/2,-z)"
P 6/m 2/m 2/m,485,4.0,h,3m.,"(1/3,2/3,z) (2/3,1/3,z) (2/3,1/3,-z) (1/3,2/3,-z)"
P 6/m 2/m 2/m,485,3.0,g,mmm,"(1/2,0,1/2) (0,1/2,1/2) (1/2,1/2,1/2)"
P 6/m 2/m 2/m,485,3.0,f,mmm,"(1/2,0,0) (0,1/2,0) (1/2,1/2,0)"
P 6/m 2/m 2/m,485,2.0,e,6mm,"(0,0,z) (0,0,-z)"
P 6/m 2/m 2/m,485,2.0,d,-6m2,"(1/3,2/3,1/2) (2/3,1/3,1/2)"
P 6/m 2/m 2/m,485,2.0,c,-6m2,"(1/3,2/3,0) (2/3,1/3,0)"
P 6/m 2/m 2/m,485,1.0,b,6/mmm,"(0,0,1/2)"
P 6/m 2/m 2/m,485,1.0,a,6/mmm,"(0,0,0)"
P 6/m 2/c 2/c,486,24.0,m,1,"(x,y,z) (-y,x-y,z) (-x+y,-x,z) (-x,-y,z) (y,-x+y,z) (x-y,x,z) (y,x,-z+1/2) (x-y,-y,-z+1/2) (-x,-x+y,-z+1/2) (-y,-x,-z+1/2) (-x+y,y,-z+1/2) (x,x-y,-z+1/2) (-x,-y,-z) (y,-x+y,-z) (x-y,x,-z) (x,y,-z) (-y,x-y,-z) (-x+y,-x,-z) (-y,-x,z+1/2) (-x+y,y,z+1/2) (x,x-y,z+1/2) (y,x,z+1/2) (x-y,-y,z+1/2) (-x,-x+y,z+1/2)"
P 6/m 2/c 2/c,486,12.0,l,m..,"(x,y,0) (-y,x-y,0) (-x+y,-x,0) (-x,-y,0) (y,-x+y,0) (x-y,x,0) (y,x,1/2) (x-y,-y,1/2) (-x,-x+y,1/2) (-y,-x,1/2) (-x+y,y,1/2) (x,x-y,1/2)"
P 6/m 2/c 2/c,486,12.0,k,..2,"(x,2x,1/4) (-2x,-x,1/4) (x,-x,1/4) (-x,-2x,1/4) (2x,x,1/4) (-x,x,1/4) (-x,-2x,3/4) (2x,x,3/4) (-x,x,3/4) (x,2x,3/4) (-2x,-x,3/4) (x,-x,3/4)"
P 6/m 2/c 2/c,486,12.0,j,.2.,"(x,0,1/4) (0,x,1/4) (-x,-x,1/4) (-x,0,1/4) (0,-x,1/4) (x,x,1/4) (-x,0,3/4) (0,-x,3/4) (x,x,3/4) (x,0,3/4) (0,x,3/4) (-x,-x,3/4)"
P 6/m 2/c 2/c,486,12.0,i,2..,"(1/2,0,z) (0,1/2,z) (1/2,1/2,z) (0,1/2,-z+1/2) (1/2,0,-z+1/2) (1/2,1/2,-z+1/2) (1/2,0,-z) (0,1/2,-z) (1/2,1/2,-z) (0,1/2,z+1/2) (1/2,0,z+1/2) (1/2,1/2,z+1/2)"
P 6/m 2/c 2/c,486,8.0,h,3..,"(1/3,2/3,z) (2/3,1/3,z) (2/3,1/3,-z+1/2) (1/3,2/3,-z+1/2) (2/3,1/3,-z) (1/3,2/3,-z) (1/3,2/3,z+1/2) (2/3,1/3,z+1/2)"
P 6/m 2/c 2/c,486,6.0,g,2/m..,"(1/2,0,0) (0,1/2,0) (1/2,1/2,0) (0,1/2,1/2) (1/2,0,1/2) (1/2,1/2,1/2)"
P 6/m 2/c 2/c,486,6.0,f,222,"(1/2,0,1/4) (0,1/2,1/4) (1/2,1/2,1/4) (1/2,0,3/4) (0,1/2,3/4) (1/2,1/2,3/4)"
P 6/m 2/c 2/c,486,4.0,e,6..,"(0,0,z) (0,0,-z+1/2) (0,0,-z) (0,0,z+1/2)"
P 6/m 2/c 2/c,486,4.0,d,-6..,"(1/3,2/3,0) (2/3,1/3,0) (2/3,1/3,1/2) (1/3,2/3,1/2)"
P 6/m 2/c 2/c,486,4.0,c,3.2,"(1/3,2/3,1/4) (2/3,1/3,1/4) (2/3,1/3,3/4) (1/3,2/3,3/4)"
P 6/m 2/c 2/c,486,2.0,b,6/m..,"(0,0,0) (0,0,1/2)"
P 6/m 2/c 2/c,486,2.0,a,622,"(0,0,1/4) (0,0,3/4)"
P 63/m 2/c 2/m,487,24.0,l,1,"(x,y,z) (-y,x-y,z) (-x+y,-x,z) (-x,-y,z+1/2) (y,-x+y,z+1/2) (x-y,x,z+1/2) (y,x,-z+1/2) (x-y,-y,-z+1/2) (-x,-x+y,-z+1/2) (-y,-x,-z) (-x+y,y,-z) (x,x-y,-z) (-x,-y,-z) (y,-x+y,-z) (x-y,x,-z) (x,y,-z+1/2) (-y,x-y,-z+1/2) (-x+y,-x,-z+1/2) (-y,-x,z+1/2) (-x+y,y,z+1/2) (x,x-y,z+1/2) (y,x,z) (x-y,-y,z) (-x,-x+y,z)"
P 63/m 2/c 2/m,487,12.0,k,..m,"(x,0,z) (0,x,z) (-x,-x,z) (-x,0,z+1/2) (0,-x,z+1/2) (x,x,z+1/2) (0,x,-z+1/2) (x,0,-z+1/2) (-x,-x,-z+1/2) (0,-x,-z) (-x,0,-z) (x,x,-z)"
P 63/m 2/c 2/m,487,12.0,j,m..,"(x,y,1/4) (-y,x-y,1/4) (-x+y,-x,1/4) (-x,-y,3/4) (y,-x+y,3/4) (x-y,x,3/4) (y,x,1/4) (x-y,-y,1/4) (-x,-x+y,1/4) (-y,-x,3/4) (-x+y,y,3/4) (x,x-y,3/4)"
P 63/m 2/c 2/m,487,12.0,i,..2,"(x,2x,0) (-2x,-x,0) (x,-x,0) (-x,-2x,1/2) (2x,x,1/2) (-x,x,1/2) (-x,-2x,0) (2x,x,0) (-x,x,0) (x,2x,1/2) (-2x,-x,1/2) (x,-x,1/2)"
P 63/m 2/c 2/m,487,8.0,h,3..,"(1/3,2/3,z) (2/3,1/3,z+1/2) (2/3,1/3,-z+1/2) (1/3,2/3,-z) (2/3,1/3,-z) (1/3,2/3,-z+1/2) (1/3,2/3,z+1/2) (2/3,1/3,z)"
P 63/m 2/c 2/m,487,6.0,g,m2m,"(x,0,1/4) (0,x,1/4) (-x,-x,1/4) (-x,0,3/4) (0,-x,3/4) (x,x,3/4)"
P 63/m 2/c 2/m,487,6.0,f,..2/m,"(1/2,0,0) (0,1/2,0) (1/2,1/2,0) (1/2,0,1/2) (0,1/2,1/2) (1/2,1/2,1/2)"
P 63/m 2/c 2/m,487,4.0,e,3.m,"(0,0,z) (0,0,z+1/2) (0,0,-z+1/2) (0,0,-z)"
P 63/m 2/c 2/m,487,4.0,d,3.2,"(1/3,2/3,0) (2/3,1/3,1/2) (2/3,1/3,0) (1/3,2/3,1/2)"
P 63/m 2/c 2/m,487,4.0,c,-6..,"(1/3,2/3,1/4) (2/3,1/3,3/4) (2/3,1/3,1/4) (1/3,2/3,3/4)"
P 63/m 2/c 2/m,487,2.0,b,-3.m,"(0,0,0) (0,0,1/2)"
P 63/m 2/c 2/m,487,2.0,a,-62m,"(0,0,1/4) (0,0,3/4)"
P 63/m 2/m 2/c,488,24.0,l,1,"(x,y,z) (-y,x-y,z) (-x+y,-x,z) (-x,-y,z+1/2) (y,-x+y,z+1/2) (x-y,x,z+1/2) (y,x,-z) (x-y,-y,-z) (-x,-x+y,-z) (-y,-x,-z+1/2) (-x+y,y,-z+1/2) (x,x-y,-z+1/2) (-x,-y,-z) (y,-x+y,-z) (x-y,x,-z) (x,y,-z+1/2) (-y,x-y,-z+1/2) (-x+y,-x,-z+1/2) (-y,-x,z) (-x+y,y,z) (x,x-y,z) (y,x,z+1/2) (x-y,-y,z+1/2) (-x,-x+y,z+1/2)"
P 63/m 2/m 2/c,488,12.0,k,.m.,"(x,2x,z) (-2x,-x,z) (x,-x,z) (-x,-2x,z+1/2) (2x,x,z+1/2) (-x,x,z+1/2) (2x,x,-z) (-x,-2x,-z) (-x,x,-z) (-2x,-x,-z+1/2) (x,2x,-z+1/2) (x,-x,-z+1/2)"
P 63/m 2/m 2/c,488,12.0,j,m..,"(x,y,1/4) (-y,x-y,1/4) (-x+y,-x,1/4) (-x,-y,3/4) (y,-x+y,3/4) (x-y,x,3/4) (y,x,3/4) (x-y,-y,3/4) (-x,-x+y,3/4) (-y,-x,1/4) (-x+y,y,1/4) (x,x-y,1/4)"
P 63/m 2/m 2/c,488,12.0,i,.2.,"(x,0,0) (0,x,0) (-x,-x,0) (-x,0,1/2) (0,-x,1/2) (x,x,1/2) (-x,0,0) (0,-x,0) (x,x,0) (x,0,1/2) (0,x,1/2) (-x,-x,1/2)"
P 63/m 2/m 2/c,488,6.0,h,mm2,"(x,2x,1/4) (-2x,-x,1/4) (x,-x,1/4) (-x,-2x,3/4) (2x,x,3/4) (-x,x,3/4)"
P 63/m 2/m 2/c,488,6.0,g,.2/m.,"(1/2,0,0) (0,1/2,0) (1/2,1/2,0) (1/2,0,1/2) (0,1/2,1/2) (1/2,1/2,1/2)"
P 63/m 2/m 2/c,488,4.0,f,3m.,"(1/3,2/3,z) (2/3,1/3,z+1/2) (2/3,1/3,-z) (1/3,2/3,-z+1/2)"
P 63/m 2/m 2/c,488,4.0,e,3m.,"(0,0,z) (0,0,z+1/2) (0,0,-z) (0,0,-z+1/2)"
P 63/m 2/m 2/c,488,2.0,d,-6m2,"(1/3,2/3,3/4) (2/3,1/3,1/4)"
P 63/m 2/m 2/c,488,2.0,c,-6m2,"(1/3,2/3,1/4) (2/3,1/3,3/4)"
P 63/m 2/m 2/c,488,2.0,b,-6m2,"(0,0,1/4) (0,0,3/4)"
P 63/m 2/m 2/c,488,2.0,a,-3m.,"(0,0,0) (0,0,1/2)"
P 2 3,489,12.0,j,1,"(x,y,z) (-x,-y,z) (-x,y,-z) (x,-y,-z) (z,x,y) (z,-x,-y) (-z,-x,y) (-z,x,-y) (y,z,x) (-y,z,-x) (y,-z,-x) (-y,-z,x)"
P 2 3,489,6.0,i,2..,"(x,1/2,1/2) (-x,1/2,1/2) (1/2,x,1/2) (1/2,-x,1/2) (1/2,1/2,x) (1/2,1/2,-x)"
P 2 3,489,6.0,h,2..,"(x,1/2,0) (-x,1/2,0) (0,x,1/2) (0,-x,1/2) (1/2,0,x) (1/2,0,-x)"
P 2 3,489,6.0,g,2..,"(x,0,1/2) (-x,0,1/2) (1/2,x,0) (1/2,-x,0) (0,1/2,x) (0,1/2,-x)"
P 2 3,489,6.0,f,2..,"(x,0,0) (-x,0,0) (0,x,0) (0,-x,0) (0,0,x) (0,0,-x)"
P 2 3,489,4.0,e,.3.,"(x,x,x) (-x,-x,x) (-x,x,-x) (x,-x,-x)"
P 2 3,489,3.0,d,222..,"(1/2,0,0) (0,1/2,0) (0,0,1/2)"
P 2 3,489,3.0,c,222..,"(0,1/2,1/2) (1/2,0,1/2) (1/2,1/2,0)"
P 2 3,489,1.0,b,23,"(1/2,1/2,1/2)"
P 2 3,489,1.0,a,23,"(0,0,0)"
F 2 3,490,48.0,h,1,"(x,y,z) (-x,-y,z) (-x,y,-z) (x,-y,-z) (z,x,y) (z,-x,-y) (-z,-x,y) (-z,x,-y) (y,z,x) (-y,z,-x) (y,-z,-x) (-y,-z,x)"
F 2 3,490,24.0,g,2..,"(x,1/4,1/4) (-x,3/4,1/4) (1/4,x,1/4) (1/4,-x,3/4) (1/4,1/4,x) (3/4,1/4,-x)"
F 2 3,490,24.0,f,2..,"(x,0,0) (-x,0,0) (0,x,0) (0,-x,0) (0,0,x) (0,0,-x)"
F 2 3,490,16.0,e,.3.,"(x,x,x) (-x,-x,x) (-x,x,-x) (x,-x,-x)"
F 2 3,490,4.0,d,23,"(3/4,3/4,3/4)"
F 2 3,490,4.0,c,23,"(1/4,1/4,1/4)"
F 2 3,490,4.0,b,23,"(1/2,1/2,1/2)"
F 2 3,490,4.0,a,23,"(0,0,0)"
I 2 3,491,24.0,f,1,"(x,y,z) (-x,-y,z) (-x,y,-z) (x,-y,-z) (z,x,y) (z,-x,-y) (-z,-x,y) (-z,x,-y) (y,z,x) (-y,z,-x) (y,-z,-x) (-y,-z,x)"
I 2 3,491,12.0,e,2..,"(x,1/2,0) (-x,1/2,0) (0,x,1/2) (0,-x,1/2) (1/2,0,x) (1/2,0,-x)"
I 2 3,491,12.0,d,2..,"(x,0,0) (-x,0,0) (0,x,0) (0,-x,0) (0,0,x) (0,0,-x)"
I 2 3,491,8.0,c,.3.,"(x,x,x) (-x,-x,x) (-x,x,-x) (x,-x,-x)"
I 2 3,491,6.0,b,222..,"(0,1/2,1/2) (1/2,0,1/2) (1/2,1/2,0)"
I 2 3,491,2.0,a,23,"(0,0,0)"
P 21 3,492,12.0,b,1,"(x,y,z) (-x+1/2,-y,z+1/2) (-x,y+1/2,-z+1/2) (x+1/2,-y+1/2,-z) (z,x,y) (z+1/2,-x+1/2,-y) (-z+1/2,-x,y+1/2) (-z,x+1/2,-y+1/2) (y,z,x) (-y,z+1/2,-x+1/2) (y+1/2,-z+1/2,-x) (-y+1/2,-z,x+1/2)"
P 21 3,492,4.0,a,.3.,"(x,x,x) (-x+1/2,-x,x+1/2) (-x,x+1/2,-x+1/2) (x+1/2,-x+1/2,-x)"
I 21 3,493,24.0,c,1,"(x,y,z) (-x+1/2,-y,z+1/2) (-x,y+1/2,-z+1/2) (x+1/2,-y+1/2,-z) (z,x,y) (z+1/2,-x+1/2,-y) (-z+1/2,-x,y+1/2) (-z,x+1/2,-y+1/2) (y,z,x) (-y,z+1/2,-x+1/2) (y+1/2,-z+1/2,-x) (-y+1/2,-z,x+1/2)"
I 21 3,493,12.0,b,2..,"(x,0,1/4) (-x+1/2,0,3/4) (1/4,x,0) (3/4,-x+1/2,0) (0,1/4,x) (0,3/4,-x+1/2)"
I 21 3,493,8.0,a,.3.,"(x,x,x) (-x+1/2,-x,x+1/2) (-x,x+1/2,-x+1/2) (x+1/2,-x+1/2,-x)"
P 2/m -3,494,24.0,l,1,"(x,y,z) (-x,-y,z) (-x,y,-z) (x,-y,-z) (z,x,y) (z,-x,-y) (-z,-x,y) (-z,x,-y) (y,z,x) (-y,z,-x) (y,-z,-x) (-y,-z,x) (-x,-y,-z) (x,y,-z) (x,-y,z) (-x,y,z) (-z,-x,-y) (-z,x,y) (z,x,-y) (z,-x,y) (-y,-z,-x) (y,-z,x) (-y,z,x) (y,z,-x)"
P 2/m -3,494,12.0,k,m..,"(1/2,y,z) (1/2,-y,z) (1/2,y,-z) (1/2,-y,-z) (z,1/2,y) (z,1/2,-y) (-z,1/2,y) (-z,1/2,-y) (y,z,1/2) (-y,z,1/2) (y,-z,1/2) (-y,-z,1/2)"
P 2/m -3,494,12.0,j,m..,"(0,y,z) (0,-y,z) (0,y,-z) (0,-y,-z) (z,0,y) (z,0,-y) (-z,0,y) (-z,0,-y) (y,z,0) (-y,z,0) (y,-z,0) (-y,-z,0)"
P 2/m -3,494,8.0,i,.3.,"(x,x,x) (-x,-x,x) (-x,x,-x) (x,-x,-x) (-x,-x,-x) (x,x,-x) (x,-x,x) (-x,x,x)"
P 2/m -3,494,6.0,h,mm2..,"(x,1/2,1/2) (-x,1/2,1/2) (1/2,x,1/2) (1/2,-x,1/2) (1/2,1/2,x) (1/2,1/2,-x)"
P 2/m -3,494,6.0,g,mm2..,"(x,1/2,0) (-x,1/2,0) (0,x,1/2) (0,-x,1/2) (1/2,0,x) (1/2,0,-x)"
P 2/m -3,494,6.0,f,mm2..,"(x,0,1/2) (-x,0,1/2) (1/2,x,0) (1/2,-x,0) (0,1/2,x) (0,1/2,-x)"
P 2/m -3,494,6.0,e,mm2..,"(x,0,0) (-x,0,0) (0,x,0) (0,-x,0) (0,0,x) (0,0,-x)"
P 2/m -3,494,3.0,d,mmm..,"(1/2,0,0) (0,1/2,0) (0,0,1/2)"
P 2/m -3,494,3.0,c,mmm..,"(0,1/2,1/2) (1/2,0,1/2) (1/2,1/2,0)"
P 2/m -3,494,1.0,b,m-3.,"(1/2,1/2,1/2)"
P 2/m -3,494,1.0,a,m-3.,"(0,0,0)"
P 2/n -3,495,24.0,h,1,"(x,y,z) (-x,-y,z) (-x,y,-z) (x,-y,-z) (z,x,y) (z,-x,-y) (-z,-x,y) (-z,x,-y) (y,z,x) (-y,z,-x) (y,-z,-x) (-y,-z,x) (-x+1/2,-y+1/2,-z+1/2) (x+1/2,y+1/2,-z+1/2) (x+1/2,-y+1/2,z+1/2) (-x+1/2,y+1/2,z+1/2) (-z+1/2,-x+1/2,-y+1/2) (-z+1/2,x+1/2,y+1/2) (z+1/2,x+1/2,-y+1/2) (z+1/2,-x+1/2,y+1/2) (-y+1/2,-z+1/2,-x+1/2) (y+1/2,-z+1/2,x+1/2) (-y+1/2,z+1/2,x+1/2) (y+1/2,z+1/2,-x+1/2)"
P 2/n -3,495,12.0,g,2..,"(x,1/2,0) (-x,1/2,0) (0,x,1/2) (0,-x,1/2) (1/2,0,x) (1/2,0,-x) (-x+1/2,0,1/2) (x+1/2,0,1/2) (1/2,-x+1/2,0) (1/2,x+1/2,0) (0,1/2,-x+1/2) (0,1/2,x+1/2)"
P 2/n -3,495,12.0,f,2..,"(x,0,0) (-x,0,0) (0,x,0) (0,-x,0) (0,0,x) (0,0,-x) (-x+1/2,1/2,1/2) (x+1/2,1/2,1/2) (1/2,-x+1/2,1/2) (1/2,x+1/2,1/2) (1/2,1/2,-x+1/2) (1/2,1/2,x+1/2)"
P 2/n -3,495,8.0,e,.3.,"(x,x,x) (-x,-x,x) (-x,x,-x) (x,-x,-x) (-x+1/2,-x+1/2,-x+1/2) (x+1/2,x+1/2,-x+1/2) (x+1/2,-x+1/2,x+1/2) (-x+1/2,x+1/2,x+1/2)"
P 2/n -3,495,6.0,d,222..,"(0,1/2,1/2) (1/2,0,1/2) (1/2,1/2,0) (1/2,0,0) (0,1/2,0) (0,0,1/2)"
P 2/n -3,495,4.0,c,.-3.,"(3/4,3/4,3/4) (1/4,1/4,3/4) (1/4,3/4,1/4) (3/4,1/4,1/4)"
P 2/n -3,495,4.0,b,.-3.,"(1/4,1/4,1/4) (3/4,3/4,1/4) (3/4,1/4,3/4) (1/4,3/4,3/4)"
P 2/n -3,495,2.0,a,23,"(0,0,0) (1/2,1/2,1/2)"
P 2/n -3,496,24.0,h,1,"(x,y,z) (-x+1/2,-y+1/2,z) (-x+1/2,y,-z+1/2) (x,-y+1/2,-z+1/2) (z,x,y) (z,-x+1/2,-y+1/2) (-z+1/2,-x+1/2,y) (-z+1/2,x,-y+1/2) (y,z,x) (-y+1/2,z,-x+1/2) (y,-z+1/2,-x+1/2) (-y+1/2,-z+1/2,x) (-x,-y,-z) (x+1/2,y+1/2,-z) (x+1/2,-y,z+1/2) (-x,y+1/2,z+1/2) (-z,-x,-y) (-z,x+1/2,y+1/2) (z+1/2,x+1/2,-y) (z+1/2,-x,y+1/2) (-y,-z,-x) (y+1/2,-z,x+1/2) (-y,z+1/2,x+1/2) (y+1/2,z+1/2,-x)"
P 2/n -3,496,12.0,g,2..,"(x,3/4,1/4) (-x+1/2,3/4,1/4) (1/4,x,3/4) (1/4,-x+1/2,3/4) (3/4,1/4,x) (3/4,1/4,-x+1/2) (-x,1/4,3/4) (x+1/2,1/4,3/4) (3/4,-x,1/4) (3/4,x+1/2,1/4) (1/4,3/4,-x) (1/4,3/4,x+1/2)"
P 2/n -3,496,12.0,f,2..,"(x,1/4,1/4) (-x+1/2,1/4,1/4) (1/4,x,1/4) (1/4,-x+1/2,1/4) (1/4,1/4,x) (1/4,1/4,-x+1/2) (-x,3/4,3/4) (x+1/2,3/4,3/4) (3/4,-x,3/4) (3/4,x+1/2,3/4) (3/4,3/4,-x) (3/4,3/4,x+1/2)"
P 2/n -3,496,8.0,e,.3.,"(x,x,x) (-x+1/2,-x+1/2,x) (-x+1/2,x,-x+1/2) (x,-x+1/2,-x+1/2) (-x,-x,-x) (x+1/2,x+1/2,-x) (x+1/2,-x,x+1/2) (-x,x+1/2,x+1/2)"
P 2/n -3,496,6.0,d,222..,"(1/4,3/4,3/4) (3/4,1/4,3/4) (3/4,3/4,1/4) (3/4,1/4,1/4) (1/4,3/4,1/4) (1/4,1/4,3/4)"
P 2/n -3,496,4.0,c,.-3.,"(1/2,1/2,1/2) (0,0,1/2) (0,1/2,0) (1/2,0,0)"
P 2/n -3,496,4.0,b,.-3.,"(0,0,0) (1/2,1/2,0) (1/2,0,1/2) (0,1/2,1/2)"
P 2/n -3,496,2.0,a,23,"(1/4,1/4,1/4) (3/4,3/4,3/4)"
F 2/m -3,497,96.0,i,1,"(x,y,z) (-x,-y,z) (-x,y,-z) (x,-y,-z) (z,x,y) (z,-x,-y) (-z,-x,y) (-z,x,-y) (y,z,x) (-y,z,-x) (y,-z,-x) (-y,-z,x) (-x,-y,-z) (x,y,-z) (x,-y,z) (-x,y,z) (-z,-x,-y) (-z,x,y) (z,x,-y) (z,-x,y) (-y,-z,-x) (y,-z,x) (-y,z,x) (y,z,-x)"
F 2/m -3,497,48.0,h,m..,"(0,y,z) (0,-y,z) (0,y,-z) (0,-y,-z) (z,0,y) (z,0,-y) (-z,0,y) (-z,0,-y) (y,z,0) (-y,z,0) (y,-z,0) (-y,-z,0)"
F 2/m -3,497,48.0,g,2..,"(x,1/4,1/4) (-x,3/4,1/4) (1/4,x,1/4) (1/4,-x,3/4) (1/4,1/4,x) (3/4,1/4,-x) (-x,3/4,3/4) (x,1/4,3/4) (3/4,-x,3/4) (3/4,x,1/4) (3/4,3/4,-x) (1/4,3/4,x)"
F 2/m -3,497,32.0,f,.3.,"(x,x,x) (-x,-x,x) (-x,x,-x) (x,-x,-x) (-x,-x,-x) (x,x,-x) (x,-x,x) (-x,x,x)"
F 2/m -3,497,24.0,e,mm2..,"(x,0,0) (-x,0,0) (0,x,0) (0,-x,0) (0,0,x) (0,0,-x)"
F 2/m -3,497,24.0,d,2/m..,"(0,1/4,1/4) (0,3/4,1/4) (1/4,0,1/4) (1/4,0,3/4) (1/4,1/4,0) (3/4,1/4,0)"
F 2/m -3,497,8.0,c,23,"(1/4,1/4,1/4) (3/4,3/4,3/4)"
F 2/m -3,497,4.0,b,m-3.,"(1/2,1/2,1/2)"
F 2/m -3,497,4.0,a,m-3.,"(0,0,0)"
F 2/d -3,498,96.0,g,1,"(x,y,z) (-x,-y,z) (-x,y,-z) (x,-y,-z) (z,x,y) (z,-x,-y) (-z,-x,y) (-z,x,-y) (y,z,x) (-y,z,-x) (y,-z,-x) (-y,-z,x) (-x+1/4,-y+1/4,-z+1/4) (x+1/4,y+1/4,-z+1/4) (x+1/4,-y+1/4,z+1/4) (-x+1/4,y+1/4,z+1/4) (-z+1/4,-x+1/4,-y+1/4) (-z+1/4,x+1/4,y+1/4) (z+1/4,x+1/4,-y+1/4) (z+1/4,-x+1/4,y+1/4) (-y+1/4,-z+1/4,-x+1/4) (y+1/4,-z+1/4,x+1/4) (-y+1/4,z+1/4,x+1/4) (y+1/4,z+1/4,-x+1/4)"
F 2/d -3,498,48.0,f,2..,"(x,0,0) (-x,0,0) (0,x,0) (0,-x,0) (0,0,x) (0,0,-x) (-x+1/4,1/4,1/4) (x+1/4,1/4,1/4) (1/4,-x+1/4,1/4) (1/4,x+1/4,1/4) (1/4,1/4,-x+1/4) (1/4,1/4,x+1/4)"
F 2/d -3,498,32.0,e,.3.,"(x,x,x) (-x,-x,x) (-x,x,-x) (x,-x,-x) (-x+1/4,-x+1/4,-x+1/4) (x+1/4,x+1/4,-x+1/4) (x+1/4,-x+1/4,x+1/4) (-x+1/4,x+1/4,x+1/4)"
F 2/d -3,498,16.0,d,.-3.,"(5/8,5/8,5/8) (3/8,3/8,5/8) (3/8,5/8,3/8) (5/8,3/8,3/8)"
F 2/d -3,498,16.0,c,.-3.,"(1/8,1/8,1/8) (7/8,7/8,1/8) (7/8,1/8,7/8) (1/8,7/8,7/8)"
F 2/d -3,498,8.0,b,23,"(1/2,1/2,1/2) (3/4,3/4,3/4)"
F 2/d -3,498,8.0,a,23,"(0,0,0) (1/4,1/4,1/4)"
F 2/d -3,499,96.0,g,1,"(x,y,z) (-x+1/4,-y+1/4,z) (-x+1/4,y,-z+1/4) (x,-y+1/4,-z+1/4) (z,x,y) (z,-x+1/4,-y+1/4) (-z+1/4,-x+1/4,y) (-z+1/4,x,-y+1/4) (y,z,x) (-y+1/4,z,-x+1/4) (y,-z+1/4,-x+1/4) (-y+1/4,-z+1/4,x) (-x,-y,-z) (x+3/4,y+3/4,-z) (x+3/4,-y,z+3/4) (-x,y+3/4,z+3/4) (-z,-x,-y) (-z,x+3/4,y+3/4) (z+3/4,x+3/4,-y) (z+3/4,-x,y+3/4) (-y,-z,-x) (y+3/4,-z,x+3/4) (-y,z+3/4,x+3/4) (y+3/4,z+3/4,-x)"
F 2/d -3,499,48.0,f,2..,"(x,1/8,1/8) (-x+1/4,1/8,1/8) (1/8,x,1/8) (1/8,-x+1/4,1/8) (1/8,1/8,x) (1/8,1/8,-x+1/4) (-x,7/8,7/8) (x+3/4,7/8,7/8) (7/8,-x,7/8) (7/8,x+3/4,7/8) (7/8,7/8,-x) (7/8,7/8,x+3/4)"
F 2/d -3,499,32.0,e,.3.,"(x,x,x) (-x+1/4,-x+1/4,x) (-x+1/4,x,-x+1/4) (x,-x+1/4,-x+1/4) (-x,-x,-x) (x+3/4,x+3/4,-x) (x+3/4,-x,x+3/4) (-x,x+3/4,x+3/4)"
F 2/d -3,499,16.0,d,.-3.,"(1/2,1/2,1/2) (3/4,3/4,1/2) (3/4,1/2,3/4) (1/2,3/4,3/4)"
F 2/d -3,499,16.0,c,.-3.,"(0,0,0) (1/4,1/4,0) (1/4,0,1/4) (0,1/4,1/4)"
F 2/d -3,499,8.0,b,23,"(5/8,5/8,5/8) (3/8,3/8,3/8)"
F 2/d -3,499,8.0,a,23,"(1/8,1/8,1/8) (7/8,7/8,7/8)"
I 2/m -3,500,48.0,h,1,"(x,y,z) (-x,-y,z) (-x,y,-z) (x,-y,-z) (z,x,y) (z,-x,-y) (-z,-x,y) (-z,x,-y) (y,z,x) (-y,z,-x) (y,-z,-x) (-y,-z,x) (-x,-y,-z) (x,y,-z) (x,-y,z) (-x,y,z) (-z,-x,-y) (-z,x,y) (z,x,-y) (z,-x,y) (-y,-z,-x) (y,-z,x) (-y,z,x) (y,z,-x)"
I 2/m -3,500,24.0,g,m..,"(0,y,z) (0,-y,z) (0,y,-z) (0,-y,-z) (z,0,y) (z,0,-y) (-z,0,y) (-z,0,-y) (y,z,0) (-y,z,0) (y,-z,0) (-y,-z,0)"
I 2/m -3,500,16.0,f,.3.,"(x,x,x) (-x,-x,x) (-x,x,-x) (x,-x,-x) (-x,-x,-x) (x,x,-x) (x,-x,x) (-x,x,x)"
I 2/m -3,500,12.0,e,mm2..,"(x,0,1/2) (-x,0,1/2) (1/2,x,0) (1/2,-x,0) (0,1/2,x) (0,1/2,-x)"
I 2/m -3,500,12.0,d,mm2..,"(x,0,0) (-x,0,0) (0,x,0) (0,-x,0) (0,0,x) (0,0,-x)"
I 2/m -3,500,8.0,c,.-3.,"(1/4,1/4,1/4) (3/4,3/4,1/4) (3/4,1/4,3/4) (1/4,3/4,3/4)"
I 2/m -3,500,6.0,b,mmm..,"(0,1/2,1/2) (1/2,0,1/2) (1/2,1/2,0)"
I 2/m -3,500,2.0,a,m-3.,"(0,0,0)"
P 21/a -3,501,24.0,d,1,"(x,y,z) (-x+1/2,-y,z+1/2) (-x,y+1/2,-z+1/2) (x+1/2,-y+1/2,-z) (z,x,y) (z+1/2,-x+1/2,-y) (-z+1/2,-x,y+1/2) (-z,x+1/2,-y+1/2) (y,z,x) (-y,z+1/2,-x+1/2) (y+1/2,-z+1/2,-x) (-y+1/2,-z,x+1/2) (-x,-y,-z) (x+1/2,y,-z+1/2) (x,-y+1/2,z+1/2) (-x+1/2,y+1/2,z) (-z,-x,-y) (-z+1/2,x+1/2,y) (z+1/2,x,-y+1/2) (z,-x+1/2,y+1/2) (-y,-z,-x) (y,-z+1/2,x+1/2) (-y+1/2,z+1/2,x) (y+1/2,z,-x+1/2)"
P 21/a -3,501,8.0,c,.3.,"(x,x,x) (-x+1/2,-x,x+1/2) (-x,x+1/2,-x+1/2) (x+1/2,-x+1/2,-x) (-x,-x,-x) (x+1/2,x,-x+1/2) (x,-x+1/2,x+1/2) (-x+1/2,x+1/2,x)"
P 21/a -3,501,4.0,b,.-3.,"(1/2,1/2,1/2) (0,1/2,0) (1/2,0,0) (0,0,1/2)"
P 21/a -3,501,4.0,a,.-3.,"(0,0,0) (1/2,0,1/2) (0,1/2,1/2) (1/2,1/2,0)"
I 21/a -3,502,48.0,e,1,"(x,y,z) (-x+1/2,-y,z+1/2) (-x,y+1/2,-z+1/2) (x+1/2,-y+1/2,-z) (z,x,y) (z+1/2,-x+1/2,-y) (-z+1/2,-x,y+1/2) (-z,x+1/2,-y+1/2) (y,z,x) (-y,z+1/2,-x+1/2) (y+1/2,-z+1/2,-x) (-y+1/2,-z,x+1/2) (-x,-y,-z) (x+1/2,y,-z+1/2) (x,-y+1/2,z+1/2) (-x+1/2,y+1/2,z) (-z,-x,-y) (-z+1/2,x+1/2,y) (z+1/2,x,-y+1/2) (z,-x+1/2,y+1/2) (-y,-z,-x) (y,-z+1/2,x+1/2) (-y+1/2,z+1/2,x) (y+1/2,z,-x+1/2)"
I 21/a -3,502,24.0,d,2..,"(x,0,1/4) (-x+1/2,0,3/4) (1/4,x,0) (3/4,-x+1/2,0) (0,1/4,x) (0,3/4,-x+1/2) (-x,0,3/4) (x+1/2,0,1/4) (3/4,-x,0) (1/4,x+1/2,0) (0,3/4,-x) (0,1/4,x+1/2)"
I 21/a -3,502,16.0,c,.3.,"(x,x,x) (-x+1/2,-x,x+1/2) (-x,x+1/2,-x+1/2) (x+1/2,-x+1/2,-x) (-x,-x,-x) (x+1/2,x,-x+1/2) (x,-x+1/2,x+1/2) (-x+1/2,x+1/2,x)"
I 21/a -3,502,8.0,b,.-3.,"(1/4,1/4,1/4) (1/4,3/4,3/4) (3/4,3/4,1/4) (3/4,1/4,3/4)"
I 21/a -3,502,8.0,a,.-3.,"(0,0,0) (1/2,0,1/2) (0,1/2,1/2) (1/2,1/2,0)"
P 4 3 2,503,24.0,k,1,"(x,y,z) (-x,-y,z) (-x,y,-z) (x,-y,-z) (z,x,y) (z,-x,-y) (-z,-x,y) (-z,x,-y) (y,z,x) (-y,z,-x) (y,-z,-x) (-y,-z,x) (y,x,-z) (-y,-x,-z) (y,-x,z) (-y,x,z) (x,z,-y) (-x,z,y) (-x,-z,-y) (x,-z,y) (z,y,-x) (z,-y,x) (-z,y,x) (-z,-y,-x)"
P 4 3 2,503,12.0,j,..2,"(1/2,y,y) (1/2,-y,y) (1/2,y,-y) (1/2,-y,-y) (y,1/2,y) (y,1/2,-y) (-y,1/2,y) (-y,1/2,-y) (y,y,1/2) (-y,y,1/2) (y,-y,1/2) (-y,-y,1/2)"
P 4 3 2,503,12.0,i,..2,"(0,y,y) (0,-y,y) (0,y,-y) (0,-y,-y) (y,0,y) (y,0,-y) (-y,0,y) (-y,0,-y) (y,y,0) (-y,y,0) (y,-y,0) (-y,-y,0)"
P 4 3 2,503,12.0,h,2..,"(x,1/2,0) (-x,1/2,0) (0,x,1/2) (0,-x,1/2) (1/2,0,x) (1/2,0,-x) (1/2,x,0) (1/2,-x,0) (x,0,1/2) (-x,0,1/2) (0,1/2,-x) (0,1/2,x)"
P 4 3 2,503,8.0,g,.3.,"(x,x,x) (-x,-x,x) (-x,x,-x) (x,-x,-x) (x,x,-x) (-x,-x,-x) (x,-x,x) (-x,x,x)"
P 4 3 2,503,6.0,f,4..,"(x,1/2,1/2) (-x,1/2,1/2) (1/2,x,1/2) (1/2,-x,1/2) (1/2,1/2,x) (1/2,1/2,-x)"
P 4 3 2,503,6.0,e,4..,"(x,0,0) (-x,0,0) (0,x,0) (0,-x,0) (0,0,x) (0,0,-x)"
P 4 3 2,503,3.0,d,42.2,"(1/2,0,0) (0,1/2,0) (0,0,1/2)"
P 4 3 2,503,3.0,c,42.2,"(0,1/2,1/2) (1/2,0,1/2) (1/2,1/2,0)"
P 4 3 2,503,1.0,b,432,"(1/2,1/2,1/2)"
P 4 3 2,503,1.0,a,432,"(0,0,0)"
P 42 3 2,504,24.0,m,1,"(x,y,z) (-x,-y,z) (-x,y,-z) (x,-y,-z) (z,x,y) (z,-x,-y) (-z,-x,y) (-z,x,-y) (y,z,x) (-y,z,-x) (y,-z,-x) (-y,-z,x) (y+1/2,x+1/2,-z+1/2) (-y+1/2,-x+1/2,-z+1/2) (y+1/2,-x+1/2,z+1/2) (-y+1/2,x+1/2,z+1/2) (x+1/2,z+1/2,-y+1/2) (-x+1/2,z+1/2,y+1/2) (-x+1/2,-z+1/2,-y+1/2) (x+1/2,-z+1/2,y+1/2) (z+1/2,y+1/2,-x+1/2) (z+1/2,-y+1/2,x+1/2) (-z+1/2,y+1/2,x+1/2) (-z+1/2,-y+1/2,-x+1/2)"
P 42 3 2,504,12.0,l,..2,"(1/4,y,y+1/2) (3/4,-y,y+1/2) (3/4,y,-y+1/2) (1/4,-y,-y+1/2) (y+1/2,1/4,y) (y+1/2,3/4,-y) (-y+1/2,3/4,y) (-y+1/2,1/4,-y) (y,y+1/2,1/4) (-y,y+1/2,3/4) (y,-y+1/2,3/4) (-y,-y+1/2,1/4)"
P 42 3 2,504,12.0,k,..2,"(1/4,y,-y+1/2) (3/4,-y,-y+1/2) (3/4,y,y+1/2) (1/4,-y,y+1/2) (-y+1/2,1/4,y) (-y+1/2,3/4,-y) (y+1/2,3/4,y) (y+1/2,1/4,-y) (y,-y+1/2,1/4) (-y,-y+1/2,3/4) (y,y+1/2,3/4) (-y,y+1/2,1/4)"
P 42 3 2,504,12.0,j,2..,"(x,1/2,0) (-x,1/2,0) (0,x,1/2) (0,-x,1/2) (1/2,0,x) (1/2,0,-x) (0,x+1/2,1/2) (0,-x+1/2,1/2) (x+1/2,1/2,0) (-x+1/2,1/2,0) (1/2,0,-x+1/2) (1/2,0,x+1/2)"
P 42 3 2,504,12.0,i,2..,"(x,0,1/2) (-x,0,1/2) (1/2,x,0) (1/2,-x,0) (0,1/2,x) (0,1/2,-x) (1/2,x+1/2,0) (1/2,-x+1/2,0) (x+1/2,0,1/2) (-x+1/2,0,1/2) (0,1/2,-x+1/2) (0,1/2,x+1/2)"
P 42 3 2,504,12.0,h,2..,"(x,0,0) (-x,0,0) (0,x,0) (0,-x,0) (0,0,x) (0,0,-x) (1/2,x+1/2,1/2) (1/2,-x+1/2,1/2) (x+1/2,1/2,1/2) (-x+1/2,1/2,1/2) (1/2,1/2,-x+1/2) (1/2,1/2,x+1/2)"
P 42 3 2,504,8.0,g,.3.,"(x,x,x) (-x,-x,x) (-x,x,-x) (x,-x,-x) (x+1/2,x+1/2,-x+1/2) (-x+1/2,-x+1/2,-x+1/2) (x+1/2,-x+1/2,x+1/2) (-x+1/2,x+1/2,x+1/2)"
P 42 3 2,504,6.0,f,2.22,"(1/4,1/2,0) (3/4,1/2,0) (0,1/4,1/2) (0,3/4,1/2) (1/2,0,1/4) (1/2,0,3/4)"
P 42 3 2,504,6.0,e,2.22,"(1/4,0,1/2) (3/4,0,1/2) (1/2,1/4,0) (1/2,3/4,0) (0,1/2,1/4) (0,1/2,3/4)"
P 42 3 2,504,6.0,d,222..,"(0,1/2,1/2) (1/2,0,1/2) (1/2,1/2,0) (0,1/2,0) (1/2,0,0) (0,0,1/2)"
P 42 3 2,504,4.0,c,0.32,"(3/4,3/4,3/4) (1/4,1/4,3/4) (1/4,3/4,1/4) (3/4,1/4,1/4)"
P 42 3 2,504,4.0,b,0.32,"(1/4,1/4,1/4) (3/4,3/4,1/4) (3/4,1/4,3/4) (1/4,3/4,3/4)"
P 42 3 2,504,2.0,a,23,"(0,0,0) (1/2,1/2,1/2)"
F 4 3 2,505,96.0,j,1,"(x,y,z) (-x,-y,z) (-x,y,-z) (x,-y,-z) (z,x,y) (z,-x,-y) (-z,-x,y) (-z,x,-y) (y,z,x) (-y,z,-x) (y,-z,-x) (-y,-z,x) (y,x,-z) (-y,-x,-z) (y,-x,z) (-y,x,z) (x,z,-y) (-x,z,y) (-x,-z,-y) (x,-z,y) (z,y,-x) (z,-y,x) (-z,y,x) (-z,-y,-x)"
F 4 3 2,505,48.0,i,2..,"(x,1/4,1/4) (-x,3/4,1/4) (1/4,x,1/4) (1/4,-x,3/4) (1/4,1/4,x) (3/4,1/4,-x) (1/4,x,3/4) (3/4,-x,3/4) (x,1/4,3/4) (-x,1/4,1/4) (1/4,1/4,-x) (1/4,3/4,x)"
F 4 3 2,505,48.0,h,..2,"(1/2,y,y) (1/2,-y,y) (1/2,y,-y) (1/2,-y,-y) (y,1/2,y) (y,1/2,-y) (-y,1/2,y) (-y,1/2,-y) (y,y,1/2) (-y,y,1/2) (y,-y,1/2) (-y,-y,1/2)"
F 4 3 2,505,48.0,g,..2,"(0,y,y) (0,-y,y) (0,y,-y) (0,-y,-y) (y,0,y) (y,0,-y) (-y,0,y) (-y,0,-y) (y,y,0) (-y,y,0) (y,-y,0) (-y,-y,0)"
F 4 3 2,505,32.0,f,.3.,"(x,x,x) (-x,-x,x) (-x,x,-x) (x,-x,-x) (x,x,-x) (-x,-x,-x) (x,-x,x) (-x,x,x)"
F 4 3 2,505,24.0,e,4..,"(x,0,0) (-x,0,0) (0,x,0) (0,-x,0) (0,0,x) (0,0,-x)"
F 4 3 2,505,24.0,d,2.22,"(0,1/4,1/4) (0,3/4,1/4) (1/4,0,1/4) (1/4,0,3/4) (1/4,1/4,0) (3/4,1/4,0)"
F 4 3 2,505,8.0,c,23,"(1/4,1/4,1/4) (1/4,1/4,3/4)"
F 4 3 2,505,4.0,b,432,"(1/2,1/2,1/2)"
F 4 3 2,505,4.0,a,432,"(0,0,0)"
F 41 3 2,506,96.0,h,1,"(z,x,y) (z+1/2,-x,-y+1/2) (-z,-x+1/2,y+1/2) (-z+1/2,x+1/2,-y) (y,z,x) (-y+1/2,z+1/2,-x) (y+1/2,-z,-x+1/2) (-y,-z+1/2,x+1/2) (y+3/4,x+1/4,-z+3/4) (-y+1/4,-x+1/4,-z+1/4) (y+1/4,-x+3/4,z+3/4) (-y+3/4,x+3/4,z+1/4) (x+3/4,z+1/4,-y+3/4) (-x+3/4,z+3/4,y+1/4) (-x+1/4,-z+1/4,-y+1/4) (x+1/4,-z+3/4,y+3/4) (z+3/4,y+1/4,-x+3/4) (z+1/4,-y+3/4,x+3/4) (-z+3/4,y+3/4,x+1/4) (-z+1/4,-y+1/4,-x+1/4)"
F 41 3 2,506,48.0,g,..2,"(1/8,y,-y+1/4) (7/8,-y+1/2,-y+3/4) (3/8,y+1/2,y+3/4) (5/8,-y,y+1/4) (-y+1/4,1/8,y) (-y+3/4,7/8,-y+1/2) (y+3/4,3/8,y+1/2) (y+1/4,5/8,-y) (y,-y+1/4,1/8) (-y+1/2,-y+3/4,7/8) (y+1/2,y+3/4,3/8) (-y,y+1/4,5/8)"
F 41 3 2,506,48.0,f,2..,"(x,0,0) (-x,1/2,1/2) (0,x,0) (1/2,-x,1/2) (0,0,x) (1/2,1/2,-x) (3/4,x+1/4,3/4) (1/4,-x+1/4,1/4) (x+3/4,1/4,3/4) (-x+3/4,3/4,1/4) (3/4,1/4,-x+3/4) (1/4,3/4,x+3/4)"
F 41 3 2,506,32.0,e,.3.,"(x,x,x) (-x,-x+1/2,x+1/2) (-x+1/2,x+1/2,-x) (x+1/2,-x,-x+1/2) (x+3/4,x+1/4,-x+3/4) (-x+1/4,-x+1/4,-x+1/4) (x+1/4,-x+3/4,x+3/4) (-x+3/4,x+3/4,x+1/4)"
F 41 3 2,506,16.0,d,0.32,"(5/8,5/8,5/8) (3/8,7/8,1/8) (7/8,1/8,3/8) (1/8,3/8,7/8)"
F 41 3 2,506,16.0,c,0.32,"(1/8,1/8,1/8) (7/8,3/8,5/8) (3/8,5/8,7/8) (5/8,7/8,3/8)"
F 41 3 2,506,8.0,b,23,"(1/2,1/2,1/2) (1/4,3/4,1/4)"
F 41 3 2,506,8.0,a,23,"(0,0,0) (3/4,1/4,3/4)"
I 4 3 2,507,48.0,j,1,"(x,y,z) (-x,-y,z) (-x,y,-z) (x,-y,-z) (z,x,y) (z,-x,-y) (-z,-x,y) (-z,x,-y) (y,z,x) (-y,z,-x) (y,-z,-x) (-y,-z,x) (y,x,-z) (-y,-x,-z) (y,-x,z) (-y,x,z) (x,z,-y) (-x,z,y) (-x,-z,-y) (x,-z,y) (z,y,-x) (z,-y,x) (-z,y,x) (-z,-y,-x)"
I 4 3 2,507,24.0,i,..2,"(1/4,y,-y+1/2) (3/4,-y,-y+1/2) (3/4,y,y+1/2) (1/4,-y,y+1/2) (-y+1/2,1/4,y) (-y+1/2,3/4,-y) (y+1/2,3/4,y) (y+1/2,1/4,-y) (y,-y+1/2,1/4) (-y,-y+1/2,3/4) (y,y+1/2,3/4) (-y,y+1/2,1/4)"
I 4 3 2,507,24.0,h,..2,"(0,y,y) (0,-y,y) (0,y,-y) (0,-y,-y) (y,0,y) (y,0,-y) (-y,0,y) (-y,0,-y) (y,y,0) (-y,y,0) (y,-y,0) (-y,-y,0)"
I 4 3 2,507,24.0,g,2..,"(x,1/2,0) (-x,1/2,0) (0,x,1/2) (0,-x,1/2) (1/2,0,x) (1/2,0,-x) (1/2,x,0) (1/2,-x,0) (x,0,1/2) (-x,0,1/2) (0,1/2,-x) (0,1/2,x)"
I 4 3 2,507,16.0,f,.3.,"(x,x,x) (-x,-x,x) (-x,x,-x) (x,-x,-x) (x,x,-x) (-x,-x,-x) (x,-x,x) (-x,x,x)"
I 4 3 2,507,12.0,e,4..,"(x,0,0) (-x,0,0) (0,x,0) (0,-x,0) (0,0,x) (0,0,-x)"
I 4 3 2,507,12.0,d,2.22,"(1/4,1/2,0) (3/4,1/2,0) (0,1/4,1/2) (0,3/4,1/2) (1/2,0,1/4) (1/2,0,3/4)"
I 4 3 2,507,8.0,c,0.32,"(1/4,1/4,1/4) (3/4,3/4,1/4) (3/4,1/4,3/4) (1/4,3/4,3/4)"
I 4 3 2,507,6.0,b,42.2,"(0,1/2,1/2) (1/2,0,1/2) (1/2,1/2,0)"
I 4 3 2,507,2.0,a,432,"(0,0,0)"
P 43 3 2,508,24.0,e,1,"(x,y,z) (-x+1/2,-y,z+1/2) (-x,y+1/2,-z+1/2) (x+1/2,-y+1/2,-z) (z,x,y) (z+1/2,-x+1/2,-y) (-z+1/2,-x,y+1/2) (-z,x+1/2,-y+1/2) (y,z,x) (-y,z+1/2,-x+1/2) (y+1/2,-z+1/2,-x) (-y+1/2,-z,x+1/2) (y+1/4,x+3/4,-z+3/4) (-y+1/4,-x+1/4,-z+1/4) (y+3/4,-x+3/4,z+1/4) (-y+3/4,x+1/4,z+3/4) (x+1/4,z+3/4,-y+3/4) (-x+3/4,z+1/4,y+3/4) (-x+1/4,-z+1/4,-y+1/4) (x+3/4,-z+3/4,y+1/4) (z+1/4,y+3/4,-x+3/4) (z+3/4,-y+3/4,x+1/4) (-z+3/4,y+1/4,x+3/4) (-z+1/4,-y+1/4,-x+1/4)"
P 43 3 2,508,12.0,d,..2,"(1/8,y,-y+1/4) (3/8,-y,-y+3/4) (7/8,y+1/2,y+1/4) (5/8,-y+1/2,y+3/4) (-y+1/4,1/8,y) (-y+3/4,3/8,-y) (y+1/4,7/8,y+1/2) (y+3/4,5/8,-y+1/2) (y,-y+1/4,1/8) (-y,-y+3/4,3/8) (y+1/2,y+1/4,7/8) (-y+1/2,y+3/4,5/8)"
P 43 3 2,508,8.0,c,.3.,"(x,x,x) (-x+1/2,-x,x+1/2) (-x,x+1/2,-x+1/2) (x+1/2,-x+1/2,-x) (x+1/4,x+3/4,-x+3/4) (-x+1/4,-x+1/4,-x+1/4) (x+3/4,-x+3/4,x+1/4) (-x+3/4,x+1/4,x+3/4)"
P 43 3 2,508,4.0,b,0.32,"(5/8,5/8,5/8) (7/8,3/8,1/8) (3/8,1/8,7/8) (1/8,7/8,3/8)"
P 43 3 2,508,4.0,a,0.32,"(1/8,1/8,1/8) (3/8,7/8,5/8) (7/8,5/8,3/8) (5/8,3/8,7/8)"
P 41 3 2,509,24.0,e,1,"(x,y,z) (-x+1/2,-y,z+1/2) (-x,y+1/2,-z+1/2) (x+1/2,-y+1/2,-z) (z,x,y) (z+1/2,-x+1/2,-y) (-z+1/2,-x,y+1/2) (-z,x+1/2,-y+1/2) (y,z,x) (-y,z+1/2,-x+1/2) (y+1/2,-z+1/2,-x) (-y+1/2,-z,x+1/2) (y+3/4,x+1/4,-z+1/4) (-y+3/4,-x+3/4,-z+3/4) (y+1/4,-x+1/4,z+3/4) (-y+1/4,x+3/4,z+1/4) (x+3/4,z+1/4,-y+1/4) (-x+1/4,z+3/4,y+1/4) (-x+3/4,-z+3/4,-y+3/4) (x+1/4,-z+1/4,y+3/4) (z+3/4,y+1/4,-x+1/4) (z+1/4,-y+1/4,x+3/4) (-z+1/4,y+3/4,x+1/4) (-z+3/4,-y+3/4,-x+3/4)"
P 41 3 2,509,12.0,d,..2,"(1/8,y,y+1/4) (3/8,-y,y+3/4) (7/8,y+1/2,-y+1/4) (5/8,-y+1/2,-y+3/4) (y+1/4,1/8,y) (y+3/4,3/8,-y) (-y+1/4,7/8,y+1/2) (-y+3/4,5/8,-y+1/2) (y,y+1/4,1/8) (-y,y+3/4,3/8) (y+1/2,-y+1/4,7/8) (-y+1/2,-y+3/4,5/8)"
P 41 3 2,509,8.0,c,.3.,"(x,x,x) (-x+1/2,-x,x+1/2) (-x,x+1/2,-x+1/2) (x+1/2,-x+1/2,-x) (x+3/4,x+1/4,-x+1/4) (-x+3/4,-x+3/4,-x+3/4) (x+1/4,-x+1/4,x+3/4) (-x+1/4,x+3/4,x+1/4)"
P 41 3 2,509,4.0,b,0.32,"(7/8,7/8,7/8) (5/8,1/8,3/8) (1/8,3/8,5/8) (3/8,5/8,1/8)"
P 41 3 2,509,4.0,a,0.32,"(3/8,3/8,3/8) (1/8,5/8,7/8) (5/8,7/8,1/8) (7/8,1/8,5/8)"
I 41 3 2,510,48.0,i,1,"(x,y,z) (-x+1/2,-y,z+1/2) (-x,y+1/2,-z+1/2) (x+1/2,-y+1/2,-z) (z,x,y) (z+1/2,-x+1/2,-y) (-z+1/2,-x,y+1/2) (-z,x+1/2,-y+1/2) (y,z,x) (-y,z+1/2,-x+1/2) (y+1/2,-z+1/2,-x) (-y+1/2,-z,x+1/2) (y+3/4,x+1/4,-z+1/4) (-y+3/4,-x+3/4,-z+3/4) (y+1/4,-x+1/4,z+3/4) (-y+1/4,x+3/4,z+1/4) (x+3/4,z+1/4,-y+1/4) (-x+1/4,z+3/4,y+1/4) (-x+3/4,-z+3/4,-y+3/4) (x+1/4,-z+1/4,y+3/4) (z+3/4,y+1/4,-x+1/4) (z+1/4,-y+1/4,x+3/4) (-z+1/4,y+3/4,x+1/4) (-z+3/4,-y+3/4,-x+3/4)"
I 41 3 2,510,24.0,h,..2,"(1/8,y,-y+1/4) (3/8,-y,-y+3/4) (7/8,y+1/2,y+1/4) (5/8,-y+1/2,y+3/4) (-y+1/4,1/8,y) (-y+3/4,3/8,-y) (y+1/4,7/8,y+1/2) (y+3/4,5/8,-y+1/2) (y,-y+1/4,1/8) (-y,-y+3/4,3/8) (y+1/2,y+1/4,7/8) (-y+1/2,y+3/4,5/8)"
I 41 3 2,510,24.0,g,..2,"(1/8,y,y+1/4) (3/8,-y,y+3/4) (7/8,y+1/2,-y+1/4) (5/8,-y+1/2,-y+3/4) (y+1/4,1/8,y) (y+3/4,3/8,-y) (-y+1/4,7/8,y+1/2) (-y+3/4,5/8,-y+1/2) (y,y+1/4,1/8) (-y,y+3/4,3/8) (y+1/2,-y+1/4,7/8) (-y+1/2,-y+3/4,5/8)"
I 41 3 2,510,24.0,f,2..,"(x,0,1/4) (-x+1/2,0,3/4) (1/4,x,0) (3/4,-x+1/2,0) (0,1/4,x) (0,3/4,-x+1/2) (3/4,x+1/4,0) (3/4,-x+3/4,1/2) (x+3/4,1/2,1/4) (-x+1/4,0,1/4) (0,1/4,-x+1/4) (1/2,1/4,x+3/4)"
I 41 3 2,510,16.0,e,.3.,"(x,x,x) (-x+1/2,-x,x+1/2) (-x,x+1/2,-x+1/2) (x+1/2,-x+1/2,-x) (x+3/4,x+1/4,-x+1/4) (-x+3/4,-x+3/4,-x+3/4) (x+1/4,-x+1/4,x+3/4) (-x+1/4,x+3/4,x+1/4)"
I 41 3 2,510,12.0,d,2.22,"(5/8,0,1/4) (7/8,0,3/4) (1/4,5/8,0) (3/4,7/8,0) (0,1/4,5/8) (0,3/4,7/8)"
I 41 3 2,510,12.0,c,2.22,"(1/8,0,1/4) (3/8,0,3/4) (1/4,1/8,0) (3/4,3/8,0) (0,1/4,1/8) (0,3/4,3/8)"
I 41 3 2,510,8.0,b,0.32,"(7/8,7/8,7/8) (5/8,1/8,3/8) (1/8,3/8,5/8) (3/8,5/8,1/8)"
I 41 3 2,510,8.0,a,0.32,"(1/8,1/8,1/8) (3/8,7/8,5/8) (7/8,5/8,3/8) (5/8,3/8,7/8)"
P -4 3 m,511,24.0,j,1,"(x,y,z) (-x,-y,z) (-x,y,-z) (x,-y,-z) (z,x,y) (z,-x,-y) (-z,-x,y) (-z,x,-y) (y,z,x) (-y,z,-x) (y,-z,-x) (-y,-z,x) (y,x,z) (-y,-x,z) (y,-x,-z) (-y,x,-z) (x,z,y) (-x,z,-y) (-x,-z,y) (x,-z,-y) (z,y,x) (z,-y,-x) (-z,y,-x) (-z,-y,x)"
P -4 3 m,511,12.0,i,..m,"(x,x,z) (-x,-x,z) (-x,x,-z) (x,-x,-z) (z,x,x) (z,-x,-x) (-z,-x,x) (-z,x,-x) (x,z,x) (-x,z,-x) (x,-z,-x) (-x,-z,x)"
P -4 3 m,511,12.0,h,2..,"(x,1/2,0) (-x,1/2,0) (0,x,1/2) (0,-x,1/2) (1/2,0,x) (1/2,0,-x) (1/2,x,0) (1/2,-x,0) (x,0,1/2) (-x,0,1/2) (0,1/2,x) (0,1/2,-x)"
P -4 3 m,511,6.0,g,2.mm,"(x,1/2,1/2) (-x,1/2,1/2) (1/2,x,1/2) (1/2,-x,1/2) (1/2,1/2,x) (1/2,1/2,-x)"
P -4 3 m,511,6.0,f,2.mm,"(x,0,0) (-x,0,0) (0,x,0) (0,-x,0) (0,0,x) (0,0,-x)"
P -4 3 m,511,4.0,e,.3m,"(x,x,x) (-x,-x,x) (-x,x,-x) (x,-x,-x)"
P -4 3 m,511,3.0,d,-42.m,"(1/2,0,0) (0,1/2,0) (0,0,1/2)"
P -4 3 m,511,3.0,c,-42.m,"(0,1/2,1/2) (1/2,0,1/2) (1/2,1/2,0)"
P -4 3 m,511,1.0,b,-43m,"(1/2,1/2,1/2)"
P -4 3 m,511,1.0,a,-43m,"(0,0,0)"
F -4 3 m,512,96.0,i,1,"(x,y,z) (-x,-y,z) (-x,y,-z) (x,-y,-z) (z,x,y) (z,-x,-y) (-z,-x,y) (-z,x,-y) (y,z,x) (-y,z,-x) (y,-z,-x) (-y,-z,x) (y,x,z) (-y,-x,z) (y,-x,-z) (-y,x,-z) (x,z,y) (-x,z,-y) (-x,-z,y) (x,-z,-y) (z,y,x) (z,-y,-x) (-z,y,-x) (-z,-y,x)"
F -4 3 m,512,48.0,h,..m,"(x,x,z) (-x,-x,z) (-x,x,-z) (x,-x,-z) (z,x,x) (z,-x,-x) (-z,-x,x) (-z,x,-x) (x,z,x) (-x,z,-x) (x,-z,-x) (-x,-z,x)"
F -4 3 m,512,24.0,g,2.mm,"(x,1/4,1/4) (-x,3/4,1/4) (1/4,x,1/4) (1/4,-x,3/4) (1/4,1/4,x) (3/4,1/4,-x)"
F -4 3 m,512,24.0,f,2.mm,"(x,0,0) (-x,0,0) (0,x,0) (0,-x,0) (0,0,x) (0,0,-x)"
F -4 3 m,512,16.0,e,.3m,"(x,x,x) (-x,-x,x) (-x,x,-x) (x,-x,-x)"
F -4 3 m,512,4.0,d,-43m,"(3/4,3/4,3/4)"
F -4 3 m,512,4.0,c,-43m,"(1/4,1/4,1/4)"
F -4 3 m,512,4.0,b,-43m,"(1/2,1/2,1/2)"
F -4 3 m,512,4.0,a,-43m,"(0,0,0)"
I -4 3 m,513,48.0,h,1,"(x,y,z) (-x,-y,z) (-x,y,-z) (x,-y,-z) (z,x,y) (z,-x,-y) (-z,-x,y) (-z,x,-y) (y,z,x) (-y,z,-x) (y,-z,-x) (-y,-z,x) (y,x,z) (-y,-x,z) (y,-x,-z) (-y,x,-z) (x,z,y) (-x,z,-y) (-x,-z,y) (x,-z,-y) (z,y,x) (z,-y,-x) (-z,y,-x) (-z,-y,x)"
I -4 3 m,513,24.0,g,..m,"(x,x,z) (-x,-x,z) (-x,x,-z) (x,-x,-z) (z,x,x) (z,-x,-x) (-z,-x,x) (-z,x,-x) (x,z,x) (-x,z,-x) (x,-z,-x) (-x,-z,x)"
I -4 3 m,513,24.0,f,2..,"(x,1/2,0) (-x,1/2,0) (0,x,1/2) (0,-x,1/2) (1/2,0,x) (1/2,0,-x) (1/2,x,0) (1/2,-x,0) (x,0,1/2) (-x,0,1/2) (0,1/2,x) (0,1/2,-x)"
I -4 3 m,513,12.0,e,2.mm,"(x,0,0) (-x,0,0) (0,x,0) (0,-x,0) (0,0,x) (0,0,-x)"
I -4 3 m,513,12.0,d,-4..,"(1/4,1/2,0) (3/4,1/2,0) (0,1/4,1/2) (0,3/4,1/2) (1/2,0,1/4) (1/2,0,3/4)"
I -4 3 m,513,8.0,c,.3m,"(x,x,x) (-x,-x,x) (-x,x,-x) (x,-x,-x)"
I -4 3 m,513,6.0,b,-42.m,"(0,1/2,1/2) (1/2,0,1/2) (1/2,1/2,0)"
I -4 3 m,513,2.0,a,-43m,"(0,0,0)"
P -4 3 n,514,24.0,i,1,"(x,y,z) (-x,-y,z) (-x,y,-z) (x,-y,-z) (z,x,y) (z,-x,-y) (-z,-x,y) (-z,x,-y) (y,z,x) (-y,z,-x) (y,-z,-x) (-y,-z,x) (y+1/2,x+1/2,z+1/2) (-y+1/2,-x+1/2,z+1/2) (y+1/2,-x+1/2,-z+1/2) (-y+1/2,x+1/2,-z+1/2) (x+1/2,z+1/2,y+1/2) (-x+1/2,z+1/2,-y+1/2) (-x+1/2,-z+1/2,y+1/2) (x+1/2,-z+1/2,-y+1/2) (z+1/2,y+1/2,x+1/2) (z+1/2,-y+1/2,-x+1/2) (-z+1/2,y+1/2,-x+1/2) (-z+1/2,-y+1/2,x+1/2)"
P -4 3 n,514,12.0,h,2..,"(x,0,1/2) (-x,0,1/2) (1/2,x,0) (1/2,-x,0) (0,1/2,x) (0,1/2,-x) (1/2,x+1/2,0) (1/2,-x+1/2,0) (x+1/2,0,1/2) (-x+1/2,0,1/2) (0,1/2,x+1/2) (0,1/2,-x+1/2)"
P -4 3 n,514,12.0,g,2..,"(x,1/2,0) (-x,1/2,0) (0,x,1/2) (0,-x,1/2) (1/2,0,x) (1/2,0,-x) (0,x+1/2,1/2) (0,-x+1/2,1/2) (x+1/2,1/2,0) (-x+1/2,1/2,0) (1/2,0,x+1/2) (1/2,0,-x+1/2)"
P -4 3 n,514,12.0,f,2..,"(x,0,0) (-x,0,0) (0,x,0) (0,-x,0) (0,0,x) (0,0,-x) (1/2,x+1/2,1/2) (1/2,-x+1/2,1/2) (x+1/2,1/2,1/2) (-x+1/2,1/2,1/2) (1/2,1/2,x+1/2) (1/2,1/2,-x+1/2)"
P -4 3 n,514,8.0,e,.3.,"(x,x,x) (-x,-x,x) (-x,x,-x) (x,-x,-x) (x+1/2,x+1/2,x+1/2) (-x+1/2,-x+1/2,x+1/2) (x+1/2,-x+1/2,-x+1/2) (-x+1/2,x+1/2,-x+1/2)"
P -4 3 n,514,6.0,d,-4..,"(1/4,0,1/2) (3/4,0,1/2) (1/2,1/4,0) (1/2,3/4,0) (0,1/2,1/4) (0,1/2,3/4)"
P -4 3 n,514,6.0,c,-4..,"(1/4,1/2,0) (3/4,1/2,0) (0,1/4,1/2) (0,3/4,1/2) (1/2,0,1/4) (1/2,0,3/4)"
P -4 3 n,514,6.0,b,222..,"(0,1/2,1/2) (1/2,0,1/2) (1/2,1/2,0) (0,1/2,0) (1/2,0,0) (0,0,1/2)"
P -4 3 n,514,2.0,a,23,"(0,0,0) (1/2,1/2,1/2)"
F -4 3 c,515,96.0,h,1,"(x,y,z) (-x,-y,z) (-x,y,-z) (x,-y,-z) (z,x,y) (z,-x,-y) (-z,-x,y) (-z,x,-y) (y,z,x) (-y,z,-x) (y,-z,-x) (-y,-z,x) (y+1/2,x+1/2,z+1/2) (-y+1/2,-x+1/2,z+1/2) (y+1/2,-x+1/2,-z+1/2) (-y+1/2,x+1/2,-z+1/2) (x+1/2,z+1/2,y+1/2) (-x+1/2,z+1/2,-y+1/2) (-x+1/2,-z+1/2,y+1/2) (x+1/2,-z+1/2,-y+1/2) (z+1/2,y+1/2,x+1/2) (z+1/2,-y+1/2,-x+1/2) (-z+1/2,y+1/2,-x+1/2) (-z+1/2,-y+1/2,x+1/2)"
F -4 3 c,515,48.0,g,2..,"(x,1/4,1/4) (-x,3/4,1/4) (1/4,x,1/4) (1/4,-x,3/4) (1/4,1/4,x) (3/4,1/4,-x) (3/4,x+1/2,3/4) (1/4,-x+1/2,3/4) (x+1/2,3/4,3/4) (-x+1/2,3/4,1/4) (3/4,3/4,x+1/2) (3/4,1/4,-x+1/2)"
F -4 3 c,515,48.0,f,2..,"(x,0,0) (-x,0,0) (0,x,0) (0,-x,0) (0,0,x) (0,0,-x) (1/2,x+1/2,1/2) (1/2,-x+1/2,1/2) (x+1/2,1/2,1/2) (-x+1/2,1/2,1/2) (1/2,1/2,x+1/2) (1/2,1/2,-x+1/2)"
F -4 3 c,515,32.0,e,.3.,"(x,x,x) (-x,-x,x) (-x,x,-x) (x,-x,-x) (x+1/2,x+1/2,x+1/2) (-x+1/2,-x+1/2,x+1/2) (x+1/2,-x+1/2,-x+1/2) (-x+1/2,x+1/2,-x+1/2)"
F -4 3 c,515,24.0,d,-4..,"(1/4,0,0) (3/4,0,0) (0,1/4,0) (0,3/4,0) (0,0,1/4) (0,0,3/4)"
F -4 3 c,515,24.0,c,-4..,"(0,1/4,1/4) (0,3/4,1/4) (1/4,0,1/4) (1/4,0,3/4) (1/4,1/4,0) (3/4,1/4,0)"
F -4 3 c,515,8.0,b,23,"(1/4,1/4,1/4) (3/4,3/4,3/4)"
F -4 3 c,515,8.0,a,23,"(0,0,0) (1/2,1/2,1/2)"
I -4 3 d,516,48.0,e,1,"(x,y,z) (-x+1/2,-y,z+1/2) (-x,y+1/2,-z+1/2) (x+1/2,-y+1/2,-z) (z,x,y) (z+1/2,-x+1/2,-y) (-z+1/2,-x,y+1/2) (-z,x+1/2,-y+1/2) (y,z,x) (-y,z+1/2,-x+1/2) (y+1/2,-z+1/2,-x) (-y+1/2,-z,x+1/2) (y+1/4,x+1/4,z+1/4) (-y+1/4,-x+3/4,z+3/4) (y+3/4,-x+1/4,-z+3/4) (-y+3/4,x+3/4,-z+1/4) (x+1/4,z+1/4,y+1/4) (-x+3/4,z+3/4,-y+1/4) (-x+1/4,-z+3/4,y+3/4) (x+3/4,-z+1/4,-y+3/4) (z+1/4,y+1/4,x+1/4) (z+3/4,-y+1/4,-x+3/4) (-z+3/4,y+3/4,-x+1/4) (-z+1/4,-y+3/4,x+3/4)"
I -4 3 d,516,24.0,d,2..,"(x,0,1/4) (-x+1/2,0,3/4) (1/4,x,0) (3/4,-x+1/2,0) (0,1/4,x) (0,3/4,-x+1/2) (1/4,x+1/4,1/2) (1/4,-x+3/4,0) (x+1/4,1/2,1/4) (-x+3/4,0,1/4) (1/2,1/4,x+1/4) (0,1/4,-x+3/4)"
I -4 3 d,516,16.0,c,.3.,"(x,x,x) (-x+1/2,-x,x+1/2) (-x,x+1/2,-x+1/2) (x+1/2,-x+1/2,-x) (x+1/4,x+1/4,x+1/4) (-x+1/4,-x+3/4,x+3/4) (x+3/4,-x+1/4,-x+3/4) (-x+3/4,x+3/4,-x+1/4)"
I -4 3 d,516,12.0,b,-4..,"(7/8,0,1/4) (5/8,0,3/4) (1/4,7/8,0) (3/4,5/8,0) (0,1/4,7/8) (0,3/4,5/8)"
I -4 3 d,516,12.0,a,-4..,"(3/8,0,1/4) (1/8,0,3/4) (1/4,3/8,0) (3/4,1/8,0) (0,1/4,3/8) (0,3/4,1/8)"
P 4/m -3 2/m,517,48.0,n,1,"(x,y,z) (-x,-y,z) (-x,y,-z) (x,-y,-z) (z,x,y) (z,-x,-y) (-z,-x,y) (-z,x,-y) (y,z,x) (-y,z,-x) (y,-z,-x) (-y,-z,x) (y,x,-z) (-y,-x,-z) (y,-x,z) (-y,x,z) (x,z,-y) (-x,z,y) (-x,-z,-y) (x,-z,y) (z,y,-x) (z,-y,x) (-z,y,x) (-z,-y,-x) (-x,-y,-z) (x,y,-z) (x,-y,z) (-x,y,z) (-z,-x,-y) (-z,x,y) (z,x,-y) (z,-x,y) (-y,-z,-x) (y,-z,x) (-y,z,x) (y,z,-x) (-y,-x,z) (y,x,z) (-y,x,-z) (y,-x,-z) (-x,-z,y) (x,-z,-y) (x,z,y) (-x,z,-y) (-z,-y,x) (-z,y,-x) (z,-y,-x) (z,y,x)"
P 4/m -3 2/m,517,24.0,m,..m,"(x,x,z) (-x,-x,z) (-x,x,-z) (x,-x,-z) (z,x,x) (z,-x,-x) (-z,-x,x) (-z,x,-x) (x,z,x) (-x,z,-x) (x,-z,-x) (-x,-z,x) (x,x,-z) (-x,-x,-z) (x,-x,z) (-x,x,z) (x,z,-x) (-x,z,x) (-x,-z,-x) (x,-z,x) (z,x,-x) (z,-x,x) (-z,x,x) (-z,-x,-x)"
P 4/m -3 2/m,517,24.0,l,m..,"(1/2,y,z) (1/2,-y,z) (1/2,y,-z) (1/2,-y,-z) (z,1/2,y) (z,1/2,-y) (-z,1/2,y) (-z,1/2,-y) (y,z,1/2) (-y,z,1/2) (y,-z,1/2) (-y,-z,1/2) (y,1/2,-z) (-y,1/2,-z) (y,1/2,z) (-y,1/2,z) (1/2,z,-y) (1/2,z,y) (1/2,-z,-y) (1/2,-z,y) (z,y,1/2) (z,-y,1/2) (-z,y,1/2) (-z,-y,1/2)"
P 4/m -3 2/m,517,24.0,k,m..,"(0,y,z) (0,-y,z) (0,y,-z) (0,-y,-z) (z,0,y) (z,0,-y) (-z,0,y) (-z,0,-y) (y,z,0) (-y,z,0) (y,-z,0) (-y,-z,0) (y,0,-z) (-y,0,-z) (y,0,z) (-y,0,z) (0,z,-y) (0,z,y) (0,-z,-y) (0,-z,y) (z,y,0) (z,-y,0) (-z,y,0) (-z,-y,0)"
P 4/m -3 2/m,517,12.0,j,m.m2,"(1/2,y,y) (1/2,-y,y) (1/2,y,-y) (1/2,-y,-y) (y,1/2,y) (y,1/2,-y) (-y,1/2,y) (-y,1/2,-y) (y,y,1/2) (-y,y,1/2) (y,-y,1/2) (-y,-y,1/2)"
P 4/m -3 2/m,517,12.0,i,m.m2,"(0,y,y) (0,-y,y) (0,y,-y) (0,-y,-y) (y,0,y) (y,0,-y) (-y,0,y) (-y,0,-y) (y,y,0) (-y,y,0) (y,-y,0) (-y,-y,0)"
P 4/m -3 2/m,517,12.0,h,mm2..,"(x,1/2,0) (-x,1/2,0) (0,x,1/2) (0,-x,1/2) (1/2,0,x) (1/2,0,-x) (1/2,x,0) (1/2,-x,0) (x,0,1/2) (-x,0,1/2) (0,1/2,-x) (0,1/2,x)"
P 4/m -3 2/m,517,8.0,g,.3m,"(x,x,x) (-x,-x,x) (-x,x,-x) (x,-x,-x) (x,x,-x) (-x,-x,-x) (x,-x,x) (-x,x,x)"
P 4/m -3 2/m,517,6.0,f,4m.m,"(x,1/2,1/2) (-x,1/2,1/2) (1/2,x,1/2) (1/2,-x,1/2) (1/2,1/2,x) (1/2,1/2,-x)"
P 4/m -3 2/m,517,6.0,e,4m.m,"(x,0,0) (-x,0,0) (0,x,0) (0,-x,0) (0,0,x) (0,0,-x)"
P 4/m -3 2/m,517,3.0,d,4/mm.m,"(1/2,0,0) (0,1/2,0) (0,0,1/2)"
P 4/m -3 2/m,517,3.0,c,4/mm.m,"(0,1/2,1/2) (1/2,0,1/2) (1/2,1/2,0)"
P 4/m -3 2/m,517,1.0,b,m-3m,"(1/2,1/2,1/2)"
P 4/m -3 2/m,517,1.0,a,m-3m,"(0,0,0)"
P 4/n -3 2/n,518,48.0,i,1,"(x,y,z) (-x,-y,z) (-x,y,-z) (x,-y,-z) (z,x,y) (z,-x,-y) (-z,-x,y) (-z,x,-y) (y,z,x) (-y,z,-x) (y,-z,-x) (-y,-z,x) (y,x,-z) (-y,-x,-z) (y,-x,z) (-y,x,z) (x,z,-y) (-x,z,y) (-x,-z,-y) (x,-z,y) (z,y,-x) (z,-y,x) (-z,y,x) (-z,-y,-x) (-x+1/2,-y+1/2,-z+1/2) (x+1/2,y+1/2,-z+1/2) (x+1/2,-y+1/2,z+1/2) (-x+1/2,y+1/2,z+1/2) (-z+1/2,-x+1/2,-y+1/2) (-z+1/2,x+1/2,y+1/2) (z+1/2,x+1/2,-y+1/2) (z+1/2,-x+1/2,y+1/2) (-y+1/2,-z+1/2,-x+1/2) (y+1/2,-z+1/2,x+1/2) (-y+1/2,z+1/2,x+1/2) (y+1/2,z+1/2,-x+1/2) (-y+1/2,-x+1/2,z+1/2) (y+1/2,x+1/2,z+1/2) (-y+1/2,x+1/2,-z+1/2) (y+1/2,-x+1/2,-z+1/2) (-x+1/2,-z+1/2,y+1/2) (x+1/2,-z+1/2,-y+1/2) (x+1/2,z+1/2,y+1/2) (-x+1/2,z+1/2,-y+1/2) (-z+1/2,-y+1/2,x+1/2) (-z+1/2,y+1/2,-x+1/2) (z+1/2,-y+1/2,-x+1/2) (z+1/2,y+1/2,x+1/2)"
P 4/n -3 2/n,518,24.0,h,..2,"(0,y,y) (0,-y,y) (0,y,-y) (0,-y,-y) (y,0,y) (y,0,-y) (-y,0,y) (-y,0,-y) (y,y,0) (-y,y,0) (y,-y,0) (-y,-y,0) (1/2,-y+1/2,-y+1/2) (1/2,y+1/2,-y+1/2) (1/2,-y+1/2,y+1/2) (1/2,y+1/2,y+1/2) (-y+1/2,1/2,-y+1/2) (-y+1/2,1/2,y+1/2) (y+1/2,1/2,-y+1/2) (y+1/2,1/2,y+1/2) (-y+1/2,-y+1/2,1/2) (y+1/2,-y+1/2,1/2) (-y+1/2,y+1/2,1/2) (y+1/2,y+1/2,1/2)"
P 4/n -3 2/n,518,24.0,g,2..,"(x,0,1/2) (-x,0,1/2) (1/2,x,0) (1/2,-x,0) (0,1/2,x) (0,1/2,-x) (0,x,1/2) (0,-x,1/2) (x,1/2,0) (-x,1/2,0) (1/2,0,-x) (1/2,0,x) (-x+1/2,1/2,0) (x+1/2,1/2,0) (0,-x+1/2,1/2) (0,x+1/2,1/2) (1/2,0,-x+1/2) (1/2,0,x+1/2) (1/2,-x+1/2,0) (1/2,x+1/2,0) (-x+1/2,0,1/2) (x+1/2,0,1/2) (0,1/2,x+1/2) (0,1/2,-x+1/2)"
P 4/n -3 2/n,518,16.0,f,.3.,"(x,x,x) (-x,-x,x) (-x,x,-x) (x,-x,-x) (x,x,-x) (-x,-x,-x) (x,-x,x) (-x,x,x) (-x+1/2,-x+1/2,-x+1/2) (x+1/2,x+1/2,-x+1/2) (x+1/2,-x+1/2,x+1/2) (-x+1/2,x+1/2,x+1/2) (-x+1/2,-x+1/2,x+1/2) (x+1/2,x+1/2,x+1/2) (-x+1/2,x+1/2,-x+1/2) (x+1/2,-x+1/2,-x+1/2)"
P 4/n -3 2/n,518,12.0,e,4..,"(x,0,0) (-x,0,0) (0,x,0) (0,-x,0) (0,0,x) (0,0,-x) (-x+1/2,1/2,1/2) (x+1/2,1/2,1/2) (1/2,-x+1/2,1/2) (1/2,x+1/2,1/2) (1/2,1/2,-x+1/2) (1/2,1/2,x+1/2)"
P 4/n -3 2/n,518,12.0,d,-4..,"(1/4,0,1/2) (3/4,0,1/2) (1/2,1/4,0) (1/2,3/4,0) (0,1/2,1/4) (0,1/2,3/4) (0,1/4,1/2) (0,3/4,1/2) (1/4,1/2,0) (3/4,1/2,0) (1/2,0,3/4) (1/2,0,1/4)"
P 4/n -3 2/n,518,8.0,c,.-3.,"(1/4,1/4,1/4) (3/4,3/4,1/4) (3/4,1/4,3/4) (1/4,3/4,3/4) (1/4,1/4,3/4) (3/4,3/4,3/4) (1/4,3/4,1/4) (3/4,1/4,1/4)"
P 4/n -3 2/n,518,6.0,b,42.2,"(0,1/2,1/2) (1/2,0,1/2) (1/2,1/2,0) (1/2,0,0) (0,1/2,0) (0,0,1/2)"
P 4/n -3 2/n,518,2.0,a,432,"(0,0,0) (1/2,1/2,1/2)"
P 4/n -3 2/n,519,48.0,i,1,"(x,y,z) (-x+1/2,-y+1/2,z) (-x+1/2,y,-z+1/2) (x,-y+1/2,-z+1/2) (z,x,y) (z,-x+1/2,-y+1/2) (-z+1/2,-x+1/2,y) (-z+1/2,x,-y+1/2) (y,z,x) (-y+1/2,z,-x+1/2) (y,-z+1/2,-x+1/2) (-y+1/2,-z+1/2,x) (y,x,-z+1/2) (-y+1/2,-x+1/2,-z+1/2) (y,-x+1/2,z) (-y+1/2,x,z) (x,z,-y+1/2) (-x+1/2,z,y) (-x+1/2,-z+1/2,-y+1/2) (x,-z+1/2,y) (z,y,-x+1/2) (z,-y+1/2,x) (-z+1/2,y,x) (-z+1/2,-y+1/2,-x+1/2) (-x,-y,-z) (x+1/2,y+1/2,-z) (x+1/2,-y,z+1/2) (-x,y+1/2,z+1/2) (-z,-x,-y) (-z,x+1/2,y+1/2) (z+1/2,x+1/2,-y) (z+1/2,-x,y+1/2) (-y,-z,-x) (y+1/2,-z,x+1/2) (-y,z+1/2,x+1/2) (y+1/2,z+1/2,-x) (-y,-x,z+1/2) (y+1/2,x+1/2,z+1/2) (-y,x+1/2,-z) (y+1/2,-x,-z) (-x,-z,y+1/2) (x+1/2,-z,-y) (x+1/2,z+1/2,y+1/2) (-x,z+1/2,-y) (-z,-y,x+1/2) (-z,y+1/2,-x) (z+1/2,-y,-x) (z+1/2,y+1/2,x+1/2)"
P 4/n -3 2/n,519,24.0,h,..2,"(1/4,y,y) (1/4,-y+1/2,y) (1/4,y,-y+1/2) (1/4,-y+1/2,-y+1/2) (y,1/4,y) (y,1/4,-y+1/2) (-y+1/2,1/4,y) (-y+1/2,1/4,-y+1/2) (y,y,1/4) (-y+1/2,y,1/4) (y,-y+1/2,1/4) (-y+1/2,-y+1/2,1/4) (3/4,-y,-y) (3/4,y+1/2,-y) (3/4,-y,y+1/2) (3/4,y+1/2,y+1/2) (-y,3/4,-y) (-y,3/4,y+1/2) (y+1/2,3/4,-y) (y+1/2,3/4,y+1/2) (-y,-y,3/4) (y+1/2,-y,3/4) (-y,y+1/2,3/4) (y+1/2,y+1/2,3/4)"
P 4/n -3 2/n,519,24.0,g,2..,"(x,3/4,1/4) (-x+1/2,3/4,1/4) (1/4,x,3/4) (1/4,-x+1/2,3/4) (3/4,1/4,x) (3/4,1/4,-x+1/2) (3/4,x,1/4) (3/4,-x+1/2,1/4) (x,1/4,3/4) (-x+1/2,1/4,3/4) (1/4,3/4,-x+1/2) (1/4,3/4,x) (-x,1/4,3/4) (x+1/2,1/4,3/4) (3/4,-x,1/4) (3/4,x+1/2,1/4) (1/4,3/4,-x) (1/4,3/4,x+1/2) (1/4,-x,3/4) (1/4,x+1/2,3/4) (-x,3/4,1/4) (x+1/2,3/4,1/4) (3/4,1/4,x+1/2) (3/4,1/4,-x)"
P 4/n -3 2/n,519,16.0,f,.3.,"(x,x,x) (-x+1/2,-x+1/2,x) (-x+1/2,x,-x+1/2) (x,-x+1/2,-x+1/2) (x,x,-x+1/2) (-x+1/2,-x+1/2,-x+1/2) (x,-x+1/2,x) (-x+1/2,x,x) (-x,-x,-x) (x+1/2,x+1/2,-x) (x+1/2,-x,x+1/2) (-x,x+1/2,x+1/2) (-x,-x,x+1/2) (x+1/2,x+1/2,x+1/2) (-x,x+1/2,-x) (x+1/2,-x,-x)"
P 4/n -3 2/n,519,12.0,e,4..,"(x,1/4,1/4) (-x+1/2,1/4,1/4) (1/4,x,1/4) (1/4,-x+1/2,1/4) (1/4,1/4,x) (1/4,1/4,-x+1/2) (-x,3/4,3/4) (x+1/2,3/4,3/4) (3/4,-x,3/4) (3/4,x+1/2,3/4) (3/4,3/4,-x) (3/4,3/4,x+1/2)"
P 4/n -3 2/n,519,12.0,d,-4..,"(0,3/4,1/4) (1/2,3/4,1/4) (1/4,0,3/4) (1/4,1/2,3/4) (3/4,1/4,0) (3/4,1/4,1/2) (3/4,0,1/4) (3/4,1/2,1/4) (0,1/4,3/4) (1/2,1/4,3/4) (1/4,3/4,1/2) (1/4,3/4,0)"
P 4/n -3 2/n,519,8.0,c,.-3.,"(0,0,0) (1/2,1/2,0) (1/2,0,1/2) (0,1/2,1/2) (0,0,1/2) (1/2,1/2,1/2) (0,1/2,0) (1/2,0,0)"
P 4/n -3 2/n,519,6.0,b,42.2,"(3/4,1/4,1/4) (1/4,3/4,1/4) (1/4,1/4,3/4) (1/4,3/4,3/4) (3/4,1/4,3/4) (3/4,3/4,1/4)"
P 4/n -3 2/n,519,2.0,a,432,"(1/4,1/4,1/4) (3/4,3/4,3/4)"
P 42/m -3 2/n,520,48.0,l,1,"(x,y,z) (-x,-y,z) (-x,y,-z) (x,-y,-z) (z,x,y) (z,-x,-y) (-z,-x,y) (-z,x,-y) (y,z,x) (-y,z,-x) (y,-z,-x) (-y,-z,x) (y+1/2,x+1/2,-z+1/2) (-y+1/2,-x+1/2,-z+1/2) (y+1/2,-x+1/2,z+1/2) (-y+1/2,x+1/2,z+1/2) (x+1/2,z+1/2,-y+1/2) (-x+1/2,z+1/2,y+1/2) (-x+1/2,-z+1/2,-y+1/2) (x+1/2,-z+1/2,y+1/2) (z+1/2,y+1/2,-x+1/2) (z+1/2,-y+1/2,x+1/2) (-z+1/2,y+1/2,x+1/2) (-z+1/2,-y+1/2,-x+1/2) (-x,-y,-z) (x,y,-z) (x,-y,z) (-x,y,z) (-z,-x,-y) (-z,x,y) (z,x,-y) (z,-x,y) (-y,-z,-x) (y,-z,x) (-y,z,x) (y,z,-x) (-y+1/2,-x+1/2,z+1/2) (y+1/2,x+1/2,z+1/2) (-y+1/2,x+1/2,-z+1/2) (y+1/2,-x+1/2,-z+1/2) (-x+1/2,-z+1/2,y+1/2) (x+1/2,-z+1/2,-y+1/2) (x+1/2,z+1/2,y+1/2) (-x+1/2,z+1/2,-y+1/2) (-z+1/2,-y+1/2,x+1/2) (-z+1/2,y+1/2,-x+1/2) (z+1/2,-y+1/2,-x+1/2) (z+1/2,y+1/2,x+1/2)"
P 42/m -3 2/n,520,24.0,k,m..,"(0,y,z) (0,-y,z) (0,y,-z) (0,-y,-z) (z,0,y) (z,0,-y) (-z,0,y) (-z,0,-y) (y,z,0) (-y,z,0) (y,-z,0) (-y,-z,0) (y+1/2,1/2,-z+1/2) (-y+1/2,1/2,-z+1/2) (y+1/2,1/2,z+1/2) (-y+1/2,1/2,z+1/2) (1/2,z+1/2,-y+1/2) (1/2,z+1/2,y+1/2) (1/2,-z+1/2,-y+1/2) (1/2,-z+1/2,y+1/2) (z+1/2,y+1/2,1/2) (z+1/2,-y+1/2,1/2) (-z+1/2,y+1/2,1/2) (-z+1/2,-y+1/2,1/2)"
P 42/m -3 2/n,520,24.0,j,..2,"(1/4,y,y+1/2) (3/4,-y,y+1/2) (3/4,y,-y+1/2) (1/4,-y,-y+1/2) (y+1/2,1/4,y) (y+1/2,3/4,-y) (-y+1/2,3/4,y) (-y+1/2,1/4,-y) (y,y+1/2,1/4) (-y,y+1/2,3/4) (y,-y+1/2,3/4) (-y,-y+1/2,1/4) (3/4,-y,-y+1/2) (1/4,y,-y+1/2) (1/4,-y,y+1/2) (3/4,y,y+1/2) (-y+1/2,3/4,-y) (-y+1/2,1/4,y) (y+1/2,1/4,-y) (y+1/2,3/4,y) (-y,-y+1/2,3/4) (y,-y+1/2,1/4) (-y,y+1/2,1/4) (y,y+1/2,3/4)"
P 42/m -3 2/n,520,16.0,i,.3.,"(x,x,x) (-x,-x,x) (-x,x,-x) (x,-x,-x) (x+1/2,x+1/2,-x+1/2) (-x+1/2,-x+1/2,-x+1/2) (x+1/2,-x+1/2,x+1/2) (-x+1/2,x+1/2,x+1/2) (-x,-x,-x) (x,x,-x) (x,-x,x) (-x,x,x) (-x+1/2,-x+1/2,x+1/2) (x+1/2,x+1/2,x+1/2) (-x+1/2,x+1/2,-x+1/2) (x+1/2,-x+1/2,-x+1/2)"
P 42/m -3 2/n,520,12.0,h,mm2..,"(x,1/2,0) (-x,1/2,0) (0,x,1/2) (0,-x,1/2) (1/2,0,x) (1/2,0,-x) (0,x+1/2,1/2) (0,-x+1/2,1/2) (x+1/2,1/2,0) (-x+1/2,1/2,0) (1/2,0,-x+1/2) (1/2,0,x+1/2)"
P 42/m -3 2/n,520,12.0,g,mm2..,"(x,0,1/2) (-x,0,1/2) (1/2,x,0) (1/2,-x,0) (0,1/2,x) (0,1/2,-x) (1/2,x+1/2,0) (1/2,-x+1/2,0) (x+1/2,0,1/2) (-x+1/2,0,1/2) (0,1/2,-x+1/2) (0,1/2,x+1/2)"
P 42/m -3 2/n,520,12.0,f,mm2..,"(x,0,0) (-x,0,0) (0,x,0) (0,-x,0) (0,0,x) (0,0,-x) (1/2,x+1/2,1/2) (1/2,-x+1/2,1/2) (x+1/2,1/2,1/2) (-x+1/2,1/2,1/2) (1/2,1/2,-x+1/2) (1/2,1/2,x+1/2)"
P 42/m -3 2/n,520,8.0,e,0.32,"(1/4,1/4,1/4) (3/4,3/4,1/4) (3/4,1/4,3/4) (1/4,3/4,3/4) (3/4,3/4,3/4) (1/4,1/4,3/4) (1/4,3/4,1/4) (3/4,1/4,1/4)"
P 42/m -3 2/n,520,6.0,d,-4m.2,"(1/4,1/2,0) (3/4,1/2,0) (0,1/4,1/2) (0,3/4,1/2) (1/2,0,1/4) (1/2,0,3/4)"
P 42/m -3 2/n,520,6.0,c,-4m.2,"(1/4,0,1/2) (3/4,0,1/2) (1/2,1/4,0) (1/2,3/4,0) (0,1/2,1/4) (0,1/2,3/4)"
P 42/m -3 2/n,520,6.0,b,mmm..,"(0,1/2,1/2) (1/2,0,1/2) (1/2,1/2,0) (0,1/2,0) (1/2,0,0) (0,0,1/2)"
P 42/m -3 2/n,520,2.0,a,m-3.,"(0,0,0) (1/2,1/2,1/2)"
P 42/n -3 2/m,521,48.0,l,1,"(x,y,z) (-x,-y,z) (-x,y,-z) (x,-y,-z) (z,x,y) (z,-x,-y) (-z,-x,y) (-z,x,-y) (y,z,x) (-y,z,-x) (y,-z,-x) (-y,-z,x) (y+1/2,x+1/2,-z+1/2) (-y+1/2,-x+1/2,-z+1/2) (y+1/2,-x+1/2,z+1/2) (-y+1/2,x+1/2,z+1/2) (x+1/2,z+1/2,-y+1/2) (-x+1/2,z+1/2,y+1/2) (-x+1/2,-z+1/2,-y+1/2) (x+1/2,-z+1/2,y+1/2) (z+1/2,y+1/2,-x+1/2) (z+1/2,-y+1/2,x+1/2) (-z+1/2,y+1/2,x+1/2) (-z+1/2,-y+1/2,-x+1/2) (-x+1/2,-y+1/2,-z+1/2) (x+1/2,y+1/2,-z+1/2) (x+1/2,-y+1/2,z+1/2) (-x+1/2,y+1/2,z+1/2) (-z+1/2,-x+1/2,-y+1/2) (-z+1/2,x+1/2,y+1/2) (z+1/2,x+1/2,-y+1/2) (z+1/2,-x+1/2,y+1/2) (-y+1/2,-z+1/2,-x+1/2) (y+1/2,-z+1/2,x+1/2) (-y+1/2,z+1/2,x+1/2) (y+1/2,z+1/2,-x+1/2) (-y,-x,z) (y,x,z) (-y,x,-z) (y,-x,-z) (-x,-z,y) (x,-z,-y) (x,z,y) (-x,z,-y) (-z,-y,x) (-z,y,-x) (z,-y,-x) (z,y,x)"
P 42/n -3 2/m,521,24.0,k,..m,"(x,x,z) (-x,-x,z) (-x,x,-z) (x,-x,-z) (z,x,x) (z,-x,-x) (-z,-x,x) (-z,x,-x) (x,z,x) (-x,z,-x) (x,-z,-x) (-x,-z,x) (x+1/2,x+1/2,-z+1/2) (-x+1/2,-x+1/2,-z+1/2) (x+1/2,-x+1/2,z+1/2) (-x+1/2,x+1/2,z+1/2) (x+1/2,z+1/2,-x+1/2) (-x+1/2,z+1/2,x+1/2) (-x+1/2,-z+1/2,-x+1/2) (x+1/2,-z+1/2,x+1/2) (z+1/2,x+1/2,-x+1/2) (z+1/2,-x+1/2,x+1/2) (-z+1/2,x+1/2,x+1/2) (-z+1/2,-x+1/2,-x+1/2)"
P 42/n -3 2/m,521,24.0,j,..2,"(1/4,y,y+1/2) (3/4,-y,y+1/2) (3/4,y,-y+1/2) (1/4,-y,-y+1/2) (y+1/2,1/4,y) (y+1/2,3/4,-y) (-y+1/2,3/4,y) (-y+1/2,1/4,-y) (y,y+1/2,1/4) (-y,y+1/2,3/4) (y,-y+1/2,3/4) (-y,-y+1/2,1/4) (1/4,-y+1/2,-y) (3/4,y+1/2,-y) (3/4,-y+1/2,y) (1/4,y+1/2,y) (-y,1/4,-y+1/2) (-y,3/4,y+1/2) (y,3/4,-y+1/2) (y,1/4,y+1/2) (-y+1/2,-y,1/4) (y+1/2,-y,3/4) (-y+1/2,y,3/4) (y+1/2,y,1/4)"
P 42/n -3 2/m,521,24.0,i,..2,"(1/4,y,-y+1/2) (3/4,-y,-y+1/2) (3/4,y,y+1/2) (1/4,-y,y+1/2) (-y+1/2,1/4,y) (-y+1/2,3/4,-y) (y+1/2,3/4,y) (y+1/2,1/4,-y) (y,-y+1/2,1/4) (-y,-y+1/2,3/4) (y,y+1/2,3/4) (-y,y+1/2,1/4) (1/4,-y+1/2,y) (3/4,y+1/2,y) (3/4,-y+1/2,-y) (1/4,y+1/2,-y) (y,1/4,-y+1/2) (y,3/4,y+1/2) (-y,3/4,-y+1/2) (-y,1/4,y+1/2) (-y+1/2,y,1/4) (y+1/2,y,3/4) (-y+1/2,-y,3/4) (y+1/2,-y,1/4)"
P 42/n -3 2/m,521,24.0,h,2..,"(x,0,1/2) (-x,0,1/2) (1/2,x,0) (1/2,-x,0) (0,1/2,x) (0,1/2,-x) (1/2,x+1/2,0) (1/2,-x+1/2,0) (x+1/2,0,1/2) (-x+1/2,0,1/2) (0,1/2,-x+1/2) (0,1/2,x+1/2) (-x+1/2,1/2,0) (x+1/2,1/2,0) (0,-x+1/2,1/2) (0,x+1/2,1/2) (1/2,0,-x+1/2) (1/2,0,x+1/2) (0,-x,1/2) (0,x,1/2) (-x,1/2,0) (x,1/2,0) (1/2,0,x) (1/2,0,-x)"
P 42/n -3 2/m,521,12.0,g,2.mm,"(x,0,0) (-x,0,0) (0,x,0) (0,-x,0) (0,0,x) (0,0,-x) (1/2,x+1/2,1/2) (1/2,-x+1/2,1/2) (x+1/2,1/2,1/2) (-x+1/2,1/2,1/2) (1/2,1/2,-x+1/2) (1/2,1/2,x+1/2)"
P 42/n -3 2/m,521,12.0,f,2.22,"(1/4,0,1/2) (3/4,0,1/2) (1/2,1/4,0) (1/2,3/4,0) (0,1/2,1/4) (0,1/2,3/4) (1/4,1/2,0) (3/4,1/2,0) (0,1/4,1/2) (0,3/4,1/2) (1/2,0,1/4) (1/2,0,3/4)"
P 42/n -3 2/m,521,8.0,e,.3m,"(x,x,x) (-x,-x,x) (-x,x,-x) (x,-x,-x) (x+1/2,x+1/2,-x+1/2) (-x+1/2,-x+1/2,-x+1/2) (x+1/2,-x+1/2,x+1/2) (-x+1/2,x+1/2,x+1/2)"
P 42/n -3 2/m,521,6.0,d,-42.m,"(0,1/2,1/2) (1/2,0,1/2) (1/2,1/2,0) (0,1/2,0) (1/2,0,0) (0,0,1/2)"
P 42/n -3 2/m,521,4.0,c,.-3m,"(3/4,3/4,3/4) (1/4,1/4,3/4) (1/4,3/4,1/4) (3/4,1/4,1/4)"
P 42/n -3 2/m,521,4.0,b,.-3m,"(1/4,1/4,1/4) (3/4,3/4,1/4) (3/4,1/4,3/4) (1/4,3/4,3/4)"
P 42/n -3 2/m,521,2.0,a,-43m,"(0,0,0) (1/2,1/2,1/2)"
P 42/n -3 2/m,522,48.0,l,1,"(x,y,z) (-x+1/2,-y+1/2,z) (-x+1/2,y,-z+1/2) (x,-y+1/2,-z+1/2) (z,x,y) (z,-x+1/2,-y+1/2) (-z+1/2,-x+1/2,y) (-z+1/2,x,-y+1/2) (y,z,x) (-y+1/2,z,-x+1/2) (y,-z+1/2,-x+1/2) (-y+1/2,-z+1/2,x) (y+1/2,x+1/2,-z) (-y,-x,-z) (y+1/2,-x,z+1/2) (-y,x+1/2,z+1/2) (x+1/2,z+1/2,-y) (-x,z+1/2,y+1/2) (-x,-z,-y) (x+1/2,-z,y+1/2) (z+1/2,y+1/2,-x) (z+1/2,-y,x+1/2) (-z,y+1/2,x+1/2) (-z,-y,-x) (-x,-y,-z) (x+1/2,y+1/2,-z) (x+1/2,-y,z+1/2) (-x,y+1/2,z+1/2) (-z,-x,-y) (-z,x+1/2,y+1/2) (z+1/2,x+1/2,-y) (z+1/2,-x,y+1/2) (-y,-z,-x) (y+1/2,-z,x+1/2) (-y,z+1/2,x+1/2) (y+1/2,z+1/2,-x) (-y+1/2,-x+1/2,z) (y,x,z) (-y+1/2,x,-z+1/2) (y,-x+1/2,-z+1/2) (-x+1/2,-z+1/2,y) (x,-z+1/2,-y+1/2) (x,z,y) (-x+1/2,z,-y+1/2) (-z+1/2,-y+1/2,x) (-z+1/2,y,-x+1/2) (z,-y+1/2,-x+1/2) (z,y,x)"
P 42/n -3 2/m,522,24.0,k,..m,"(x,x,z) (-x+1/2,-x+1/2,z) (-x+1/2,x,-z+1/2) (x,-x+1/2,-z+1/2) (z,x,x) (z,-x+1/2,-x+1/2) (-z+1/2,-x+1/2,x) (-z+1/2,x,-x+1/2) (x,z,x) (-x+1/2,z,-x+1/2) (x,-z+1/2,-x+1/2) (-x+1/2,-z+1/2,x) (x+1/2,x+1/2,-z) (-x,-x,-z) (x+1/2,-x,z+1/2) (-x,x+1/2,z+1/2) (x+1/2,z+1/2,-x) (-x,z+1/2,x+1/2) (-x,-z,-x) (x+1/2,-z,x+1/2) (z+1/2,x+1/2,-x) (z+1/2,-x,x+1/2) (-z,x+1/2,x+1/2) (-z,-x,-x)"
P 42/n -3 2/m,522,24.0,j,..2,"(1/2,y,-y) (0,-y+1/2,-y) (0,y,y+1/2) (1/2,-y+1/2,y+1/2) (-y,1/2,y) (-y,0,-y+1/2) (y+1/2,0,y) (y+1/2,1/2,-y+1/2) (y,-y,1/2) (-y+1/2,-y,0) (y,y+1/2,0) (-y+1/2,y+1/2,1/2) (1/2,-y,y) (0,y+1/2,y) (0,-y,-y+1/2) (1/2,y+1/2,-y+1/2) (y,1/2,-y) (y,0,y+1/2) (-y+1/2,0,-y) (-y+1/2,1/2,y+1/2) (-y,y,1/2) (y+1/2,y,0) (-y,-y+1/2,0) (y+1/2,-y+1/2,1/2)"
P 42/n -3 2/m,522,24.0,i,..2,"(1/2,y,y+1/2) (0,-y+1/2,y+1/2) (0,y,-y) (1/2,-y+1/2,-y) (y+1/2,1/2,y) (y+1/2,0,-y+1/2) (-y,0,y) (-y,1/2,-y+1/2) (y,y+1/2,1/2) (-y+1/2,y+1/2,0) (y,-y,0) (-y+1/2,-y,1/2) (1/2,-y,-y+1/2) (0,y+1/2,-y+1/2) (0,-y,y) (1/2,y+1/2,y) (-y+1/2,1/2,-y) (-y+1/2,0,y+1/2) (y,0,-y) (y,1/2,y+1/2) (-y,-y+1/2,1/2) (y+1/2,-y+1/2,0) (-y,y,0) (y+1/2,y,1/2)"
P 42/n -3 2/m,522,24.0,h,2..,"(x,1/4,3/4) (-x+1/2,1/4,3/4) (3/4,x,1/4) (3/4,-x+1/2,1/4) (1/4,3/4,x) (1/4,3/4,-x+1/2) (3/4,x+1/2,1/4) (3/4,-x,1/4) (x+1/2,1/4,3/4) (-x,1/4,3/4) (1/4,3/4,-x) (1/4,3/4,x+1/2) (-x,3/4,1/4) (x+1/2,3/4,1/4) (1/4,-x,3/4) (1/4,x+1/2,3/4) (3/4,1/4,-x) (3/4,1/4,x+1/2) (1/4,-x+1/2,3/4) (1/4,x,3/4) (-x+1/2,3/4,1/4) (x,3/4,1/4) (3/4,1/4,x) (3/4,1/4,-x+1/2)"
P 42/n -3 2/m,522,12.0,g,2.mm,"(x,1/4,1/4) (-x+1/2,1/4,1/4) (1/4,x,1/4) (1/4,-x+1/2,1/4) (1/4,1/4,x) (1/4,1/4,-x+1/2) (3/4,x+1/2,3/4) (3/4,-x,3/4) (x+1/2,3/4,3/4) (-x,3/4,3/4) (3/4,3/4,-x) (3/4,3/4,x+1/2)"
P 42/n -3 2/m,522,12.0,f,2.22,"(1/2,1/4,3/4) (0,1/4,3/4) (3/4,1/2,1/4) (3/4,0,1/4) (1/4,3/4,1/2) (1/4,3/4,0) (1/2,3/4,1/4) (0,3/4,1/4) (1/4,1/2,3/4) (1/4,0,3/4) (3/4,1/4,1/2) (3/4,1/4,0)"
P 42/n -3 2/m,522,8.0,e,.3m,"(x,x,x) (-x+1/2,-x+1/2,x) (-x+1/2,x,-x+1/2) (x,-x+1/2,-x+1/2) (x+1/2,x+1/2,-x) (-x,-x,-x) (x+1/2,-x,x+1/2) (-x,x+1/2,x+1/2)"
P 42/n -3 2/m,522,6.0,d,-42.m,"(1/4,3/4,3/4) (3/4,1/4,3/4) (3/4,3/4,1/4) (1/4,3/4,1/4) (3/4,1/4,1/4) (1/4,1/4,3/4)"
P 42/n -3 2/m,522,4.0,c,.-3m,"(1/2,1/2,1/2) (0,0,1/2) (0,1/2,0) (1/2,0,0)"
P 42/n -3 2/m,522,4.0,b,.-3m,"(0,0,0) (1/2,1/2,0) (1/2,0,1/2) (0,1/2,1/2)"
P 42/n -3 2/m,522,2.0,a,-43m,"(1/4,1/4,1/4) (3/4,3/4,3/4)"
F 4/m -3 2/m,523,192.0,l,1,"(x,y,z) (-x,-y,z) (-x,y,-z) (x,-y,-z) (z,x,y) (z,-x,-y) (-z,-x,y) (-z,x,-y) (y,z,x) (-y,z,-x) (y,-z,-x) (-y,-z,x) (y,x,-z) (-y,-x,-z) (y,-x,z) (-y,x,z) (x,z,-y) (-x,z,y) (-x,-z,-y) (x,-z,y) (z,y,-x) (z,-y,x) (-z,y,x) (-z,-y,-x) (-x,-y,-z) (x,y,-z) (x,-y,z) (-x,y,z) (-z,-x,-y) (-z,x,y) (z,x,-y) (z,-x,y) (-y,-z,-x) (y,-z,x) (-y,z,x) (y,z,-x) (-y,-x,z) (y,x,z) (-y,x,-z) (y,-x,-z) (-x,-z,y) (x,-z,-y) (x,z,y) (-x,z,-y) (-z,-y,x) (-z,y,-x) (z,-y,-x) (z,y,x)"
F 4/m -3 2/m,523,96.0,k,..m,"(x,x,z) (-x,-x,z) (-x,x,-z) (x,-x,-z) (z,x,x) (z,-x,-x) (-z,-x,x) (-z,x,-x) (x,z,x) (-x,z,-x) (x,-z,-x) (-x,-z,x) (x,x,-z) (-x,-x,-z) (x,-x,z) (-x,x,z) (x,z,-x) (-x,z,x) (-x,-z,-x) (x,-z,x) (z,x,-x) (z,-x,x) (-z,x,x) (-z,-x,-x)"
F 4/m -3 2/m,523,96.0,j,m..,"(0,y,z) (0,-y,z) (0,y,-z) (0,-y,-z) (z,0,y) (z,0,-y) (-z,0,y) (-z,0,-y) (y,z,0) (-y,z,0) (y,-z,0) (-y,-z,0) (y,0,-z) (-y,0,-z) (y,0,z) (-y,0,z) (0,z,-y) (0,z,y) (0,-z,-y) (0,-z,y) (z,y,0) (z,-y,0) (-z,y,0) (-z,-y,0)"
F 4/m -3 2/m,523,48.0,i,m.m2,"(1/2,y,y) (1/2,-y,y) (1/2,y,-y) (1/2,-y,-y) (y,1/2,y) (y,1/2,-y) (-y,1/2,y) (-y,1/2,-y) (y,y,1/2) (-y,y,1/2) (y,-y,1/2) (-y,-y,1/2)"
F 4/m -3 2/m,523,48.0,h,m.m2,"(0,y,y) (0,-y,y) (0,y,-y) (0,-y,-y) (y,0,y) (y,0,-y) (-y,0,y) (-y,0,-y) (y,y,0) (-y,y,0) (y,-y,0) (-y,-y,0)"
F 4/m -3 2/m,523,48.0,g,2.mm,"(x,1/4,1/4) (-x,3/4,1/4) (1/4,x,1/4) (1/4,-x,3/4) (1/4,1/4,x) (3/4,1/4,-x) (1/4,x,3/4) (3/4,-x,3/4) (x,1/4,3/4) (-x,1/4,1/4) (1/4,1/4,-x) (1/4,3/4,x)"
F 4/m -3 2/m,523,32.0,f,.3m,"(x,x,x) (-x,-x,x) (-x,x,-x) (x,-x,-x) (x,x,-x) (-x,-x,-x) (x,-x,x) (-x,x,x)"
F 4/m -3 2/m,523,24.0,e,4m.m,"(x,0,0) (-x,0,0) (0,x,0) (0,-x,0) (0,0,x) (0,0,-x)"
F 4/m -3 2/m,523,24.0,d,m.mm,"(0,1/4,1/4) (0,3/4,1/4) (1/4,0,1/4) (1/4,0,3/4) (1/4,1/4,0) (3/4,1/4,0)"
F 4/m -3 2/m,523,8.0,c,-43m,"(1/4,1/4,1/4) (1/4,1/4,3/4)"
F 4/m -3 2/m,523,4.0,b,m-3m,"(1/2,1/2,1/2)"
F 4/m -3 2/m,523,4.0,a,m-3m,"(0,0,0)"
F 4/m -3 2/c,524,192.0,j,1,"(x,y,z) (-x,-y,z) (-x,y,-z) (x,-y,-z) (z,x,y) (z,-x,-y) (-z,-x,y) (-z,x,-y) (y,z,x) (-y,z,-x) (y,-z,-x) (-y,-z,x) (y+1/2,x+1/2,-z+1/2) (-y+1/2,-x+1/2,-z+1/2) (y+1/2,-x+1/2,z+1/2) (-y+1/2,x+1/2,z+1/2) (x+1/2,z+1/2,-y+1/2) (-x+1/2,z+1/2,y+1/2) (-x+1/2,-z+1/2,-y+1/2) (x+1/2,-z+1/2,y+1/2) (z+1/2,y+1/2,-x+1/2) (z+1/2,-y+1/2,x+1/2) (-z+1/2,y+1/2,x+1/2) (-z+1/2,-y+1/2,-x+1/2) (-x,-y,-z) (x,y,-z) (x,-y,z) (-x,y,z) (-z,-x,-y) (-z,x,y) (z,x,-y) (z,-x,y) (-y,-z,-x) (y,-z,x) (-y,z,x) (y,z,-x) (-y+1/2,-x+1/2,z+1/2) (y+1/2,x+1/2,z+1/2) (-y+1/2,x+1/2,-z+1/2) (y+1/2,-x+1/2,-z+1/2) (-x+1/2,-z+1/2,y+1/2) (x+1/2,-z+1/2,-y+1/2) (x+1/2,z+1/2,y+1/2) (-x+1/2,z+1/2,-y+1/2) (-z+1/2,-y+1/2,x+1/2) (-z+1/2,y+1/2,-x+1/2) (z+1/2,-y+1/2,-x+1/2) (z+1/2,y+1/2,x+1/2)"
F 4/m -3 2/c,524,96.0,i,m..,"(0,y,z) (0,-y,z) (0,y,-z) (0,-y,-z) (z,0,y) (z,0,-y) (-z,0,y) (-z,0,-y) (y,z,0) (-y,z,0) (y,-z,0) (-y,-z,0) (y+1/2,1/2,-z+1/2) (-y+1/2,1/2,-z+1/2) (y+1/2,1/2,z+1/2) (-y+1/2,1/2,z+1/2) (1/2,z+1/2,-y+1/2) (1/2,z+1/2,y+1/2) (1/2,-z+1/2,-y+1/2) (1/2,-z+1/2,y+1/2) (z+1/2,y+1/2,1/2) (z+1/2,-y+1/2,1/2) (-z+1/2,y+1/2,1/2) (-z+1/2,-y+1/2,1/2)"
F 4/m -3 2/c,524,96.0,h,..2,"(1/4,y,y) (3/4,-y,y) (3/4,y,-y) (1/4,-y,-y) (y,1/4,y) (y,3/4,-y) (-y,3/4,y) (-y,1/4,-y) (y,y,1/4) (-y,y,3/4) (y,-y,3/4) (-y,-y,1/4) (3/4,-y,-y) (1/4,y,-y) (1/4,-y,y) (3/4,y,y) (-y,3/4,-y) (-y,1/4,y) (y,1/4,-y) (y,3/4,y) (-y,-y,3/4) (y,-y,1/4) (-y,y,1/4) (y,y,3/4)"
F 4/m -3 2/c,524,64.0,g,.3.,"(x,x,x) (-x,-x,x) (-x,x,-x) (x,-x,-x) (x+1/2,x+1/2,-x+1/2) (-x+1/2,-x+1/2,-x+1/2) (x+1/2,-x+1/2,x+1/2) (-x+1/2,x+1/2,x+1/2) (-x,-x,-x) (x,x,-x) (x,-x,x) (-x,x,x) (-x+1/2,-x+1/2,x+1/2) (x+1/2,x+1/2,x+1/2) (-x+1/2,x+1/2,-x+1/2) (x+1/2,-x+1/2,-x+1/2)"
F 4/m -3 2/c,524,48.0,f,4..,"(x,1/4,1/4) (-x,3/4,1/4) (1/4,x,1/4) (1/4,-x,3/4) (1/4,1/4,x) (3/4,1/4,-x) (-x,3/4,3/4) (x,1/4,3/4) (3/4,-x,3/4) (3/4,x,1/4) (3/4,3/4,-x) (1/4,3/4,x)"
F 4/m -3 2/c,524,48.0,e,mm2..,"(x,0,0) (-x,0,0) (0,x,0) (0,-x,0) (0,0,x) (0,0,-x) (1/2,x+1/2,1/2) (1/2,-x+1/2,1/2) (x+1/2,1/2,1/2) (-x+1/2,1/2,1/2) (1/2,1/2,-x+1/2) (1/2,1/2,x+1/2)"
F 4/m -3 2/c,524,24.0,d,4/m..,"(0,1/4,1/4) (0,3/4,1/4) (1/4,0,1/4) (1/4,0,3/4) (1/4,1/4,0) (3/4,1/4,0)"
F 4/m -3 2/c,524,24.0,c,-4m.2,"(1/4,0,0) (3/4,0,0) (0,1/4,0) (0,3/4,0) (0,0,1/4) (0,0,3/4)"
F 4/m -3 2/c,524,8.0,b,m-3.,"(0,0,0) (1/2,1/2,1/2)"
F 4/m -3 2/c,524,8.0,a,432,"(1/4,1/4,1/4) (3/4,3/4,3/4)"
F 41/d -3 2/m,525,192.0,i,1,"(x,y,z) (-x,-y+1/2,z+1/2) (-x+1/2,y+1/2,-z) (x+1/2,-y,-z+1/2) (z,x,y) (z+1/2,-x,-y+1/2) (-z,-x+1/2,y+1/2) (-z+1/2,x+1/2,-y) (y,z,x) (-y+1/2,z+1/2,-x) (y+1/2,-z,-x+1/2) (-y,-z+1/2,x+1/2) (y+3/4,x+1/4,-z+3/4) (-y+1/4,-x+1/4,-z+1/4) (y+1/4,-x+3/4,z+3/4) (-y+3/4,x+3/4,z+1/4) (x+3/4,z+1/4,-y+3/4) (-x+3/4,z+3/4,y+1/4) (-x+1/4,-z+1/4,-y+1/4) (x+1/4,-z+3/4,y+3/4) (z+3/4,y+1/4,-x+3/4) (z+1/4,-y+3/4,x+3/4) (-z+3/4,y+3/4,x+1/4) (-z+1/4,-y+1/4,-x+1/4) (-x+1/4,-y+1/4,-z+1/4) (x+1/4,y+3/4,-z+3/4) (x+3/4,-y+3/4,z+1/4) (-x+3/4,y+1/4,z+3/4) (-z+1/4,-x+1/4,-y+1/4) (-z+3/4,x+1/4,y+3/4) (z+1/4,x+3/4,-y+3/4) (z+3/4,-x+3/4,y+1/4) (-y+1/4,-z+1/4,-x+1/4) (y+3/4,-z+3/4,x+1/4) (-y+3/4,z+1/4,x+3/4) (y+1/4,z+3/4,-x+3/4) (-y+1/2,-x,z+1/2) (y,x,z) (-y,x+1/2,-z+1/2) (y+1/2,-x+1/2,-z) (-x+1/2,-z,y+1/2) (x+1/2,-z+1/2,-y) (x,z,y) (-x,z+1/2,-y+1/2) (-z+1/2,-y,x+1/2) (-z,y+1/2,-x+1/2) (z+1/2,-y+1/2,-x) (z,y,x)"
F 41/d -3 2/m,525,96.0,h,..2,"(1/8,y,-y+1/4) (7/8,-y+1/2,-y+3/4) (3/8,y+1/2,y+3/4) (5/8,-y,y+1/4) (-y+1/4,1/8,y) (-y+3/4,7/8,-y+1/2) (y+3/4,3/8,y+1/2) (y+1/4,5/8,-y) (y,-y+1/4,1/8) (-y+1/2,-y+3/4,7/8) (y+1/2,y+3/4,3/8) (-y,y+1/4,5/8) (1/8,-y+1/4,y) (3/8,y+3/4,y+1/2) (7/8,-y+3/4,-y+1/2) (5/8,y+1/4,-y) (y,1/8,-y+1/4) (y+1/2,3/8,y+3/4) (-y+1/2,7/8,-y+3/4) (-y,5/8,y+1/4) (-y+1/4,y,1/8) (y+3/4,y+1/2,3/8) (-y+3/4,-y+1/2,7/8) (y+1/4,-y,5/8)"
F 41/d -3 2/m,525,96.0,g,..m,"(x,x,z) (-x,-x+1/2,z+1/2) (-x+1/2,x+1/2,-z) (x+1/2,-x,-z+1/2) (z,x,x) (z+1/2,-x,-x+1/2) (-z,-x+1/2,x+1/2) (-z+1/2,x+1/2,-x) (x,z,x) (-x+1/2,z+1/2,-x) (x+1/2,-z,-x+1/2) (-x,-z+1/2,x+1/2) (x+3/4,x+1/4,-z+3/4) (-x+1/4,-x+1/4,-z+1/4) (x+1/4,-x+3/4,z+3/4) (-x+3/4,x+3/4,z+1/4) (x+3/4,z+1/4,-x+3/4) (-x+3/4,z+3/4,x+1/4) (-x+1/4,-z+1/4,-x+1/4) (x+1/4,-z+3/4,x+3/4) (z+3/4,x+1/4,-x+3/4) (z+1/4,-x+3/4,x+3/4) (-z+3/4,x+3/4,x+1/4) (-z+1/4,-x+1/4,-x+1/4)"
F 41/d -3 2/m,525,48.0,f,2.mm,"(x,0,0) (-x,1/2,1/2) (0,x,0) (1/2,-x,1/2) (0,0,x) (1/2,1/2,-x) (3/4,x+1/4,3/4) (1/4,-x+1/4,1/4) (x+3/4,1/4,3/4) (-x+3/4,3/4,1/4) (3/4,1/4,-x+3/4) (1/4,3/4,x+3/4)"
F 41/d -3 2/m,525,32.0,e,.3m,"(x,x,x) (-x,-x+1/2,x+1/2) (-x+1/2,x+1/2,-x) (x+1/2,-x,-x+1/2) (x+3/4,x+1/4,-x+3/4) (-x+1/4,-x+1/4,-x+1/4) (x+1/4,-x+3/4,x+3/4) (-x+3/4,x+3/4,x+1/4)"
F 41/d -3 2/m,525,16.0,d,.-3m,"(5/8,5/8,5/8) (3/8,7/8,1/8) (7/8,1/8,3/8) (1/8,3/8,7/8)"
F 41/d -3 2/m,525,16.0,c,.-3m,"(1/8,1/8,1/8) (7/8,3/8,5/8) (3/8,5/8,7/8) (5/8,7/8,3/8)"
F 41/d -3 2/m,525,8.0,b,-43m,"(1/2,1/2,1/2) (1/4,3/4,1/4)"
F 41/d -3 2/m,525,8.0,a,-43m,"(0,0,0) (3/4,1/4,3/4)"
F 41/d -3 2/m,526,192.0,i,1,"(x,y,z) (-x+3/4,-y+1/4,z+1/2) (-x+1/4,y+1/2,-z+3/4) (x+1/2,-y+3/4,-z+1/4) (z,x,y) (z+1/2,-x+3/4,-y+1/4) (-z+3/4,-x+1/4,y+1/2) (-z+1/4,x+1/2,-y+3/4) (y,z,x) (-y+1/4,z+1/2,-x+3/4) (y+1/2,-z+3/4,-x+1/4) (-y+3/4,-z+1/4,x+1/2) (y+3/4,x+1/4,-z+1/2) (-y,-x,-z) (y+1/4,-x+1/2,z+3/4) (-y+1/2,x+3/4,z+1/4) (x+3/4,z+1/4,-y+1/2) (-x+1/2,z+3/4,y+1/4) (-x,-z,-y) (x+1/4,-z+1/2,y+3/4) (z+3/4,y+1/4,-x+1/2) (z+1/4,-y+1/2,x+3/4) (-z+1/2,y+3/4,x+1/4) (-z,-y,-x) (-x,-y,-z) (x+1/4,y+3/4,-z+1/2) (x+3/4,-y+1/2,z+1/4) (-x+1/2,y+1/4,z+3/4) (-z,-x,-y) (-z+1/2,x+1/4,y+3/4) (z+1/4,x+3/4,-y+1/2) (z+3/4,-x+1/2,y+1/4) (-y,-z,-x) (y+3/4,-z+1/2,x+1/4) (-y+1/2,z+1/4,x+3/4) (y+1/4,z+3/4,-x+1/2) (-y+1/4,-x+3/4,z+1/2) (y,x,z) (-y+3/4,x+1/2,-z+1/4) (y+1/2,-x+1/4,-z+3/4) (-x+1/4,-z+3/4,y+1/2) (x+1/2,-z+1/4,-y+3/4) (x,z,y) (-x+3/4,z+1/2,-y+1/4) (-z+1/4,-y+3/4,x+1/2) (-z+3/4,y+1/2,-x+1/4) (z+1/2,-y+1/4,-x+3/4) (z,y,x)"
F 41/d -3 2/m,526,96.0,h,..2,"(0,y,-y) (3/4,-y+1/4,-y+1/2) (1/4,y+1/2,y+3/4) (1/2,-y+3/4,y+1/4) (-y,0,y) (-y+1/2,3/4,-y+1/4) (y+3/4,1/4,y+1/2) (y+1/4,1/2,-y+3/4) (y,-y,0) (-y+1/4,-y+1/2,3/4) (y+1/2,y+3/4,1/4) (-y+3/4,y+1/4,1/2) (0,-y,y) (1/4,y+3/4,y+1/2) (3/4,-y+1/2,-y+1/4) (1/2,y+1/4,-y+3/4) (y,0,-y) (y+1/2,1/4,y+3/4) (-y+1/4,3/4,-y+1/2) (-y+3/4,1/2,y+1/4) (-y,y,0) (y+3/4,y+1/2,1/4) (-y+1/2,-y+1/4,3/4) (y+1/4,-y+3/4,1/2)"
F 41/d -3 2/m,526,96.0,g,..m,"(x,x,z) (-x+3/4,-x+1/4,z+1/2) (-x+1/4,x+1/2,-z+3/4) (x+1/2,-x+3/4,-z+1/4) (z,x,x) (z+1/2,-x+3/4,-x+1/4) (-z+3/4,-x+1/4,x+1/2) (-z+1/4,x+1/2,-x+3/4) (x,z,x) (-x+1/4,z+1/2,-x+3/4) (x+1/2,-z+3/4,-x+1/4) (-x+3/4,-z+1/4,x+1/2) (x+3/4,x+1/4,-z+1/2) (-x,-x,-z) (x+1/4,-x+1/2,z+3/4) (-x+1/2,x+3/4,z+1/4) (x+3/4,z+1/4,-x+1/2) (-x+1/2,z+3/4,x+1/4) (-x,-z,-x) (x+1/4,-z+1/2,x+3/4) (z+3/4,x+1/4,-x+1/2) (z+1/4,-x+1/2,x+3/4) (-z+1/2,x+3/4,x+1/4) (-z,-x,-x)"
F 41/d -3 2/m,526,48.0,f,2.mm,"(x,1/8,1/8) (-x+3/4,1/8,5/8) (1/8,x,1/8) (5/8,-x+3/4,1/8) (1/8,1/8,x) (1/8,5/8,-x+3/4) (7/8,x+1/4,3/8) (7/8,-x,7/8) (x+3/4,3/8,3/8) (-x+1/2,7/8,3/8) (7/8,3/8,-x+1/2) (3/8,3/8,x+3/4)"
F 41/d -3 2/m,526,32.0,e,.3m,"(x,x,x) (-x+3/4,-x+1/4,x+1/2) (-x+1/4,x+1/2,-x+3/4) (x+1/2,-x+3/4,-x+1/4) (x+3/4,x+1/4,-x+1/2) (-x,-x,-x) (x+1/4,-x+1/2,x+3/4) (-x+1/2,x+3/4,x+1/4)"
F 41/d -3 2/m,526,16.0,d,.-3m,"(1/2,1/2,1/2) (1/4,3/4,0) (3/4,0,1/4) (0,1/4,3/4)"
F 41/d -3 2/m,526,16.0,c,.-3m,"(0,0,0) (3/4,1/4,1/2) (1/4,1/2,3/4) (1/2,3/4,1/4)"
F 41/d -3 2/m,526,8.0,b,-43m,"(3/8,3/8,3/8) (1/8,5/8,1/8)"
F 41/d -3 2/m,526,8.0,a,-43m,"(1/8,1/8,1/8) (7/8,3/8,3/8)"
F 41/d -3 2/c,527,192.0,h,1,"(x,y,z) (-x,-y+1/2,z+1/2) (-x+1/2,y+1/2,-z) (x+1/2,-y,-z+1/2) (z,x,y) (z+1/2,-x,-y+1/2) (-z,-x+1/2,y+1/2) (-z+1/2,x+1/2,-y) (y,z,x) (-y+1/2,z+1/2,-x) (y+1/2,-z,-x+1/2) (-y,-z+1/2,x+1/2) (y+3/4,x+1/4,-z+3/4) (-y+1/4,-x+1/4,-z+1/4) (y+1/4,-x+3/4,z+3/4) (-y+3/4,x+3/4,z+1/4) (x+3/4,z+1/4,-y+3/4) (-x+3/4,z+3/4,y+1/4) (-x+1/4,-z+1/4,-y+1/4) (x+1/4,-z+3/4,y+3/4) (z+3/4,y+1/4,-x+3/4) (z+1/4,-y+3/4,x+3/4) (-z+3/4,y+3/4,x+1/4) (-z+1/4,-y+1/4,-x+1/4) (-x+3/4,-y+3/4,-z+3/4) (x+3/4,y+1/4,-z+1/4) (x+1/4,-y+1/4,z+3/4) (-x+1/4,y+3/4,z+1/4) (-z+3/4,-x+3/4,-y+3/4) (-z+1/4,x+3/4,y+1/4) (z+3/4,x+1/4,-y+1/4) (z+1/4,-x+1/4,y+3/4) (-y+3/4,-z+3/4,-x+3/4) (y+1/4,-z+1/4,x+3/4) (-y+1/4,z+3/4,x+1/4) (y+3/4,z+1/4,-x+1/4) (-y,-x+1/2,z) (y+1/2,x+1/2,z+1/2) (-y+1/2,x,-z) (y,-x,-z+1/2) (-x,-z+1/2,y) (x,-z,-y+1/2) (x+1/2,z+1/2,y+1/2) (-x+1/2,z,-y) (-z,-y+1/2,x) (-z+1/2,y,-x) (z,-y,-x+1/2) (z+1/2,y+1/2,x+1/2)"
F 41/d -3 2/c,527,96.0,g,..2,"(1/8,y,-y+1/4) (7/8,-y+1/2,-y+3/4) (3/8,y+1/2,y+3/4) (5/8,-y,y+1/4) (-y+1/4,1/8,y) (-y+3/4,7/8,-y+1/2) (y+3/4,3/8,y+1/2) (y+1/4,5/8,-y) (y,-y+1/4,1/8) (-y+1/2,-y+3/4,7/8) (y+1/2,y+3/4,3/8) (-y,y+1/4,5/8) (5/8,-y+3/4,y+1/2) (7/8,y+1/4,y) (3/8,-y+1/4,-y) (1/8,y+3/4,-y+1/2) (y+1/2,5/8,-y+3/4) (y,7/8,y+1/4) (-y,3/8,-y+1/4) (-y+1/2,1/8,y+3/4) (-y+3/4,y+1/2,5/8) (y+1/4,y,7/8) (-y+1/4,-y,3/8) (y+3/4,-y+1/2,1/8)"
F 41/d -3 2/c,527,96.0,f,2..,"(x,0,0) (-x,1/2,1/2) (0,x,0) (1/2,-x,1/2) (0,0,x) (1/2,1/2,-x) (3/4,x+1/4,3/4) (1/4,-x+1/4,1/4) (x+3/4,1/4,3/4) (-x+3/4,3/4,1/4) (3/4,1/4,-x+3/4) (1/4,3/4,x+3/4) (-x+3/4,3/4,3/4) (x+3/4,1/4,1/4) (3/4,-x+3/4,3/4) (1/4,x+3/4,1/4) (3/4,3/4,-x+3/4) (1/4,1/4,x+3/4) (0,-x+1/2,0) (1/2,x+1/2,1/2) (-x,1/2,0) (x,0,1/2) (0,1/2,x) (1/2,0,-x)"
F 41/d -3 2/c,527,64.0,e,.3.,"(x,x,x) (-x,-x+1/2,x+1/2) (-x+1/2,x+1/2,-x) (x+1/2,-x,-x+1/2) (x+3/4,x+1/4,-x+3/4) (-x+1/4,-x+1/4,-x+1/4) (x+1/4,-x+3/4,x+3/4) (-x+3/4,x+3/4,x+1/4) (-x+3/4,-x+3/4,-x+3/4) (x+3/4,x+1/4,-x+1/4) (x+1/4,-x+1/4,x+3/4) (-x+1/4,x+3/4,x+1/4) (-x,-x+1/2,x) (x+1/2,x+1/2,x+1/2) (-x+1/2,x,-x) (x,-x,-x+1/2)"
F 41/d -3 2/c,527,48.0,d,-4..,"(1/4,0,0) (3/4,1/2,1/2) (0,1/4,0) (1/2,3/4,1/2) (0,0,1/4) (1/2,1/2,3/4) (3/4,1/2,3/4) (1/4,0,1/4) (0,1/4,3/4) (1/2,3/4,1/4) (3/4,1/4,1/2) (1/4,3/4,0)"
F 41/d -3 2/c,527,32.0,c,.-3.,"(3/8,3/8,3/8) (5/8,1/8,7/8) (1/8,7/8,5/8) (7/8,5/8,1/8) (1/8,5/8,3/8) (7/8,7/8,7/8) (5/8,3/8,1/8) (3/8,1/8,5/8)"
F 41/d -3 2/c,527,32.0,b,0.32,"(1/8,1/8,1/8) (7/8,3/8,5/8) (3/8,5/8,7/8) (5/8,7/8,3/8) (5/8,5/8,5/8) (7/8,3/8,1/8) (3/8,1/8,7/8) (1/8,7/8,3/8)"
F 41/d -3 2/c,527,16.0,a,23,"(0,0,0) (3/4,1/4,3/4) (3/4,3/4,3/4) (0,1/2,0)"
F 41/d -3 2/c,528,192.0,h,1,"(x,y,z) (-x+1/4,-y+3/4,z+1/2) (-x+3/4,y+1/2,-z+1/4) (x+1/2,-y+1/4,-z+3/4) (z,x,y) (z+1/2,-x+1/4,-y+3/4) (-z+1/4,-x+3/4,y+1/2) (-z+3/4,x+1/2,-y+1/4) (y,z,x) (-y+3/4,z+1/2,-x+1/4) (y+1/2,-z+1/4,-x+3/4) (-y+1/4,-z+3/4,x+1/2) (y+3/4,x+1/4,-z) (-y+1/2,-x+1/2,-z+1/2) (y+1/4,-x,z+3/4) (-y,x+3/4,z+1/4) (x+3/4,z+1/4,-y) (-x,z+3/4,y+1/4) (-x+1/2,-z+1/2,-y+1/2) (x+1/4,-z,y+3/4) (z+3/4,y+1/4,-x) (z+1/4,-y,x+3/4) (-z,y+3/4,x+1/4) (-z+1/2,-y+1/2,-x+1/2) (-x,-y,-z) (x+3/4,y+1/4,-z+1/2) (x+1/4,-y+1/2,z+3/4) (-x+1/2,y+3/4,z+1/4) (-z,-x,-y) (-z+1/2,x+3/4,y+1/4) (z+3/4,x+1/4,-y+1/2) (z+1/4,-x+1/2,y+3/4) (-y,-z,-x) (y+1/4,-z+1/2,x+3/4) (-y+1/2,z+3/4,x+1/4) (y+3/4,z+1/4,-x+1/2) (-y+1/4,-x+3/4,z) (y+1/2,x+1/2,z+1/2) (-y+3/4,x,-z+1/4) (y,-x+1/4,-z+3/4) (-x+1/4,-z+3/4,y) (x,-z+1/4,-y+3/4) (x+1/2,z+1/2,y+1/2) (-x+3/4,z,-y+1/4) (-z+1/4,-y+3/4,x) (-z+3/4,y,-x+1/4) (z,-y+1/4,-x+3/4) (z+1/2,y+1/2,x+1/2)"
F 41/d -3 2/c,528,96.0,g,..2,"(1/4,y,-y) (0,-y+3/4,-y+1/2) (1/2,y+1/2,y+1/4) (3/4,-y+1/4,y+3/4) (-y,1/4,y) (-y+1/2,0,-y+3/4) (y+1/4,1/2,y+1/2) (y+3/4,3/4,-y+1/4) (y,-y,1/4) (-y+3/4,-y+1/2,0) (y+1/2,y+1/4,1/2) (-y+1/4,y+3/4,3/4) (3/4,-y,y) (0,y+1/4,y+1/2) (1/2,-y+1/2,-y+3/4) (1/4,y+3/4,-y+1/4) (y,3/4,-y) (y+1/2,0,y+1/4) (-y+3/4,1/2,-y+1/2) (-y+1/4,1/4,y+3/4) (-y,y,3/4) (y+1/4,y+1/2,0) (-y+1/2,-y+3/4,1/2) (y+3/4,-y+1/4,1/4)"
F 41/d -3 2/c,528,96.0,f,2..,"(x,1/8,1/8) (-x+1/4,5/8,5/8) (1/8,x,1/8) (5/8,-x+1/4,5/8) (1/8,1/8,x) (5/8,5/8,-x+1/4) (7/8,x+1/4,7/8) (3/8,-x+1/2,3/8) (x+3/4,3/8,7/8) (-x,7/8,3/8) (7/8,3/8,-x) (3/8,7/8,x+3/4) (-x,7/8,7/8) (x+3/4,3/8,3/8) (7/8,-x,7/8) (3/8,x+3/4,3/8) (7/8,7/8,-x) (3/8,3/8,x+3/4) (1/8,-x+3/4,1/8) (5/8,x+1/2,5/8) (-x+1/4,5/8,1/8) (x,1/8,5/8) (1/8,5/8,x) (5/8,1/8,-x+1/4)"
F 41/d -3 2/c,528,64.0,e,.3.,"(x,x,x) (-x+1/4,-x+3/4,x+1/2) (-x+3/4,x+1/2,-x+1/4) (x+1/2,-x+1/4,-x+3/4) (x+3/4,x+1/4,-x) (-x+1/2,-x+1/2,-x+1/2) (x+1/4,-x,x+3/4) (-x,x+3/4,x+1/4) (-x,-x,-x) (x+3/4,x+1/4,-x+1/2) (x+1/4,-x+1/2,x+3/4) (-x+1/2,x+3/4,x+1/4) (-x+1/4,-x+3/4,x) (x+1/2,x+1/2,x+1/2) (-x+3/4,x,-x+1/4) (x,-x+1/4,-x+3/4)"
F 41/d -3 2/c,528,48.0,d,-4..,"(7/8,1/8,1/8) (3/8,5/8,5/8) (1/8,7/8,1/8) (5/8,3/8,5/8) (1/8,1/8,7/8) (5/8,5/8,3/8) (7/8,1/8,7/8) (3/8,5/8,3/8) (5/8,3/8,7/8) (1/8,7/8,3/8) (7/8,3/8,1/8) (3/8,7/8,5/8)"
F 41/d -3 2/c,528,32.0,c,.-3.,"(0,0,0) (1/4,3/4,1/2) (3/4,1/2,1/4) (1/2,1/4,3/4) (3/4,1/4,0) (1/2,1/2,1/2) (1/4,0,3/4) (0,3/4,1/4)"
F 41/d -3 2/c,528,32.0,b,0.32,"(1/4,1/4,1/4) (0,1/2,3/4) (1/2,3/4,0) (3/4,0,1/2) (3/4,3/4,3/4) (0,1/2,1/4) (1/2,1/4,0) (1/4,0,1/2)"
F 41/d -3 2/c,528,16.0,a,23,"(1/8,1/8,1/8) (7/8,3/8,7/8) (7/8,7/8,7/8) (1/8,5/8,1/8)"
I 4/m -3 2/m,529,96.0,l,1,"(x,y,z) (-x,-y,z) (-x,y,-z) (x,-y,-z) (z,x,y) (z,-x,-y) (-z,-x,y) (-z,x,-y) (y,z,x) (-y,z,-x) (y,-z,-x) (-y,-z,x) (y,x,-z) (-y,-x,-z) (y,-x,z) (-y,x,z) (x,z,-y) (-x,z,y) (-x,-z,-y) (x,-z,y) (z,y,-x) (z,-y,x) (-z,y,x) (-z,-y,-x) (-x,-y,-z) (x,y,-z) (x,-y,z) (-x,y,z) (-z,-x,-y) (-z,x,y) (z,x,-y) (z,-x,y) (-y,-z,-x) (y,-z,x) (-y,z,x) (y,z,-x) (-y,-x,z) (y,x,z) (-y,x,-z) (y,-x,-z) (-x,-z,y) (x,-z,-y) (x,z,y) (-x,z,-y) (-z,-y,x) (-z,y,-x) (z,-y,-x) (z,y,x)"
I 4/m -3 2/m,529,48.0,k,..m,"(x,x,z) (-x,-x,z) (-x,x,-z) (x,-x,-z) (z,x,x) (z,-x,-x) (-z,-x,x) (-z,x,-x) (x,z,x) (-x,z,-x) (x,-z,-x) (-x,-z,x) (x,x,-z) (-x,-x,-z) (x,-x,z) (-x,x,z) (x,z,-x) (-x,z,x) (-x,-z,-x) (x,-z,x) (z,x,-x) (z,-x,x) (-z,x,x) (-z,-x,-x)"
I 4/m -3 2/m,529,48.0,j,m..,"(0,y,z) (0,-y,z) (0,y,-z) (0,-y,-z) (z,0,y) (z,0,-y) (-z,0,y) (-z,0,-y) (y,z,0) (-y,z,0) (y,-z,0) (-y,-z,0) (y,0,-z) (-y,0,-z) (y,0,z) (-y,0,z) (0,z,-y) (0,z,y) (0,-z,-y) (0,-z,y) (z,y,0) (z,-y,0) (-z,y,0) (-z,-y,0)"
I 4/m -3 2/m,529,48.0,i,..2,"(1/4,y,-y+1/2) (3/4,-y,-y+1/2) (3/4,y,y+1/2) (1/4,-y,y+1/2) (-y+1/2,1/4,y) (-y+1/2,3/4,-y) (y+1/2,3/4,y) (y+1/2,1/4,-y) (y,-y+1/2,1/4) (-y,-y+1/2,3/4) (y,y+1/2,3/4) (-y,y+1/2,1/4) (3/4,-y,y+1/2) (1/4,y,y+1/2) (1/4,-y,-y+1/2) (3/4,y,-y+1/2) (y+1/2,3/4,-y) (y+1/2,1/4,y) (-y+1/2,1/4,-y) (-y+1/2,3/4,y) (-y,y+1/2,3/4) (y,y+1/2,1/4) (-y,-y+1/2,1/4) (y,-y+1/2,3/4)"
I 4/m -3 2/m,529,24.0,h,m.m2,"(0,y,y) (0,-y,y) (0,y,-y) (0,-y,-y) (y,0,y) (y,0,-y) (-y,0,y) (-y,0,-y) (y,y,0) (-y,y,0) (y,-y,0) (-y,-y,0)"
I 4/m -3 2/m,529,24.0,g,mm2..,"(x,0,1/2) (-x,0,1/2) (1/2,x,0) (1/2,-x,0) (0,1/2,x) (0,1/2,-x) (0,x,1/2) (0,-x,1/2) (x,1/2,0) (-x,1/2,0) (1/2,0,-x) (1/2,0,x)"
I 4/m -3 2/m,529,16.0,f,.3m,"(x,x,x) (-x,-x,x) (-x,x,-x) (x,-x,-x) (x,x,-x) (-x,-x,-x) (x,-x,x) (-x,x,x)"
I 4/m -3 2/m,529,12.0,e,4m.m,"(x,0,0) (-x,0,0) (0,x,0) (0,-x,0) (0,0,x) (0,0,-x)"
I 4/m -3 2/m,529,12.0,d,-4m.2,"(1/4,0,1/2) (3/4,0,1/2) (1/2,1/4,0) (1/2,3/4,0) (0,1/2,1/4) (0,1/2,3/4)"
I 4/m -3 2/m,529,8.0,c,.-3m,"(1/4,1/4,1/4) (3/4,3/4,1/4) (3/4,1/4,3/4) (1/4,3/4,3/4)"
I 4/m -3 2/m,529,6.0,b,4/mm.m,"(0,1/2,1/2) (1/2,0,1/2) (1/2,1/2,0)"
I 4/m -3 2/m,529,2.0,a,m-3m,"(0,0,0)"
I 41/a -3 2/d,530,96.0,h,1,"(x,y,z) (-x+1/2,-y,z+1/2) (-x,y+1/2,-z+1/2) (x+1/2,-y+1/2,-z) (z,x,y) (z+1/2,-x+1/2,-y) (-z+1/2,-x,y+1/2) (-z,x+1/2,-y+1/2) (y,z,x) (-y,z+1/2,-x+1/2) (y+1/2,-z+1/2,-x) (-y+1/2,-z,x+1/2) (y+3/4,x+1/4,-z+1/4) (-y+3/4,-x+3/4,-z+3/4) (y+1/4,-x+1/4,z+3/4) (-y+1/4,x+3/4,z+1/4) (x+3/4,z+1/4,-y+1/4) (-x+1/4,z+3/4,y+1/4) (-x+3/4,-z+3/4,-y+3/4) (x+1/4,-z+1/4,y+3/4) (z+3/4,y+1/4,-x+1/4) (z+1/4,-y+1/4,x+3/4) (-z+1/4,y+3/4,x+1/4) (-z+3/4,-y+3/4,-x+3/4) (-x,-y,-z) (x+1/2,y,-z+1/2) (x,-y+1/2,z+1/2) (-x+1/2,y+1/2,z) (-z,-x,-y) (-z+1/2,x+1/2,y) (z+1/2,x,-y+1/2) (z,-x+1/2,y+1/2) (-y,-z,-x) (y,-z+1/2,x+1/2) (-y+1/2,z+1/2,x) (y+1/2,z,-x+1/2) (-y+1/4,-x+3/4,z+3/4) (y+1/4,x+1/4,z+1/4) (-y+3/4,x+3/4,-z+1/4) (y+3/4,-x+1/4,-z+3/4) (-x+1/4,-z+3/4,y+3/4) (x+3/4,-z+1/4,-y+3/4) (x+1/4,z+1/4,y+1/4) (-x+3/4,z+3/4,-y+1/4) (-z+1/4,-y+3/4,x+3/4) (-z+3/4,y+3/4,-x+1/4) (z+3/4,-y+1/4,-x+3/4) (z+1/4,y+1/4,x+1/4)"
I 41/a -3 2/d,530,48.0,g,..2,"(1/8,y,-y+1/4) (3/8,-y,-y+3/4) (7/8,y+1/2,y+1/4) (5/8,-y+1/2,y+3/4) (-y+1/4,1/8,y) (-y+3/4,3/8,-y) (y+1/4,7/8,y+1/2) (y+3/4,5/8,-y+1/2) (y,-y+1/4,1/8) (-y,-y+3/4,3/8) (y+1/2,y+1/4,7/8) (-y+1/2,y+3/4,5/8) (7/8,-y,y+3/4) (5/8,y,y+1/4) (1/8,-y+1/2,-y+3/4) (3/8,y+1/2,-y+1/4) (y+3/4,7/8,-y) (y+1/4,5/8,y) (-y+3/4,1/8,-y+1/2) (-y+1/4,3/8,y+1/2) (-y,y+3/4,7/8) (y,y+1/4,5/8) (-y+1/2,-y+3/4,1/8) (y+1/2,-y+1/4,3/8)"
I 41/a -3 2/d,530,48.0,f,2..,"(x,0,1/4) (-x+1/2,0,3/4) (1/4,x,0) (3/4,-x+1/2,0) (0,1/4,x) (0,3/4,-x+1/2) (3/4,x+1/4,0) (3/4,-x+3/4,1/2) (x+3/4,1/2,1/4) (-x+1/4,0,1/4) (0,1/4,-x+1/4) (1/2,1/4,x+3/4) (-x,0,3/4) (x+1/2,0,1/4) (3/4,-x,0) (1/4,x+1/2,0) (0,3/4,-x) (0,1/4,x+1/2) (1/4,-x+3/4,0) (1/4,x+1/4,1/2) (-x+1/4,1/2,3/4) (x+3/4,0,3/4) (0,3/4,x+3/4) (1/2,3/4,-x+1/4)"
I 41/a -3 2/d,530,32.0,e,.3.,"(x,x,x) (-x+1/2,-x,x+1/2) (-x,x+1/2,-x+1/2) (x+1/2,-x+1/2,-x) (x+3/4,x+1/4,-x+1/4) (-x+3/4,-x+3/4,-x+3/4) (x+1/4,-x+1/4,x+3/4) (-x+1/4,x+3/4,x+1/4) (-x,-x,-x) (x+1/2,x,-x+1/2) (x,-x+1/2,x+1/2) (-x+1/2,x+1/2,x) (-x+1/4,-x+3/4,x+3/4) (x+1/4,x+1/4,x+1/4) (-x+3/4,x+3/4,-x+1/4) (x+3/4,-x+1/4,-x+3/4)"
I 41/a -3 2/d,530,24.0,d,-4..,"(3/8,0,1/4) (1/8,0,3/4) (1/4,3/8,0) (3/4,1/8,0) (0,1/4,3/8) (0,3/4,1/8) (3/4,5/8,0) (3/4,3/8,1/2) (1/8,1/2,1/4) (7/8,0,1/4) (0,1/4,7/8) (1/2,1/4,1/8)"
I 41/a -3 2/d,530,24.0,c,2.22,"(1/8,0,1/4) (3/8,0,3/4) (1/4,1/8,0) (3/4,3/8,0) (0,1/4,1/8) (0,3/4,3/8) (7/8,0,3/4) (5/8,0,1/4) (3/4,7/8,0) (1/4,5/8,0) (0,3/4,7/8) (0,1/4,5/8)"
I 41/a -3 2/d,530,16.0,b,0.32,"(1/8,1/8,1/8) (3/8,7/8,5/8) (7/8,5/8,3/8) (5/8,3/8,7/8) (7/8,7/8,7/8) (5/8,1/8,3/8) (1/8,3/8,5/8) (3/8,5/8,1/8)"
I 41/a -3 2/d,530,16.0,a,.-3.,"(0,0,0) (1/2,0,1/2) (0,1/2,1/2) (1/2,1/2,0) (3/4,1/4,1/4) (3/4,3/4,3/4) (1/4,1/4,3/4) (1/4,3/4,1/4)"
